id,split,text_group
1,train,our deeds are the reason of this hashtag earthquake may allah forgive us all
4,train,forest fire near la ronge sask. canada
5,holdout,all residents asked to 'shelter in place' are being notified by officers. no other evacuation or shelter in place orders are expected
6,val,"13,000 people receive hashtag wildfires evacuation orders in california"
7,val,just got sent this photo from ruby hashtag alaska as smoke from hashtag wildfires pours into a school
8,holdout,hashtag rockyfire update => california hwy. 20 closed in both directions due to lake county fire - hashtag cafire hashtag wildfires
10,train,"hashtag flood hashtag disaster heavy rain causes flash flooding of streets in manitou, colorado springs areas"
13,train,i'm on top of the hill and i can see a fire in the woods...
14,train,there's an emergency evacuation happening now in the building across the street
15,train,i'm afraid that the tornado is coming to our area...
16,train,three people died from the heat wave so far
17,train,haha south tampa is getting flooded hah- wait a second i live in south tampa what am i gonna do what am i gonna do fvck hashtag flooding
18,holdout,hashtag raining hashtag flooding hashtag florida hashtag tampabay hashtag tampa 18 or 19 days. i've lost count
19,val,hashtag flood in bago myanmar hashtag we arrived bago
20,train,damage to school bus on 80 in multi car crash hashtag breaking
23,holdout,what's up man?
24,train,i love fruits
25,train,summer is lovely
26,holdout,my car is so fast
28,train,what a goooooooaaaaaal!!!!!!
31,train,this is ridiculous....
32,train,london is cool ;)
33,holdout,love skiing
34,holdout,what a wonderful day!
36,train,looooool
37,train,no way...i can't eat that shit
38,holdout,was in nyc last week!
39,val,love my girlfriend
40,holdout,cooool :)
41,train,do you like pasta?
44,train,the end!
48,train,user wholesale markets ablaze url
49,train,we always try to bring the heavy. hashtag metal hashtag rt url
50,train,hashtag africanbaze: breaking news:nigeria flag set ablaze in aba. url
52,train,crying out for more! set me ablaze
53,train,on plus side look at the sky last night it was ablaze url
54,val,user hashtag mufc they've built so much hype around new acquisitions but i doubt they will set the epl ablaze this season.
55,train,inec office in abia set ablaze - url
56,val,barbados hashtag bridgetown jamaica ûò two cars set ablaze: santa cruz ûó head of the st elizabeth police superintende... url
57,train,ablaze for you lord :d
59,train,check these out: url url url url hashtag nsfw
61,train,on the outside you're ablaze and alive but you're dead inside
62,train,had an awesome time visiting the cfc head office the ancop site and ablaze. thanks to tita vida for taking care of us ??
63,train,soooo pumped for ablaze ???? user
64,val,i wanted to set chicago ablaze with my preaching... but not my hotel! url
65,train,i gained 3 followers in the last week. you? know your stats and grow with url
66,train,how the west was burned: thousands of wildfires ablaze in california alone url
67,train,building the perfect tracklist to life leave the streets ablaze
68,train,check these out: url url url url hashtag nsfw
71,train,first night with retainers in. it's quite weird. better get used to it; i have to wear them every single night for the next year at least.
73,train,deputies: man shot before brighton home set ablaze url
74,train,man wife get six years jail for setting ablaze niece url
76,train,santa cruz ûó head of the st elizabeth police superintendent lanford salmon has r ... - url url
77,train,police: arsonist deliberately set black church in north carolinaåêablaze url
78,train,noches el-bestia ' user : happy to see my teammates and training hard ?? goodnight gunners.?????? url
79,train,hashtag kurds trampling on turkmen flag later set it ablaze while others vandalized offices of turkmen front in hashtag diyala url
80,val,truck ablaze : r21. voortrekker ave. outside or tambo intl. cargo section. url
81,val,set our hearts ablaze and every city was a gift and every skyline was like a kiss upon the lips @û_ url
82,train,they sky was ablaze tonight in los angeles. i'm expecting ig and fb to be filled with sunset shots if i know my peeps!!
83,train,how the west was burned: thousands of wildfires ablaze in hashtag california alone url hashtag climate hashtag energy url
85,train,revel in yours wmv videos by means of mac farewell ablaze wmv en route to dvd: gtxrwm
86,train,progressive greetings! in about a month students would have set their pens ablaze in the torch publications'... url
89,train,rene ablaze & jacinta - secret 2k13 (fallen skies edit) - mar 30 2013 url
91,holdout,user steve these fires out here are something else! california is a tinderbox - and this clown was setting my 'hood ablaze user
92,train,hashtag nowplaying: rene ablaze & ian buff - magnitude url hashtag edm
93,train,user huge fire at wholesale markets ablaze url
95,train,user what time does your talk go until? i don't know if i can make it due to work.
96,holdout,'i can't have kids cuz i got in a bicycle accident & split my testicles. it's impossible for me to have kids' michael you are the father
97,train,accident on i-24 w hashtag nashvilletraffic. traffic moving 8m slower than usual. url
98,train,accident center lane blocked in hashtag santaclara on us-101 nb before great america pkwy hashtag bayarea hashtag traffic url
100,train,url had a hashtag personalinjury accident this summer? read our advice & see how a hashtag solicitor can help hashtag otleyhour
102,train,hashtag stlouis hashtag caraccidentlawyer speeding among top causes of teen accidents url url car accident teeû_
104,train,reported motor vehicle accident in curry on herman rd near stephenson involving an overturned vehicle. please use... url
105,train,bigrigradio live accident awareness
107,holdout,i-77 mile marker 31 south mooresville iredell vehicle accident ramp closed at 8/6 1:18 pm
109,train,rt user : sleeping pills double your risk of a car accident url
110,train,'by accident' they knew what was gon happen url
112,train,traffic accident n cabrillo hwy/magellan av mir (08/06/15 11:03:58)
113,holdout,i-77 mile marker 31 to 40 south mooresville iredell vehicle accident congestion at 8/6 1:18 pm
114,train,the pastor was not in the scene of the accident......who was the owner of the range rover ?
117,train,mom: 'we didn't get home as fast as we wished' me: 'why is that?' mom: 'there was an accident and some truck spilt mayonnaise all over ??????
118,holdout,i was in a horrible car accident this past sunday. i'm finally able to get around. thank you god??
119,val,can wait to see how pissed donnie is when i tell him i was in another accident??
120,val,hashtag truckcrash overturns on hashtag fortworth interstate url click here if you've been in a crash> url
121,val,accident in hashtag ashville on us 23 sb before sr 752 hashtag traffic url
126,holdout,carolina accident: motorcyclist dies in i-540 crash with car that crossed median: a motorcycle rider traveling... url
128,train,fyi cad:fyi: ;accident property damage;nhs;999 piner rd/horndale dr
129,val,rt naayf: first accident in years. turning onto chandanee magu from near mma. taxi rammed into me while i was halfway turned. everyone confû_
130,train,accident left lane blocked in hashtag manchester on rt 293 nb before eddy rd stop and go traffic back to nh-3a delay of 4 mins hashtag traffic
131,train,;accident property damage; piner rd/horndale dr
132,train,???? it was an accident url
133,train,fyi cad:fyi: ;accident property damage;wpd;1600 s 17th st
134,train,8/6/2015 user :09 pm: traffic accident no injury at 2781 willis foreman rd url
135,train,aashiqui actress anu aggarwal on her near-fatal accident url
136,train,suffield alberta accident url
137,train,9 mile backup on i-77 south...accident blocking the right 2 lanes at exit 31 langtree rd...consider nc 115 or nc 150 to nc 16 as alternate
138,train,has an accident changed your life? we will help you determine options that can financially support life care plans and on-going treatment.
139,holdout,hashtag breaking: there was a deadly motorcycle car accident that happened to hashtag hagerstown today. i'll have more details at 5 user . hashtag whag
141,train,user were you marinading it or was it an accident?
143,train,only had a car for not even a week and got in a fucking car accident .. mfs can't fucking drive .
144,holdout,. user hashtag bahrain police had previously died in a road accident they were not killed by explosion url
145,train,i still have not heard church leaders of kenya coming forward to comment on the accident issue and disciplinary measureshashtag arrestpastornganga
146,train,user scuf ps live and the game... cya
149,train,'the man who can drive himself further once the effort gets painful is the man who will win.' roger bannister
151,train,320 [ir] icemoon [aftershock] | url | user | hashtag dubstep hashtag trapmusic hashtag dnb hashtag edm hashtag dance hashtag icesû_ url
153,train,'there is no victory at bargain basement prices.' dwight david eisenhower
156,train,320 [ir] icemoon [aftershock] | url | user | hashtag dubstep hashtag trapmusic hashtag dnb hashtag edm hashtag dance hashtag icesû_ url
157,train,'nobody remembers who came in second.' charles schulz
158,val,user im speaking from someone that is using a scuf on xb1 most of them people will end up getting on for ps also.
159,val,'the harder the conflict the more glorious the triumph.' thomas paine
160,holdout,hashtag growingupspoiled going clay pigeon shooting and crying because of the 'aftershock'
161,train,so i guess no one actually wants any free aftershock tc.....
162,train,aftershock was the most terrifying best roller coaster i've ever been on. *disclaimer* i've been on very few.
163,train,aftershock url
164,train,320 [ir] icemoon [aftershock] | url | user | hashtag dubstep hashtag trapmusic hashtag dnb hashtag edm hashtag dance hashtag icesû_ url
165,train,320 [ir] icemoon [aftershock] | url | user | hashtag dubstep hashtag trapmusic hashtag dnb hashtag edm hashtag dance hashtag icesû_ url
168,train,320 [ir] icemoon [aftershock] | url | user | hashtag dubstep hashtag trapmusic hashtag dnb hashtag edm hashtag dance hashtag icesû_ url
170,holdout,user i'm seeing them and issues at aftershock ??
171,train,320 [ir] icemoon [aftershock] | url | user | hashtag dubstep hashtag trapmusic hashtag dnb hashtag edm hashtag dance hashtag icesû_ url
172,train,320 [ir] icemoon [aftershock] | url | user | hashtag dubstep hashtag trapmusic hashtag dnb hashtag edm hashtag dance hashtag icesû_ url
173,train,hashtag wisdomwed bonus - 5 minute daily habits that could really improve your life. how many do you already do? hashtag lifehacks url
174,val,aftershock: protect yourself and profit in the next global financial meltdown by david wiedemer http url
175,train,that moment when you get on a scary roller coaster and the guy behind you is just screaming bloody murder ?????? hashtag silverwood hashtag aftershock
176,train,aftershock ã¢ (2010) fullã¢ streaming - youtube url
178,val,>> $15 aftershock : protect yourself and profit in the next global financial... #hashtag book url user
180,train,sometimes you face difficulties not because you're doing something wrong but because you're doing something right. - joel osteen
182,val,'the only thing that stands between you and your dream is the will to try and the belief that it is actually possible.' - joel brown
183,train,praise god that we have ministry that tells it like it is!!! hashtag now hashtag wdyouth hashtag biblestudy url
184,val,'remembering that you are going to die is the best way i know to avoid the trap of thinking you have something to lose.' ûò steve jobs
185,train,tried orange aftershock today. my life will never be the same
187,train,user i love you bb
190,train,aftershock url
191,train,aftershock back to school kick off was great. i want to thank everyone for making it possible. what a great night.
193,val,people who say it cannot be done should not interrupt those who are doing it. ûò george bernard shaw
194,train,'the first man gets the oyster the second man gets the shell.' andrew carnegie
195,train,anyone need a p/u tonight? i play hybrid slayer ps4 eu. hmu user user user user user user
196,train,experts in france begin examining airplane debris found on reunion island: french air accident experts o... url hashtag news
197,holdout,strict liability in the context of an airplane accident: pilot error is a common component of most aviation cr... url
198,train,user your lifetime odds of dying from an airplane accident are 1 in 8015.
199,train,experts in france begin examining airplane debris found on reunion island: french air accident experts on wedn... url
201,holdout,user awwww they're on an airplane accident and they're gonna die what a cuties ???? good job!
203,holdout,family members of osama bin laden have died in an airplane accident how ironic ?????? mhmmm gov shit i suspect
204,train,man goes into airplane engine accident: url via user
205,train,horrible accident man died in wings of airplane (29-07-2015) url
208,holdout,a cessna airplane accident in ocampo coahuila mexico on july 29 2015 killed four men including a state of coahuila government official.
209,val,hashtag horrible hashtag accident man died in wings airplane (29-07-2015) hashtag watchthevideo url
210,train,experts in france begin examining airplane debris found on reunion island url french air accident experts on wednesdayû_
211,val,experts in france begin examining airplane debris found on reunion island: french air accident experts on wednesday began examining t...
212,train,hashtag kca hashtag votejkt48id mbataweel: hashtag rip hashtag binladen family members who killed in an airplane's accident
213,train,i almost sent my coworker nudes on accident thank god for airplane mode
215,train,user user that or they might be killed in an airplane accident in the night a car wreck! politics at it's best.
216,holdout,experts in france begin examining airplane debris found on reunion island: french air accident experts on... url hashtag mlb
218,val,this is unbelievably insane. hashtag man hashtag airport hashtag airplane hashtag aircraft hashtag aeroplane hashtag runway hashtag accident hashtag freakyû_ url
219,train,horrible accident | man died in wings of airplaneåê(29-07-2015) url
220,train,horrible accident man died in wings of airplane (29-07-2015) url
221,train,usama bin ladins family dead in airplane crash. naturally no accident.
222,train,pilot dies in plane crash at car festival url via user hashtag crash hashtag aircraft hashtag airplane hashtag pilot hashtag death hashtag accident hashtag carfest
225,holdout,strict liability in the context of an airplane accident - url
226,train,dtn brazil: experts in france begin examining airplane debris found on reunion island: french air accident exp... url
229,train,experts in france begin examining airplane debris found on reunion island: french air accident experts on wedn... url
231,train,horrible accident man died in wings of ûïairplaneû 29-07-2015. wtf you can't believe your eyes ûò... url
232,val,+ nicole fletcher one of a victim of crashed airplane few times ago. the accident left a little bit trauma for her. although she's +
235,train,omg horrible accident man died in wings of airplane. url
237,train,hashtag omg! i don't believe this. hashtag rip bro hashtag airplane hashtag accident hashtag jetengine hashtag turbojet hashtag boing hashtag g90 url
238,val,experts in france begin examining airplane debris found on reunion island: french air accident experts on wednesday began examining t...
240,train,i had a airplane accident.
241,train,my phone looks like it was in a car ship airplane accident. terrible
242,train,statistically i'm at more of risk of getting killed by a cop than i am of dying in an airplane accident.
243,val,airplane crashes on house in colombia 12 people die in accident url
244,val,the shooting or the airplane accident url
245,train,could a drone cause an airplane accident? pilots worried about use of drones esp. in close vicinity of airports url #
246,train,early wake up call from my sister begging me to come over & ride w/her in the ambulance to the hospital hashtag rodkiai
247,train,url twelve feared killed in pakistani air ambulance helicopter crash url
248,val,two air ambulances on scene of serious crash between two cars and lorry in ... - url url | hashtag emsneû_
249,train,twelve feared killed in pakistani air ambulance helicopter crash - reuters url hashtag yugvani
251,val,leading emergency services boss welcomes new ambulance charity url
252,holdout,anyone travelling aberystwyth-shrewsbury right now there's been an incident. services at a halt just outside shrews. ambulance on scene.
253,train,twelve feared killed in pakistani air ambulance helicopter crash url
254,train,ambulance sprinter automatic frontline vehicle choice of 14 lez compliant | ebay url
256,train,new nanotech device will be able to target and destroy blood clots url
258,val,user user user user it was hella crazy 3 fights an ambulance and a couple mosh pits ??
260,train,if i get run over by an ambulance am i lucky? hashtag justsaying hashtag randomthought
261,holdout,hashtag news twelve feared killed in pakistani air ambulance helicopter crash url hashtag til_now hashtag dna
262,train,url twelve feared killed in pakistani air ambulance helicopter crash url
263,train,user waiting for an ambulance
264,train,user you ok? need a ambulance. hahahah that was good! url
265,train,ambulance sprinter automatic frontline vehicle choice of 14 lez compliant | ebay url
266,train,pakistan air ambulance helicopter crash kills nine url
267,train,user user nissan are you ok do you need medical assistance i can call an ambulance if you need me to
268,holdout,ems1: ny emts petition for $17 per hour û÷minimum wage' url hashtag ems hashtag paramedics hashtag ambulance
269,train,url twelve feared killed in pakistani air ambulance helicopter crash url
270,train,twelve feared killed in pakistani air ambulance helicopter crash url
271,train,ambulance sprinter automatic frontline vehicle choice of 14 lez compliant | ebay url
272,train,ambulance sprinter automatic frontline vehicle choice of 14 lez compliant | ebay url
273,train,user check out what's in my parking lot!! he said that until last year it was an ambulance in st johns. url
274,train,when you don't know which way an ambulance is coming from <<
276,train,hashtag reuters twelve feared killed in pakistani air ambulance helicopter crash url
277,train,url twelve feared killed in pakistani air ambulance helicopter crash url
279,holdout,why is there an ambulance right outside my work
280,train,ûï user : this dog thinks he's an ambulance ?????? url
281,train,happening now - hatzolah ems ambulance responding with dual sirens andû_ url
283,train,url twelve feared killed in pakistani air ambulance helicopter crash url
285,train,url twelve feared killed in pakistani air ambulance helicopter crash url
287,train,twelve feared killed in pakistani air ambulance helicopter crash url hashtag worldnews
289,train,twelve feared killed in pakistani air ambulance helicopter crash url hashtag worldnews
290,train,what's the police or ambulance number in lesotho? any body know?
291,val,user user i am surprised we still cannot standardised the clinical practice across the 11 nhs ambulance trust.
293,train,url twelve feared killed in pakistani air ambulance helicopter crash url
294,val,people who try to j-walk while an ambulance is passing... i hate you.
296,train,the episode where trunks annihilated freiza is the cleanest shit ever. he showed that nigga no mercy.
297,val,they shall be annihilated and all of their petebests dessicated and laid bare. then you shall kneel before me.
298,val,uribe just annihilated that baseball. hashtag mets
299,holdout,user hey!sundowns were annihilated in their previous meeting with celtic.indeed its an improvement.
301,train,user user mizzou has annihilated florida the past 2 seasons even ended muschamp's career just can't compete with bama
302,holdout,annihilated abs . ?? url
303,train,be annihilated for status education mba on behalf of a on easy street careen: eovm url
307,train,*to luka* they should all die! all of them! everything annihilated! - alois trancy
309,holdout,user have a good un fella sorry i won't be there to get annihilated with you :(
310,holdout,cop pulls drunk driver to safety seconds before his car is hit by train. url url via user
312,train,you must be annihilated!
313,holdout,cop pulls drunk driver to safety seconds before his car is hit by train. url url via user
314,val,boom! your country was just entirely annihilated by a hû_ ûó britain url
315,val,user you would have been annihilated so you might as well thank user
316,val,one thing for sure-god has promised israel will not be annihilated. but...the horror of iran w/nukes. url
318,train,user i guess that's ok for armenians since we've spent most of our history getting annihilated
320,train,70 years since we annihilated 100000 people instantly and became aware that we have the ability to annihilate the whole of humanity
321,train,day 1 of tryouts went good minus the fact i stopped quickly to get a short ball and annihilated my toenail injury even more
322,train,during the 1960s the oryx a symbol of the arabian peninsula were annihilated by hunters. url url
327,train,(to luka) 'they should all die! all of them! everything annihilated!' - alois trancy -
328,holdout,ready to get annihilated for the bucs game
329,train,user user people 'annihilated by last nights weather'... really philip thought you would have forecast that...
330,train,domain other sophistication be annihilated closely up-to-the-minute feat: zrnf
331,train,user user i seen judas priest in 2005 when rob came back; scorpions as support. fucking annihilated the place. astonishing gig
332,train,officially skipping out on hashtag fantasticfour/hashtag fant4stic/whatever the hashtag is. it's getting annihilated in reviews. bummer.
334,train,user thus explaining why you were all annihilated. but the few or in this case you the only survivor evolved and became godlike
335,train,just completely annihilated cech with paul keegan what a time to be alive
336,train,user 'who then were annihilated by the legion itself. the survivors of the imperfect hybrid project quickly formed a new secret cell
337,train,user exactly. that's why the lesnar/cena match from summerslam last year was so great because brock annihilated a guy who's
338,holdout,cop pulls drunk driver to safety seconds before his car is hit by train. url url via user
340,train,annihilated in damascus: syrian army grinds û÷alloosh and his gang into the manure pile url
341,train,user ok i wasn't completely forthright i may have also been in a food coma bc of the kebab/tahini/pickles i also annihilated w/fries
344,train,a fun filled happy-hour at simmons bar in camden with this handsome one ?? (i got annihilated apart from this game) url
345,val,juanny beisbol sr. annihilated that ball. hashtag lgm
346,train,user hell is just a fraction of his belief of total annihilation destruction of usa user user
347,train,user maybe we should call israel and tell them we're sorry are pres has sold them down the river to annihilation.
348,val,evildead - annihilation of civilization url
349,train,u.s national park services tonto national forest: stop the annihilation of the salt river wild horse... url via user
352,train,annihilating quarterstaff of annihilation
353,train,world annihilation vs self transformation url aliens attack to exterminate humans url
354,train,:starmade: :stardate 3: :planetary annihilation:: url via user
355,train,u.s national park services tonto national forest: stop the annihilation of the salt river wild horse... url via user
356,train,u.s national park services tonto national forest: stop the annihilation of the salt river wild horse... url via user
358,train,user can you please sign and share this petition to save wild horses in arizona. url ????
360,train,u.s national park services tonto national forest: stop the annihilation of the salt river wild horse... url via user
361,train,user please check into salt river horses help stop the annihilation about to happen without 54000 more signatures.change .org thx
363,train,are souls punished withåêannihilation? url url
364,val,user user not to mention a major contributor to the annihilation of israel
365,val,user we need help! horses will die!please rt & sign petition!take a stand & be a voice for them! hashtag gilbert23 url
368,train,i reject the laws of the misguided false prophets imprison nations fueling self annihilation
370,train,u.s national park services tonto national forest: stop the annihilation of the salt river wild horse... url via user
371,train,the annihilation of jeb christie & kasich is less than 24 hours away.. please god allow me at least one more full day...
372,train,user we need help-horses will die! please rt & sign petition! take a stand & be a voice for them! hashtag gilbert23 url
375,val,user we need help! horses will die!please rt & sign petition!take a stand & be a voice for them! hashtag gilbert23 url
380,train,hey hashtag az: sign this petition to save the hashtag wildhorses @ hashtag tantonationalforest! a user sing-a-long is in order: url
381,train,stop the annihilation of the salt river wild horses! url via user
383,train,user and he's the current nova in the bookslast i checked..he was tied into the books in 2011 after rider died during annihilation
384,train,u.s national park services tonto national forest: stop the annihilation of the salt river wild horse... url via user
386,train,please sign & rt to save hashtag saltriverwildhorses url url
389,train,thanks!!!!! user dante. :) do join us by following the user zone. johnny.
390,train,world annihilation vs self transformation url aliens attack to exterminate humans url
393,train,u.s national park services tonto national forest: stop the annihilation of the salt river wild horse... url via user
394,train,u.s national park services tonto national forest: stop the annihilation of the salt river wild horse... url via user
396,train,i'm gonna fight taylor as soon as i get there.
397,val,ohh no fukurodani didn't survive the apocalypse bokuto feels horrible my poor boy my ppor child
398,train,will there be another jocelyn birthday apocalypse
401,train,rt: janenelson097: rt stephenscifi: adaptation watch: charlie human's apocalypse now now optioned for film hashtag sciencefiction û_
402,train,apocalypse please
404,holdout,another hour! it's august 05 2015 at 08:02pm here's red rover zombie apocalypse 2014! url hashtag internetradio hashtag collegeradiû_
406,train,user user i feel like me doing a pull-up is one of the stages of the apocalypse.
407,train,she's kinda hot played on the radio today. what's next? disease to all? the apocalypse has started everyone. be careful.
409,val,but if it's the apocalypse lol gf m8
410,holdout,i know it's a question of interpretation but this is a sign of the apocalypse. i called it url
412,train,julie + r is the apocalypse version of romeo + juliet hashtag warmbodies
413,val,the apocalypse is upon us
415,train,rt: fittscott: minecraft- night lucky block mod (bob apocalypse wither 2.0 & more!) mod showcase popularmmos: url viû_
418,holdout,and so it begins.. day one of the snow apocalypse
419,train,rt: our_mother_mary: short reading apocalypse 21:1023 in the spirit the angel took me to the top of an enormous high mountain and... û_
420,train,candylit: imagine sarumi in a zombie apocalypse fighting back to back heart to heart conversations over the... url
421,train,rt: zonewolf123: i liked a youtube video url minecraft: night lucky block mod (bob apocalypse wither 2.0 & more!) moû_
423,train,and that's because on my planet it's the lone audience of the apocalypse!
424,train,dad bought a dvd that looks like a science doc on the front but i read the back and it's actually about the impending biblical apocalypse
426,train,user it is indeed. if the apocalypse comes this week i know where i'll be :)
427,train,go look at grizzly peak right now... it looks like the beginning of an dystopian apocalypse movie
429,train,my niece just asked me 'would you be scared if there was an apocalypse here?' ????
432,holdout,there's a storm over cairo in the latest 'x-men apocalypse' set photo url via user
435,train,minecraft- night lucky block mod (bob apocalypse wither 2.0 & more!) mod showcase popularmmos: url via user
436,train,shot through the heart xv: you are going to totally give love a bad name with this heart pierc url url
437,train,rt: geek_apocalypse: 4pm gmt :hesse plays dark souls 2 day 9: url url hashtag etcpb
438,holdout,i know where to go when the zombies take over!! url
440,train,the latest from user reveals hashtag storm is a queen in hashtag apocalypse user user url
442,train,shadow boxing the apocalypse
443,train,short reading apocalypse 21:1023 in the spirit the angel took me to the top of an enormous high mountain and... url
444,train,enjoyed live-action attack on titan but every time i see posters i'm reminded how freshly clean and coiffed everyone is in the apocalypse.
445,train,i liked a user video url minecraft: night lucky block mod (bob apocalypse wither 2.0 & more!) mod showcase
446,train,hashtag pbban (temporary:300) avysss @'armageddon | do not kill | flags only | fast xp' for reason
447,train,hashtag pbban (temporary:300) russaky89 @'armageddon | do not kill | flags only | fast xp' for reason
448,train,((official vid)) hashtag doublecups >> url >> user prod user >> hashtag armageddon
450,train,ouvindo peace love & armageddon
451,train,best movie you've ever seen? - armageddon url
452,train,bed time. don't wake me up unless revolution or armageddon start.
453,train,red faction: armageddon (microsoft xbox 360 2011) - full read by ebay url url
454,train,user you already know how this shit goes. world series or armageddon.
455,train,rt user : hashtag love hashtag truelove hashtag romance lith hashtag voodoo hashtag seduction hashtag astrology hashtag rtrrt hashtag lotz 9-11 hashtag apocalypse hashtag armageddon hashtag 1008plaû_
456,train,//im gonna beat armageddon as hsu hao ???? just got a flawless on my first try
457,train,user ben affleck......i know there's a wife/kids and other girls but i can't help it. i've loved him since armageddon hashtag eonlinechat
459,train,'if i'd have had a long coat to hand i'd have worn it. the certainty of armageddon bears a sense of occasion.'
461,val,your phone is spying on you! hidden back door nsa data mining software | the financial armageddon blog url
462,holdout,hashtag pbban (temporary:300) hyider_ghost2 @'armageddon | do not kill | flags only | fast xp' for reason
463,train,rt user : hashtag love hashtag truelove hashtag romance lith hashtag voodoo hashtag seduction hashtag astrology hashtag rtrrt hashtag lotz 9-11 hashtag apocalypse hashtag armageddon hashtag 1008planetû_
465,train,hashtag pbban (temporary:300) fighterdena @'armageddon | do not kill | flags only | fast xp' for reason
466,train,photo: sketch i did based on the a taste of armageddon episode of hashtag startrek hashtag tos url
467,train,armageddon url
468,train,user user good luck to the ?????? tomorrow night get some coefficient points plz user ????
469,train,user armageddon
470,train,user you're another one for the history books! (thank the justice department!) and by the way i haven't paid income tax in 20yrs.
471,val,vladimir putin issues major warning but is it too late to escape armageddon? url
472,train,god's kingdom (heavenly gov't) will rule over all people on the earth after armageddon. url url
474,train,l b hashtag entertainment lot of 8 hashtag brucewillis movies hashtag dvd die hard 1 2 12 monkeys armageddon sixth hashtag ebay hashtag auction url
475,train,let's talk some more about your goof guild saunders. come right up here on stage. url
476,train,user my niece is gaining the ability to stand. i'm getting prepared for toddler apocalypse armageddon
477,train,check out hashtag preppers hashtag doomsday must have library collection on cd hashtag shtf hashtag preppertalk hashtag survival hashtag 2a hashtag prepper url via user
478,holdout,user again?? eep! thought of you yesterday when i saw that hella scary hail. hashtag armageddon?
479,holdout,so the ahamedis think the messiah had already come 125 years ago? where is armageddon? where is the dajaal? where is gog & magog?!
480,train,sadly how windows 10 reveals microsoft's ethics armageddon url
481,train,armageddon averted by el patron hashtag ultimalucha
482,train,user if you have the time (23 hours ??) the latest series about ww1 blueprint for armageddon is extremely impressive.
483,train,european fitba till christmas armageddon
484,train,hashtag christians united for hashtag israel (hashtag cufi): jews should convert soon or die by armageddon url hashtag us url
485,train,(official vid) > hashtag doublecups >> url >> user prod user >> hashtag armageddon .
486,val,tomorrow is the day we start armageddon hashtag preseasonworkouts ????
487,train,lee does comedy: ûï user : working class tories prepare for your armageddon. hashtag interestrateriseû
489,train,9 charts prove financial crisis part 2 has begun!: the financial armageddon economic collapse blog tracks tren... url
490,train,paul craig roberts ûò vladimir putin issues major warning but is it too late to escape a url hashtag brics hashtag roberts hashtag russia
492,train,user you're on stage now! right under the lights! isn't it funny?! where do you get the goofballs with which you staff your pd?
493,train,**official vid** hashtag thereal >>> url >>> user >>> hashtag armageddon comin soon!!
495,train,well done celtic fingers crossed for aberdeen tomorrow night! armageddon eh.... ??
496,train,beyonce is my pick for url fan army hashtag beyhive url 77
498,val,one direction is my pick for url fan army hashtag directioners url x1402
499,train,5 seconds of summer is my pick for url fan army hashtag 5sosfam url
501,train,22.beyonce is my pick for url fan army hashtag beyhive url
502,train,17.beyonce is my pick for url fan army hashtag beyhive url
503,train,one direction is my pick for url fan army hashtag directioners url x1411
504,train,seeing that army of whitewalkers was the very first thing that has slightly intrigued me on got so far
506,train,build your own kingdom and lead your army to victory! url start g this friend code: lzktjnox url
509,train,salvation army hosts rally to reconnect fathers with children: the salvation army is hosting a back to school rallyû_ url
512,holdout,vote for hashtag directioners vs hashtag queens in the 5th round of the user hashtag fanarmyfaceoff url
513,train,but if you build an army of 100 dogs and their leader is a lion all dogs will fight like a lion.
514,train,'show me a hero': tv review url url
516,train,one direction is my pick for url fan army hashtag directioners url x1392
517,train,infantry mens lume dial army analog quartz wrist watch sport blue nylon fabric - full reaû_ url url
518,train,one direction is my pick for url fan army hashtag directioners url x1441
519,train,victorinox swiss army date women's rubber mop watch 241487 url url
520,train,.: .: .: .: .: .: .: .: .: .: .: .: .: .: .: .: .: .: .: .: .: rt drayesha4: hashtag indiakomuntorjawabdo indian army kiû_ url
521,train,5 seconds of summer is my pick for url fan army hashtag 5sosfam url ìñ1
522,val,beyonce is my pick for url fan army hashtag beyhive url 78
523,holdout,one direction is my pick for url fan army hashtag directioners url x1386
524,train,you da one hashtag mtvsummerstar hashtag videoveranomtv hashtag mtvhottest britney spears lana del rey
526,train,one direction is my pick for url fan army hashtag directioners url
527,train,stony jackson is america's last hope as he leads an army of felons thus and army rejects against the army o satan - url
528,holdout,wwi wwii japanese army navy military japan leather watch war mido ww1 2 - full read by ebay url url
530,train,beyonce is my pick for url fan army hashtag beyhive url 72
531,train,7.beyonce is my pick for url fan army hashtag beyhive url
533,train,beyonce is my pick for url fan army hashtag beyhive url 66
535,holdout,6.beyonce is my pick for url fan army hashtag beyhive url
536,train,potus appoints brig. gen. richard g. kaiser as member of the mississippi river commission. learn more about the mrc: url
538,val,user what a violent country get the army involved to help control the killings and bring back peace to the poor people.
540,holdout,wwi wwii japanese army navy military japan leather watch war mido ww1 2 - full read by ebay url url
542,holdout,wwi wwii japanese army navy military japan leather watch war mido ww1 2 - full read by ebay url url
543,train,one direction is my pick for url fan army hashtag directioners url x1434
544,train,one direction is my pick for url fan army hashtag directioners url
546,train,two jewish terrorists charged in historic-church arson | the ugly truth url url
550,train,spokane authorities say they're struggling to solve arson cases like today's on hamilton. url url
551,holdout,thousands attend a rally organized by peace now protesting the arson attack that took the life of an url
552,train,add familia to the arson squad.
556,val,another fake hate crime lesbians burn their own house down. what else is new : url
558,train,los angeles times: arson suspect linked to 30 fires caught in northern ... - url hashtag newsintweets url
559,train,mourning notices for stabbing arson victims stir û÷politics of grief' in israel url
560,train,mourning notices for stabbing arson victims stir û÷politics of grief' in israel url
561,holdout,the sound of arson
563,train,owner of chicago-area gay bar admits to arson scheme url hashtag lgbt | url
564,train,wait what??? url url
565,train,arson suspect linked to 30 fires caught in northern california url
567,train,trial date set for man charged with arson burglary url
568,holdout,after death of palestinian toddler in arson attack israel cracks down on jewish
569,train,palestinian teen killed amid protests against arson attack url
570,val,hashtag kisii police in kisii hunt for students over failed arson plot: police in kisii hunt for students... url hashtag countynews
571,holdout,mariah getting thick in the shoulders poor girl.
574,val,mourning notices for stabbing arson victims stir û÷politics of grief' in israel: posters for shira banki and a... url
575,train,relaxinpr: miprv: rt latimes: arson suspect linked to 30 fires caught in northern california url
576,train,jewish leaders prayed at the hospital where a palestinian family is being treated after arson url via user
577,holdout,owner of chicago-area gay bar admits to arson scheme url via user hashtag lgbt
578,train,user angel or arson
579,val,hashtag kisii police in kisii hunt for students over failed arson plot: police in kisii hunt for students... url hashtag countynews
580,train,mourning notices for stabbing arson victims stir û÷politics of grief' in israel url
581,train,owner of chicago-area gay bar admits to arson scheme url via user hashtag lgbt | url
583,train,owner of chicago-area gay bar admits to arson scheme url hashtag lgbt | url
584,train,mourning notices for stabbing arson victims stir û÷politics of grief' in israel url
585,holdout,owner of chicago-area gay bar admits to arson scheme url hashtag lgbt
588,train,arson suspect linked to 30 fires caught in northern california url (via user )
589,train,tennessee lesbian couple faked hate crime and destroyed own home with arsonû_ url hashtag lesbian
592,train,arson suspect linked to 30 fires caught in northern california - los angeles times url
594,train,arson suspect linked to 30 fires caught in northern california url
598,train,user user i hate white people mo
599,train,hashtag nowplaying arsonist mc - so impressed - user url
600,train,alleged east bay serial arsonist arrested url
603,train,user just a minor citation for possesion of a decriminalized substance im not facing any time
604,train,suspected serial arsonist arrested in calif. url
606,train,arson suspect linked to 30 fires caught in northern california url
607,train,user user the legal system never forgets
608,holdout,user u on dick
609,train,bloor/ossington arsonist also burned a mattress on northumberland st hashtag cbcto url
611,train,'where's my arsonist at???'
612,train,if you don't have anything nice to say you can come sit with me.
613,val,hashtag vegetarian hashtag vegan video shows arsonist torching popular bk restaurant strictly vegetarian... url hashtag govegan hashtag uniteblue
614,train,hashtag arsonist arrested for setting many fires. watch tonight's other hashtag headlines: url hashtag nightbeat user hashtag 2minutemix
615,train,video captures man removing american flag from long beach ca home burning it; arsonist sought url url
617,holdout,user my trick is to think about nasty things
619,holdout,hashtag spotlight take me to paradise by arsonist mc hashtag wniagospel url user url
621,holdout,who makes these? url
622,val,on town of salem i just melted ice cube bc im the arsonist :d
623,holdout,arsonists being blamed for a blaze at a plastics recycling business in adelaide | user reports. hashtag 7newsadl url
624,holdout,i be on that hotboy shit
625,val,zodiac girl feat trey dupree (produced by sparkz beatz) | chuck da arsonist url
628,holdout,user lmfao
630,holdout,alleged east bay serial arsonist arrested hashtag sanfrancisco - url
631,val,user user im jokin still cant be on moves:/
633,train,user i guess u can say that it's just some shit i was thinking about
635,train,arsonist sets nyc vegetarian restaurant on fire: police hashtag newyork - url
636,train,i liked a user video from user url town of salem | how to win as the arsonist
637,val,user user whats cracking cuz
638,train,smoke good fuck eat drink drive nice car wear all green mink
640,train,kill i got court the day after earl
641,train,user lmao but real live you should go
642,train,owner of chicago-area gay bar admits to arson scheme: frank elliott pleaded guilty to hiring an arsonist to to... url
643,train,trusting iran to stop terrorism is like inviting an arsonist to join the fire brigade - telegraph url
644,val,big top burning the true story of an arsonist a missing girl û_ : url .
646,train,stay vigilent. civil liberties are under constant attack. hashtag nativehuman hashtag myreligion url
649,holdout,credit to user for inspiring me to rediscover this fantabulous hashtag tbt url
651,train,url nashville theater attack: will gun grabbers now demand ûïhatchet control?û
652,train,breaking: terror attack on police post hashtag udhampur
653,train,demi stans really think heart attack sold 5/6 million copies ??
654,train,it scares me that there's new versions of nuclear attack warnings like just knowing that governments still prepare for them
655,train,isil claims suicide bombing at saudi mosque that killed at least 15 url url
656,train,user the funniest part about that twitter is the feminists that try to attack it 4head
657,val,horrific attack on wife by muslim in italy url liveleak hashtag news
658,train,'93 blasts accused yeda yakub dies in karachi of heart attack url hashtag mumbai
659,val,user us drone attack kills 4-suspected militants in north waziristan user url
660,train,suspect in latest theater attack had psychological issues url
661,train,militants attack police post in udhampur; 2 spos injured | livemint url | url hashtag allthenews
662,train,breaking: obama officials gave muslim terrorist the weapon used in texas attack url
664,holdout,delhi government to provide free treatment to acid attack victims in private hospitals url
665,train,new post from user url new smb relay attack steals user credentials over internet
667,train,israeli forces raid home of alleged car attack suspect url hashtag palestine
669,val,just had a heart attack because i thought my goat was dead. ???? don't worry rocket is okay. ??
671,train,i'm not gonna lie i'm kinda ready to attack my senior year ??????????
672,train,'left hand side of a diamond is a graveyard shift have to attack and defend' the right handside no have to do that too you fucking idiot?
674,holdout,hashtag volleyball attack ii volleyball training machine - sets simulation - url url
675,train,notley's tactful yet very direct response to harper's attack on alberta's gov't. hell yeah premier! url hashtag ableg hashtag cdnpoli
677,val,police: assailant in latest us movie theatre attack was homeless had psychological issues url
679,train,user thanks for the damn heart attack
680,train,suspect in latest us theatre attack had psychological issues url url
681,val,india shud not give any evidence 2 pak.they will share with terrorists & use for next attack.share with oth contries url
682,train,illegal alien released by obama/dhs 4 times charged with rape & murder of santa maria ca woman had prior offenses url
683,val,strongly condemn attack on ary news team in karachi. a cowardly act against those simply trying to do their job!
684,train,nashville theater attack: will gun grabbers now demand ûïhatchet control?û url
685,train,the fact that the atomic bombs were called 'little boy' and 'fat man' says a lot about the mentality that went into the attack.
686,train,user not everyone can see ignoranceshe is latinoand that is all she can ever benothing morebut an attack dog 4 a hate group gop
687,train,heart disease prevention: what about secondhand smoke? url
688,train,a dayton-area org tells me it was hit by a cyber attack: url
689,train,attack on titan game on ps vita yay! can't wait for 2016
690,holdout,[infowars] nashville theater attack: will gun grabbers now demand ûïhatchet control?û url hashtag nwo
691,train,anxiety attack ??
697,train,my dog attacked me for my food hashtag pugprobs
699,train,cop injured in gunfight as militants attack udhampur police post: suspected militants attacked a police post i... url
700,train,user user user user i asked how did he feel attacked by julie. i asked if he was frail. that is all.
702,train,user i feel attacked
704,train,i'm feeling so attacked url
705,train,once again black men didn't make it that way. white men did so why are black men getting attacked url
706,train,i cant believe a fucking cis female is going to somehow claim to be offended over a transgendered female who's been attacked by media
709,train,israeli helicopters that attacked civilians in gaza just completed exercises in greece.
710,train,christian attacked by muslims at the temple mount after waving israeli flag via pamela geller - ... url
712,train,christian attacked by muslims at the temple mount after waving israeli flag via pamela geller - ... url
713,train,christian attacked by muslims at the temple mount after waving israeli flag via pamela geller - ... url
714,train,hashtag pt: the unit attacked by is was responsible for targeting muslim scholars and imprisoning the youth. url
716,train,telnet attacked from 124.13.172.40 (streamyx-home-southern my)
717,train,christian attacked by muslims at the temple mount after waving israeli flag via pamela geller - ... url
719,train,hashtag tbt remember that time patrick kane attacked a cab driver over .20
720,holdout,im feeling attacked url
721,train,ik only troll his pol rivals never literally abused them or attacked their families. while all of them literally abuse ik. loosers
724,train,christian attacked by muslims at the temple mount after waving israeli flag via pamela geller - ... url
725,train,christian attacked by muslims at the temple mount after waving israeli flag via pamela geller - ... url
726,train,user user user user why am i the worst person? questioning how julie attacked him? do you guys have no empathy?
727,train,kelly osbourne attacked for racist donald trump remark about latinos on the view url
728,train,user aiii she needs to chill and answer calmly its not like she's being attacked
729,train,christian attacked by muslims at the temple mount after waving israeli flag via pamela geller - ... url
730,train,christian attacked by muslims at the temple mount after waving israeli flag via pamela geller - ... url
731,train,christian attacked by muslims at the temple mount after waving israeli flag via pamela geller - ... url
732,train,i attacked robot-lvl 19 and i've earned a total of 6615434 free satoshis! url hashtag robotcoingame hashtag bitcoin hashtag freebitcoin
734,train,christian attacked by muslims at the temple mount after waving israeli flag via pamela geller - ... url
735,train,user user i just saw these tweets and i feel really attacked
736,train,christian attacked by muslims at the temple mount after waving israeli flag via pamela geller - ... url
737,train,christian attacked by muslims at the temple mount after waving israeli flag via pamela geller - ... url
738,train,christian attacked by muslims at the temple mount after waving israeli flag via pamela geller - ... url
739,train,tv program i saw said us air plane flew to uranium mine in fukushima and attacked by machine gun when student army were digging it.
740,train,christian attacked by muslims at the temple mount after waving israeli flag via pamela geller - ... url
744,holdout,user < things. and what if we get attacked?
745,train,christian attacked by muslims at the temple mount after waving israeli flag via pamela geller - ... url
746,val,hashtag welovela hashtag nhlducks avalanche defense: how they match vs st. louis blues url hashtag sportsroadhouse
748,train,i liked a user video url kalle mattson - 'avalanche' (official video)
751,train,we'll crash down like an avalanche
752,train,hashtag colorado hashtag avalanche men's official colorado avalanche reebok t-shirt xl blue 100% cotton url hashtag nhl hashtag hockey
753,holdout,2 tix 10/3 frozen fury xvii: los angeles kings v avalanche 103 row:aa mgm grand url
754,train,i bet you didnt know i kick box too! url
755,train,a little piece i wrote for the avalanche designs blog! i'd appreciate it greatly if you checked it out :-) url
758,val,patrick roy 1998-99 upper deck spx hashtag 171 finite 1620 made colorado avalanche mint url url
759,holdout,musician kalle mattson recreates 34 classic album covers in clever music video for 'avalanche' url
761,train,beautiful sweet avalanche faith and akito roses with lots of frothy gyp. url hashtag weddinghour url
762,train,1-6 tix calgary flames vs col avalanche preseason 9/29 scotiabank saddledome url
763,val,secrets up avalanche: catechize inner self for the confidential communication as respects creating worth in len...
767,holdout,the fall of leaves from a poplar is as fully ordained as the tumbling of an avalanche - spurgeon
770,train,i saw two great punk bands making original music last week. check em out here!! user user url
773,train,great performance chip fuel/gas saver chevy tahoe/blazer/avalanche/s-10 url url
774,train,musician kalle mattson recreates 34 classic album covers in clever music video for û÷avalanche' url
775,train,driving the avalanche after having my car for a week is like driving a tank
777,train,free ebay sniping rt? url chevrolet : avalanche ltz lifted 4x4 truck ?please favorite & share
779,train,chiasson sens can't come to deal hashtag coloradoavalanche hashtag avalanche url url
781,holdout,paul rudd emile hirsch david gordon green 'prince avalanche' q&a | filmmakers at google url hashtag entretenimento hashtag video
782,train,great one time deal on all avalanche music and with purchase get a neal rigga shirt url
783,val,. user was drafted by the user in 2005 (rd. 4 hashtag 124) overall. played last season in user . url
784,train,i have got more videos than you rappers got songs! url
786,val,user yo flex im here url
787,train,you are the avalanche. one world away. my make believing. while i'm wide awake.
788,train,the possible new jerseys for the avalanche next year. ???? url
790,train,what a feat! watch the hashtag bts of user 's incredible music video for hashtag avalanche: url ????
791,val,avalanche city - sunset url hashtag nowplay hashtag listen hashtag radio
794,train,chevrolet : avalanche lt 2011 lt used 5.3 l v 8 16 v automatic 4 wd pickup truck premium bû_ url url
795,train,no snowflake in an avalanche ever feels responsible.
796,train,star wars power of the jedi collection 1 battle droid hasbro - full read by ebay url url
797,train,civil war general battle bull run hero colonel 2nd new hampshire letter signed ! url url
798,holdout,dragon ball z: battle of gods (2014) - rotten tomatoes url via user
799,train,i added a video to a user playlist url world of tanks - battle assistant mod bat chat arti kaboom
800,train,ya boy clip vs 4kus full battle user user user user user user url
801,train,indeed!! i am fully aware of that battle! i support you in that fight!! url
802,train,it's baaaack! petersen's bowhunting battle of the bows. make sure you head on over and cast your vote for your... url
803,train,hashtag tb hashtag throwback ?? ??~ you want a battle? here's a war! ~ ?? url
804,train,kelby tomlinson mild-mannered 2nd baseman for a great metropolitan team fights a never-ending battle for hits rbi and the hashtag sfgiants way.
805,holdout,black eye 9: a space battle occurred at star m27329 involving 1 fleets totaling 1236 ships with 7 destroyed
806,train,what really happened in the taken king story trailer. a space battle that ripped a hole in saturn. user user url
807,train,these after battle animations are so fucking much
808,val,see what happens with no battle of the block user !?! ???? finally
809,val,hashtag du19 who gon get in this rap battle with me
810,train,do your own thing: the battle of internal vs external motivation: url
812,train,check out this item i just got! [phantasmal cummerbund] url hashtag warcraft
814,train,a young german stormtrooper engaged in the battle of the somme 1916. [800 ìñ 582 ] url
815,holdout,i liked a user video url marvel vs dc (avengers battle!)
817,train,user sigh daily battle.
818,train,user i've come to the realization that i just don't have the attention span for mass battle games. both painting and playing.
819,train,user interested to see who will win this battle
820,val,battle of the goats url
822,train,star wars power of the jedi collection 1 battle droid hasbro - full read by ebay url url
823,train,black eye 9: a space battle occurred at star o784 involving 2 fleets totaling 4103 ships with 50 destroyed
826,train,hashtag lonepine remembered around australia as 'descendants' grow via user hashtag gallipoli hashtag ww1 url url
828,train,how did i miss that gary busey's son plays dixie on his electronic green fiddle during the post-battle celebration sequence
829,train,news: fedex no longer to transport bioterror germs in wake of anthrax lab mishaps url
832,train,fedex no longer will transport bioterror germs url via user
833,holdout,usa today: . user will no longer to transport bioterror pathogens after ... - url hashtag newsintweets url
834,train,fedex no longer to transport bioterror germs in wake of anthrax lab mishaps url via user
835,val,jacksonville busines fedex stops shipping potential bioterror pathogens url
836,holdout,fedex will no longer transport bioterror pathogens in wake of anthrax lab mishaps url
837,holdout,. user responds: fedex no longer to transport bioterror germs in wake of anthrax lab mishaps url
838,train,hashtag news fedex no longer to transport bioterror germs in wake of anthrax lab mishaps (say what?): åêfedex no... url hashtag tcot
840,holdout,fedex to stop transporting bioterror germs after lab mishaps: fedex has stopped transporting certain research ... url
841,holdout,fedex no longer will ship potential bioterror pathogens url via user
842,train,hashtag frontpage: hashtag bioterror lab faced secret sanctions. hashtag rickperry doesn't make the cut for user hashtag gopdebate url user
843,train,fedex no longer to transport bioterror germs in wake of anthrax lab mishaps url via user
845,train,house energy &amp; commerce subcommittee to hold 7/28 hearing of cdc oversight of bioterror labs army anthrax mishaps. httû_
846,holdout,fedex not willing to transport research specimens of potential bioterror pathogens in wake of anthrax lab mishaps url
848,holdout,hashtag world fedex no longer to transport bioterror germs in wake of anthrax lab mishaps url
849,holdout,fedex no longer to transport bioterror germs in wake of anthrax lab mishaps url hashtag news hashtag phone hashtag apple hashtag mobile
851,train,rt alisonannyoung: exclusive: fedex no longer to transport research specimens of bioterror pathogens in wake of anthrax lab mishaps û_
852,holdout,hmm...this could be problem for some researchers: fedex no longer to transport select agents url via user
853,holdout,hashtag world fedex no longer to transport bioterror germs in wake of anthrax lab mishaps url
856,train,fedex no longer to transport bioterror germs in wake of anthrax lab mishaps url
857,train,fedex no longer will ship potential bioterror pathogens - fedex corp. (nyse: fdx) will no longer deliver packages ... url
859,train,fedex no longer will ship potential bioterror pathogens - atlanta business chronicle url
860,train,thank you user for no longer shipping live microbes for the department of defense url
863,holdout,hashtag nowplaying at hashtag orchardalley in hashtag les of hashtag nyc 'bioterror- manufactured fear and state repression' user hashtag gardens url
864,train,fedex no longer will transport bioterror germs url via user
866,train,[jax biz journal] fedex stops shipping potential bioterror pathogens url
867,train,usatoday: on today's hashtag frontpage: hashtag bioterror lab faced secret sanctions. hashtag rickperry doesn't make the cut for foxnewû_ url
868,train,hashtag breakingnews url fedex no longer willing to transport research specimens of potential bioterû_ url
870,train,fedex no longer to transport bioterror germs in wake of anthrax lab mishaps url via user
871,train,fedex stops shipping potential bioterror pathogens url hashtag trucking
872,train,fedex no longer to transport bioterror germs in wake of anthrax lab mishaps url
873,train,hashtag fedex no longer to transport bioterror germs in wake of anthrax lab mishaps url
874,holdout,fedex no longer shipping bioterror germs - wxia-tv | user url
875,train,fedex no longer to transport bioterror germs in wake of anthrax lab mishaps url
876,train,usatoday: on today's hashtag frontpage: hashtag bioterror lab faced secret sanctions. hashtag rickperry doesn't make the cut for foxnewû_ url
877,train,fedex no longer to transport bioterror germs in wake of anthrax lab mishaps url via user
878,holdout,biolab safety concerns grow: fedex stops transporting certain specimens. research facilities 'dumbfounded' by action. url
881,train,to fight bioterrorism sir.
882,val,i liked a user video url fema region iii targeted for bioterrorism !!! nasa - japan rocket launch with lithium
883,train,hashtag anthrax hashtag bioterrorism cdc to carry out extensive review of lab safety and pathogen handling procedures url
884,train,firepower in the lab [electronic resource] : automation in the fight against infectious diseases and bioterrorism /û_ url
885,train,user if 90blks&8whts colluded 2 take wht f user auth hostage&2 make her look blk w/bioterrorism&use her lgl/org idis id still hers? user
886,holdout,user does that 'great iran deal' cover bioterrorism? you got cut off terrible of them. keep up the good work.
888,train,a tale of two pox - body horrors url hashtag virus hashtag infectiousdiseases hashtag bioterrorism
890,train,bioterrorism public health superbug biolabs epidemics biosurveillance outbreaks | homeland security news wire url
891,holdout,creation of ai climate change bioterrorism mass automation of workforce contact with other life wealth inequality yea we've got it easy
892,holdout,in lies we trust hashtag dvd cia hollywood and bioterrorism len horowitz vaccines nwo url url
893,train,user satan's daughter shadow warrior in 50ft women aka transgender mode ps nyc is about to fold extra extra center of bioterrorism
894,train,user yes. i would think not. but since college 88-92 it's been difficult not to think of bioterrorism esp. bc 'dispersed.'
895,holdout,volunteers needed to participate in emergency preparedness drill simulating a bioterrorism disaster: url user
896,train,user user user of a major american newspaper running a series on all the alleged bioterrorism research going on 2/n
898,train,to fight bioterrorism sir.
899,train,cdc has a pretty cool list of all bioterrorism agents :3
902,holdout,government experts concerned about possible bioterrorism using gm organisms: scientists are concerned that the... url
903,train,does this prepare us? hhs selects 9 regional special hashtag pathogen treatment centers hashtag bioterrorism hashtag infectious hashtag ebola url
905,train,user any support sys 4 user auth taken hostage by blk us clergyforced 2 exist younger&grossly disfigured by bioterrorism? user
906,train,70 won 70...& some think possibility of my full transformation is impossible. i don't quite like medical mysteries. bioterrorism sucks.
907,train,to fight bioterrorism sir.
911,train,how about a book describing the future of therapies technologies sport sexuality bioterrorism and diagnosis? hashtag digitalhealth hashtag hcsm
912,train,user w/ugliness due 2 your 'ugly' user frat's bioterrorismi'm she who's user id u $tolewant'g another in my home. user
915,train,user if 90blks&8whts colluded 2 take wht f user auth hostage&2 make her look blk w/bioterrorism&use her lgl/org idis id still hers?
916,train,to fight bioterrorism sir.
919,train,user if 90blks&8whts colluded 2 take wht f user auth hostage&2 make her look blk w/bioterrorism&use her lgl/org idis id still hers?
921,holdout,user 74/75 bioterrorism on ' user / user 'heiress 2 evade lgl efforts 2 prosecute blks 4 user kidnap'g. user
923,val,the hashtag irandeal only covers nuclear activity. what are they doing about bioterrorism? iran has broken at least 27 other agreements.
926,holdout,the threat | anthrax | cdc url via user
928,train,hashtag bioterrorism authorities allay hashtag glanders fears ahead of rio olympic equestrian test event url via user
929,holdout,user craving u
930,train,i've been by the pool all day hashtag raisinfingers
931,val,do you know anyone looking to move to hammond or? share this listing! url
932,train,life is amazin same time its crazy niggas dey wanna blaze me hate it because i made it all it took was dedication n some motivation
934,holdout,blaze is my bro url
935,holdout,user yes i love it
936,train,see a virtual tour of one of our listings on 547 fir st cannon beach or listed by dorrie caruana. url
938,train,pendleton media office said only fire on base right now is the horno blaze.
939,train,welcome user user user user user hashtag family hashtag cleveland hashtag standup user url
940,holdout,love living on my own. i can blaze inside my apt or on the balcony
941,train,user alrighty hit me up and we'll blaze!!
942,train,i blaze jays fuck the dutch slave trade.
944,train,my hair is poverty at the moment need to get a fade before the weekend gets here
945,train,property losses from california wildfire nearly double as week-old blaze rages url
946,train,hashtag breaking firefighters battling blaze at east cary condo building url
947,train,niggas love hating.
948,train,user don't be like that babes <3 you'll have a ball of fun with me at lan! :)
951,train,i liked a user video from user url minecraft skywars - o blaze que usa hack e flechadas sinistras!
952,holdout,what dems do. blaze covered months ago.chicago police detained thousands of black americans at interrogation facility url
953,train,yo i got bars and i'm not even a rapper
955,train,ugh y did blaze put the calories by their pizzas? ok cool hashtag thisispublichealth
956,train,pic of me and blaze in a fort when we were kids i look like a jackass stuffin my face like that ?????? url
957,train,looks like a year of writing and computers is ahead. url
958,train,user just letting you know
959,train,user i'm mad 420 in your name & you don't blaze.
960,train,user yeah i know but blaze blue dont have a twitter lol i drew this a few weeks ago url
961,train,hashtag socialmedia news - new facebook page features seek to help personalize the customer experience url
962,train,user shout out blaze the hottest dj in the sothwest
963,train,i liked a user video url minecraft: episode 2 'blaze farm beginnings!'
964,train,property losses from hashtag california wildfire nearly double as week-old blaze rages: the fireû_ url
965,train,user not in the works yet. did you see the new vela short in blaze? url
968,train,user user total tweet fail! you are so beautiful inside and out blaze on!
971,train,the mixtape is coming i promise. we goin in right now url
972,train,user user user huh?? me you and leo started that last year and ever since people blaze it in the back??
974,val,3 bedrooms 1 baths for sale in 29 palms ca. ( url (youtube video:... url
976,train,?? yes i do have 2 guns ?? ??
977,train,user daem girl smooth asf c: ?
978,train,url hashtag artisteoftheweekfact say hashtag conversations by hashtag coast2coastdjs agree user 's hashtag jiwonle is a hashtag hiphop hashtag clubbanger
979,train,bright & blazing fireman birthday party url hashtag weddings
981,holdout,real vibez radio - blazing the best vibez!!! url hashtag nowplaying hashtag listenlive
982,train,montgomery come for the blazing hot weather...stay for the stds. yet another rejected city slogan.
983,train,come and join us tomorrow! august 7 2015 at transcend:blazing the trail to the diversified world of marketing... url
984,train,morgan silver dollar 1880 s gem bu dmpl cameo rev blazing ms+++++ high grade! - full read û_ url url
985,train,morgan silver dollar 1880 s gem bu dmpl cameo rev blazing ms+++++ high grade! - full read û_ url url
986,train,this bowl got me thinking... damn i've been blazing for so damn long
987,train,user user he's blazing through this game with the best stealth skills yet. nothing beats the silenced m4.
990,train,bit pacquiao vs marquez 3 unfilled blazing swarm online: durvod url
991,train,turn on your radios hashtag stoponesounds is live on your hashtag airwaves url & 107.9 fm user user blazing all your hits
992,holdout,user i have a 32 inch dynasty
993,holdout,i'm the only weapons master here! let's go in guns blazing! hashtag hinatobot
994,train,user user user user not really. sadly i have come to expect that from obama.
996,train,shouout to user cause her vocals are blazing hot like the weather shes in
997,holdout,s3xleak!!! ph0tos of 19yrs old ash user lady in festac town from delta exp0sed on bbm 5 leaked pictures... url
998,train,oh my heart racing and my temperature is blazing through the roof hashtag videoveranomtv fifth harmony
999,train,user user haha love this??
1001,train,user colorado is a spanish word ([latin origin] meaning 'reddish' or 'colored') all you dummies are pronouncing it wrong!!!
1002,train,why some traffic is freezing cold and some blazing hot ûò and how to heat up some of your traffic url
1004,train,i'm crazy enough to run in 95 degree mid-day heat under the blazing sun in a place where i'm notû_ url
1005,train,i'm blazing rn and there's nothing you can do to stop me
1006,holdout,still blazing ????
1008,train,user thanks! i sweat bullets every time i get in with this blazing sun beating down on me.
1009,val,user no he was blazing it
1010,train,user your 'lost for words' made me a new fan of yours fam. crazy skills beyond blessed! keep blazing dude made love and respect!
1015,train,**let - me - be - your - hot - blazing - fantasy** hashtag escorts hashtag gfe hashtag dubai url
1017,train,user why thank you there missy ?? thought it suited the blazing hot summertime ?? yee-haw! ??
1018,holdout,user magical bag of blazing
1020,train,the blazing elwoods user - don't bother me (doug's song) -tune url
1021,train,morgan silver dollar 1921 p ch gem bu pl blazing ms++++++ satin rare proof like! - full reû_ url url
1022,holdout,blazing hot! etisalat free mb for complete 12 months: etisalat is giving out 100mb on tecno q1 here is the ime... url
1023,train,user user i want a full on bitch slapping guns blazing cake throwing charles showdown!! now that will be worth the wait ????
1024,train,follow user and check out his hit single 'unpacked' man its blazing!!!
1026,train,i still don't know how 8 hours of physical activity in the blazing sun isn't a sport.
1029,train,ways so archetype a bleeding well-grounded readiness: fpoj url
1031,train,threw a chicken nugget at my sisters lip and now it's bleeding??
1032,train,you could slit my throat and i'd apologize for bleeding on you
1035,holdout,joe landolina: this gel can make you stop bleeding instantly url hashtag arizona hashtag realestate url
1036,train,now my nose is bleeding. the last one was like 10 years ago
1037,train,i have been bleeding into this typewriter all day but so far all i've written is a bunch of gunk.
1038,train,user i can't help it. hope you're ok. text me if you need to talk. sending hugs your way. ps no bleeding to death allowed
1040,train,you can stab me in the back but i promise you'll be the one bleeding
1041,train,apparently if you're bleeding people look at you weird lol well it's fine keep walking
1042,val,eating takis then rubbing my eyes with my hands now my eyes are bleeding tears
1043,train,user yea heard about that..not coming out until 2017 and 2019 ?????? vampiro is bleeding
1044,train,user did that look broken or bleeding?
1045,train,i hit my foot now my toe is bleeding ??
1048,train,user as long as i see madara bleeding i'm good ??
1049,train,keep thinking about it until i stepped on a broken glass pun tak sedar and i don't feel the pain also it's bleeding. shit
1050,train,my ears are bleeding url
1051,val,i waited 2.5 hours to get a cab my feet are bleeding
1052,train,it's not a cute dinner date til cams nose starts bleeding
1054,holdout,user head up like yo nose bleeding
1057,val,i've been bleeding in your silence i feel safer in your violence .
1058,train,user i fell off someone's back and hit my head on concrete /: i was bleeding n shit
1061,train,user yes i'm a bleeding heart liberal.
1062,train,deadpool is already one of my favourite marvel characters and all i know is he wears a red suit so the bad guys can't tell if he's bleeding
1065,train,user i defs will when it stops bleeding!
1066,train,user we know who u are you're a bleeding heart wannabe pickup artist
1067,train,user awesome!! i saw he was bleeding pretty bad
1069,train,user bleeding on the brain don't know the cause
1070,train,lets see how good you are at soccer when you're bleeding out yo face
1071,train,user user bleeding wild things running around the apartment while hes in work at the bar ????????
1072,holdout,user you were bleeding my instincts kicked in. *she looks away and scratches the back of her head*
1073,train,my ears are bleeding i hate stefano
1074,train,my ear started bleeding again...
1075,train,user user user saw that pileup on tv keep racing even bleeding
1077,holdout,a rave wedding ? am i seeing this my eyes are bleeding
1078,train,they say bad things happen for a reason but no wise words gonna stop te bleeding
1079,train,user yo timeline blew up so damn fast
1080,holdout,user go look. just blew it up w atomic bomb.
1081,val,i blew up hashtag oomf instagrams cause she's cute and she's an active follower
1082,train,user i see that! crazy how this line blew up.
1083,train,my instagram just blew up apparently i was featured on i am jazz tonight. how cool is that love her
1084,train,i'd still be team usagi even if she blew up the entire solar system by some airhead misstep
1085,train,user user remember when u were up like 4-0 and blew it in one game? u probs don't because it was before the kings won the cup
1088,holdout,i hate people who tweet 'receipts' but know its wrong but they wont take it down bc it 'blew up' literally gtfo you're that desperate
1090,train,i think i just blew up user notifications. go check her out she's so encouraging to me ???? love her ??
1091,train,hw18 going 90-100. dude was keeping up with me. took the same exit. pulled to the side and told me he blew his motor. lolol hashtag 2fast2furious
1093,val,the universe might not actually exist scientists say url 'the hashtag sun blew up and the hashtag earth began'...
1094,holdout,max blew tf up ! ?????? shots fired ???? hashtag catfishmtv
1098,train,rick and morty - they blew up : url
1099,train,user ty just blew up the motor went up in flames he got out ok
1102,train,just realized my dude user was on that 'what are those' way before it blew up @ the tusky ?? game user user
1103,train,this night just blew up rq
1104,train,i blew up snapchat for no reason ??
1105,train,queens gambit went well until anakin blew up the droid control ship. oh well still fun! can't stop is next! hashtag wbc2015
1106,train,user user ironically michele bachmann brought this up in '11 w/ron paul & everyone blew her off and called hoax. she was finally right
1109,train,catfish retweeted me & my notifications blew up ??????.
1110,train,some guy whistled at me in the parking lot & it did not help that the wind blew my skirt up getting in the car ??
1112,val,blew up those mentions
1113,train,the 1st time someone blew up my phone 30 times they would be blocked. believe it. hashtag catfish
1114,holdout,user like literally blew up
1117,train,freyas video blew up everywhere
1118,train,user easy way to look good after the ray rice fiasco...that blew up
1119,holdout,lmao that light skin guy blew up on twitter by talking about how ugly he was as a kid..
1120,train,because you watched: honey i blew up the economy we recommend : the conservative shoppe of horrors hashtag harperanetflixshow hashtag elxn42 hashtag stopharper
1122,train,did anyone else see that fireball falling to earth? look like a plane blew up.
1123,holdout,ye did the same thing to big sean and he still blew up
1124,train,zayn just blew up twitter.
1126,train,bitch done blew my shit up
1128,holdout,user user not a damn clue. tried to see how many clicks i could get before i blew up. that's how i played.
1129,train,user user your a great pair. like a couple of graywardens fighting the blight...
1130,train,user theres actually a theory out there that the magisters arent the only reason for the blight that dwarves (the ones from the
1132,train,as a cycling fan i feel sorry for world athletics hashtag doping is a blight exacerbated monetary reward. a lot of soul searching will be required
1134,val,user *blight
1136,train,poor jack ??
1138,holdout,user i agree but i knew we'd be going to the deep roads again because they found blight in red lyrium. it ain't over yet >_>
1139,train,get a load of this welfare loving sponge....a blight on society. url
1141,val,new post: prysmian secures contract for blight bank wind farm url
1142,train,cleveland heights shaker heights fight blight: the house next door url
1143,holdout,user so user wanted to see that info on blight u got
1145,train,carl everest rob cobes whitt blight frost leo snuff godly and a few others. i will drink a beer with them. someday.
1146,train,thda kicks off anti-blight loan effort in memphis url url
1149,train,city program to help turn blight into greenspace: the tennessee housing developmentû_ url hashtag news url
1151,val,user yes i want to be the new blight leader
1152,holdout,releases on the planing level - 1. constellation - blight on gaia - iclown's drumstep remix 2.iclown - infinity... url
1153,train,url - cleveland heights shaker heights fight blight: the house next door url
1154,val,'if you are going to achieve excellence in big things you develop the habit in little matters....' dont know the author
1155,val,user sure the purdies will be alive with the blight ??
1156,train,tracy blight thank you for following me!!
1157,val,apperception bridgework blight: xxhjesc url
1160,train,if you dotish to blight your car go right ahead. once it's not mine.
1162,train,sexual revolution:blight for women is out! url stories via user user user
1164,holdout,like i swear the secret we'll uncover is the old gods in a slumber. i think theres gonna be another blight
1166,holdout,user what is double result live on the app?
1167,train,user first off it is the hashtag zippoline as no one wants to use it and the community never asked for this blight on the park hashtag moveit
1168,train,look for my policy matters ohio report on hashtag cle and cuyahoga county blight and greening vacant lands soon! url
1170,holdout,user and put the taint there and that all that the magisters did was to open the gates and let the blight get away from it
1173,val,user there is a theory that makes way too much sense that says that the dwarves may be the actual origin of the blight
1174,train,the hashtag palestinian hashtag refugee tragedy is a blight on humanity & should shame every hashtag israeli for living with it. url
1175,train,article by michael jackman at metro times detroit: the group later downgraded the estimate to 37 square miles of... url
1177,train,locksmithing-art respecting elaboration only blight locks: lpdkl
1178,val,user user you cunt
1179,train,what if every 5000 wins in ranked play gave you a special card back.. would be cool for the long teû_ url
1181,train,amazon deal - wait or buy? url
1182,train,new print available on url - 'waiting too long' by pamela blizzard - url
1183,train,user give me free art kamon
1185,train,user user just order a blizzard pay then put your nuts in it say they have you ball flavored. boom free ice cream
1188,holdout,blizzard of auz @ 9 pm cst user / url 2 hrs of rock to make your hump day complete! url
1189,train,i really wants a rolo blizzard but mom said no so i guess no dq tonight
1190,train,user user hi ashayo! i believe there will be vods on youtube after the presentation but there is nothing like seeing it live :)
1191,train,stats url
1195,train,hashtag tweet4taiji is a dolphin worship group based on superstitions! just take a look at their tweets!
1196,val,user lucio!! let's get the hashtag overwatch hype train rolling some more!! caution though there aren't any breaks
1198,val,user ight
1199,train,peanut butter cookie dough blizzard is ??????????????????????
1201,train,my mic and controllers aren't working one second
1202,train,tomorrow's announcement vods url
1203,train,updated to windows 10 now i get this error url
1204,train,new expansion ideas - bard class holy trinity + 1 url
1206,train,user not really that shocking :( blizzard lured their old fanbase back with wod and disappointed us hardcore so everyones leaving again
1207,train,the best thing at dq is the cotton candy blizzard ??????????????????????????????????????????????????
1208,train,lizard wizard in a blizzard hashtag lwb url
1209,val,user user i need this.
1211,train,user user user please blizzard we love you
1212,train,a blizzard would be clutch asf ??
1213,train,user user also me please i would very much like a link
1214,val,user ?????????? ok ok okayyyyyy ima act right ....bout to get this blizzard tho
1215,train,user control yourself tora
1217,train,first time playing hearthstone on pc thoughts url
1218,train,i love the cotton candy blizzard??
1219,holdout,user just hard reset my xbox
1221,train,i really wanna brownie batter blizzard ??
1222,train,i call it a little bit of your blizzard?
1223,val,market news: activision blizzard cognizant technology first solar url
1224,val,sean end career sg blizzard vs knockout ... url
1225,train,what is the biggest regret you have in hearthstone? url
1226,train,someone walk with me to dq ?? i wanna butterfinger blizzard so bad??
1227,train,that horrible moment when u open up the dryer and it looks like a snowy blizzard cuz u left a piece of paper in your jeans pocket ??
1228,train,user bruh *dies*
1229,train,rip ?? blood !
1230,holdout,user nah young blood that cook is gone i'm cut now .haha
1232,val,off the wall invincible and history + blood on the dance floor url
1234,train,broke my nail(real not fake) this morning blood and all ah it hurts any ideas how to treat it? help me pretty please ? -_-
1235,train,4.5 out of 5 stars by 290 reviewers for 'dragon blood' boxset by lindsay buroker url hashtag kindle url
1236,train,blood group a +ve is associated with gastric carcinoma says text book...another fragile gene in my body....
1237,train,a friend is like blood they are not beside us always. but they come out when we are wounded.
1238,train,we gone get it get it in blood
1239,train,people with a hashtag tattoo out there.. are u allowed to donate blood and receive blood as well or not?
1240,val,doing dialyses to my grandpa and oh lord this blood makes me light headed
1241,train,user dad why dont you claim me that mean that not right we look the same same eyes same blood same xbox 360 smh -.-
1242,val,omron hem-712c automatic blood pressure monitor standard and large bp cuffs url url
1243,train,my blood pressure is through the roof i don't need all this extra shit!!!!
1244,train,user yeah you are! hashtag speakingfromexperience
1245,train,can't believe more people in their mid 20's don't have high blood pressure. life is stressful. hashtag decisionsondecisions
1249,train,guys. i have an imouto who isn't actually related to me by blood.
1250,train,bruh white people buy the ugliest shoes and they them super tight no blood going to there feet
1251,train,another day another excellent user porridge. seriously people. blood orange in porridge is phenomenal.
1252,train,user happy birthday young blood
1253,train,if it wasn't for the blood! ????
1254,holdout,no kinda in it that shii nasty blood. no pun intended
1259,train,ain't no hoe in my blood
1262,train,today was such a hastle from getting drug tested blood drown out tb shot to document filling ??
1263,train,man . somebody gotta stop sbee dude too fuckin funny blood
1264,train,where will the winds take my gypsy blood this time? url
1267,train,user mad men
1269,holdout,private thirsty night?sad blood rock'n roll? #??
1270,holdout,hashtag rolandonabeats: ellie goulding - my blood | acesse nosso site para ouvir! url
1271,train,user welcome - read a free chapter of my new book encounters with jesus. it's full of hope. url
1272,train,user runs in the blood
1273,holdout,user my personal favorites include paramore muse green day royal blood and 5sos
1275,val,shed innocent blood of their sons and daughters and the land was polluted psalms 106:38 help stop the sin of abortion.
1276,holdout,*se pone a cantar crying lightning*
1277,train,it wasnt a very big stab but it was a deep stab and theres like blood everwhe
1278,holdout,add these items to your everyday eating habits. please do the research on how to take with your bloodû_ url
1279,val,looooooooooool who the bloody hell did that?? url
1280,val,infected bloody ear piercings are always fun??
1282,train,aggressif is so bloody aggressive
1283,train,i entered to hashtag win the entire set of butterlondon lip crayons via user . - go enter! hashtag bbloggers url
1284,val,user hey sally sorry have you emailed me? been awol bloody work argh! user
1287,holdout,i'm over here listening to bloody jay. ???? url
1288,train,user i have the forrest version from '83 that's bloody awful as well :))) xxx
1289,train,'a nightmare on elm street' is getting remade... again - url
1290,train,i can't bloody wait!! sony sets a date for stephen king's û÷the dark tower' hashtag stephenking hashtag thedarktower url user
1293,holdout,gotta try to let go of so many bloody things. smh
1294,train,user (1) russia may have played into reason but that link is bs. okanowa was bloody and mainline invasion looked like a bloody
1296,train,bloody insomnia again! grrrr!! hashtag insomnia
1297,holdout,user i tried 11 eyes akame ga kill and tokyo ghoul all damn bloody i dont dare watch????????
1298,val,user now suck it up because that's all you're bloody getting out of me by means of amends.
1300,val,you call them weekends. i call them bloody mary times. this summer's been full of them. my newû_ url
1301,train,bloody hell what a day. i haven't even really done anything. just. tired. of everything. thought vaca would help but it only did so much. =/
1302,holdout,damn bloody hot
1303,val,user it's bloody sexy *drools*
1304,val,you know how they say the side effects low & really fast? son the product was an acne cream.. why 1 of the side effects was bloody diarrhea?
1305,train,ronda rousey would be 'close' to making floyd mayweather's money in 50 fights - bloody elbow url hashtag boxing
1307,train,i'm awful at painting.. why did i agree to do an a3 landscape in bloody oils of all paints ??
1308,train,all i need in this life of sin is just me and my girlfriend down to ride till the bloody end just me and my girlfriend
1309,val,user i think it is. well it's bloody barking now
1312,train,eh hello cover your bloody thighs your bloody cleav... ûó eh hello! since when do i expose my cleavage and i on... url
1315,holdout,user user mega bloody marvellous
1316,train,bloody mary in the sink. beet juice url
1317,train,user user user user user if my monty python is up to date as bloody far as he wants to go.
1318,holdout,meet the bloody rs5 url
1319,train,friday supposed to be a happy day but it's a bloody friday hah zzzz
1320,train,user user i should bloody hope so *she said folding her arms sitting back in her chair*
1321,val,wait until i tell my college friend who reafs bloody mary too about the drama cd
1324,train,'i came to kill indians...for fun': video of smirking and remorseless pakistani killer shows him boasting. url
1326,holdout,i've just watched episode s01e09 of bloody monday! url hashtag bloodymonday hashtag tvshowtime url
1327,train,marlon williams > elvis presley > marlon williams > steel panther. shuffle mode like a bloody legend.
1328,holdout,black friday turns bloody (would rather be shopping) url hashtag mystery
1331,train,user someone told me all the soccer moms are getting this pic blown up and put on their daughter's bedroom walls. not!!!
1332,holdout,user and i s2g if my mentions get blown up over my choice i will deactivate and leave for good. respect my choices.
1334,train,user user wow just wow! if any other club had blown all that money and fucked up a player like that they'd be pilloried!
1335,train,damn greinke got blown up in that first inning
1337,train,woke up so blown lol
1338,train,aunt marge you're blown up eheks
1340,train,user yeah its not worth it bc he already has so many spammers & his twitter is probably blown up every second
1341,train,white family (supposedly representing america's great values ) gets blown up in a horrible cgi nuclear strike..... lmfaoooo!!!!!!!!!!!!
1343,train,man why hasn't user blown up? he's still underground.
1345,train,and my mentions are blown up for what? ?? wtf.
1346,train,on hashtag thisdayinhistory in 1862 confederate ship blown up by crew. read more url via user
1347,train,that moment when ur about to win a mini uhc and than get blown up by a creeper and get kicked for flying..... so salty rn...!!!??
1348,train,user he did get a user 'bump' of approval which is probably why he's blown up url hashtag musicadvisory
1349,holdout,'if a truckload of soldiers will be blown up nobody panics but when one little lion dies everyone loses their mind' url
1350,train,hey look!!! kash's foundation live for today got blown up on people magazine's website!! todd blake... url
1351,val,user got it last month when i went into the ee shop. glad it hasn't blown up yet. url
1352,holdout,this is the first time a tweet has blown up almost half a day later... re url
1353,train,'we're blown away by this extension. nothing we've seen has as many options as this one.' url url
1354,train,user 'thanks again for letting me stay here since the manor was blown up..... anyways how are you doing buddy?'
1356,val,loner diaries. the patterns on the sand may have been blown away. the photos in twos all choked up in flames.... url
1360,val,even though bsg had been sufficiently hyped up for me in all the years i somehow delayed watching it i was utterly utterly blown away.
1361,train,vanessa's game has officially blown up. ladies and gentlemen...the real show is about to begin. hashtag bb17
1362,train,guaranteed been bitten by some mutant mosquito my ankle has blown up. little cunts
1363,train,things you can pick up from tozlet seat|: butt leprosy full-blown jerkface syndrome a lateral lisp & toilet rickets.
1365,holdout,user user my ig is being blown up just with hackers i need it to stop hashtag givebackkalinwhiteaccount
1368,train,user whoever is directing these videos needs to grab up nicki minaj or someone with u.s. recognition so minds can be blown.
1369,holdout,user last week wanted the 6th sense to get blown up so far so good. james could win but he's a huge target and will be gone soon.
1371,val,user more like blown up amirite
1372,train,my dog's just blown his kennel up ûò bloody yorkshire terrorist
1374,train,turn on espn2 and get blown up
1375,train,user went down i was beaten and blown up. then next thing i know ra al ghul brought me back to life and i escaped and for a---
1376,train,user leos ass just got metaphorically blown up again hashtag piperwearsthepants hashtag charmed
1378,train,user user user glononium 6c also helps with being blown up while bashing a bottle of nitroglycerin against a book.
1379,train,new ladies shoulder tote handbag women cross body bag faux leather fashion purse - full reû_ url url
1380,train,new ladies shoulder tote handbag women cross body bag faux leather fashion purse - full reû_ url url
1381,train,if you have a son or a daughter would you like to see them going to a war with iran and come back in a body bag? let the hashtag republicans know
1382,train,user ditto but its all we had. and the way i feel if i drank vodka over ice they would have to body bag me
1383,train,# handbags genuine mulberry antony cross body messenger bag dark oak soft buffalo leather: å£279.00end date: w... url
1384,train,louis vuitton monogram sophie limited edition clutch cross body bag - full read by ebay url url
1385,train,louis vuitton monogram sophie limited edition clutch cross body bag - full read by ebay url url
1388,holdout,louis vuitton cultsierre monogram shoulder bag cross body bag url url
1389,train,check out ameribag healthy back bag shoulder cross body backpack khaki tan beige nylon url user
1390,train,photo: bath & body works cosmetic bag in periwinkle blue with copper piping along the top and four corners.... url
1391,train,new ladies shoulder tote handbag women cross body bag faux leather fashion purse - full reû_ url url
1393,train,new summer long thin body bag hip a word skirt blue url url
1394,train,å¤} new ladies shoulder tote hashtag handbag faux leather hobo purse cross body bag hashtag womens url url rt enû_
1395,train,user bruh you wanna fight i'm down meet me in the cage bro better find out who you're dealing with before you end up in a body bag
1396,train,new ladies shoulder tote handbag faux leather hobo purse cross body bag womens - full readû_ url url
1399,train,auth louis vuitton brown saumur 35 cross body shoulder bag monogram 7.23 419-3 - full readû_ url url
1401,train,check out vintage longaberger floral fabric shoulder cross body bag brown leather strap url user
1402,train,?? new ladies shoulder tote hashtag handbag faux leather hobo purse cross body bag hashtag womens url url
1405,train,new summer long thin body bag hip a word skirt blue url url
1406,holdout,?ìü new ladies shoulder tote hashtag handbag faux leather hobo purse cross body bag hashtag womens url url rt enû_
1407,train,louis vuitton monogram sophie limited edition clutch cross body bag - full read by ebay url url
1408,val,new women handbag faux leather ladies shoulder tote cross body bag large satchel - full reû_ url url
1409,train,?? new ladies shoulder tote hashtag handbag faux leather hobo purse cross body bag hashtag womens url url
1411,val,one day this heart gone get me zipped up in a body bag.
1412,train,hashtag handbag hashtag fashion hashtag style url authentic louis vuitton pochette bosphore shoulder cross body bagû_ url
1414,train,å_? new ladies shoulder tote hashtag handbag faux leather hobo purse cross body bag hashtag womens url url
1415,val,hashtag handbag hashtag fashion hashtag style url vintage coach purse camera bag cross body hashtag 9973 $16.99 (0 bids) û_ url
1418,train,genuine leather man bag messenger fit ipad mini 4 tablet case cross body air jp - full reaû_ url url
1419,train,louis vuitton monogram sophie limited edition clutch cross body bag - full read by ebay url url
1420,train,?? new ladies shoulder tote hashtag handbag faux leather hobo purse cross body bag hashtag womens url url
1421,train,nuu that fam?? fwt i'm leave you in a body bag??
1422,train,new ladies shoulder tote handbag faux leather hobo purse cross body bag womens - full readû_ url url
1425,val,user user no i'm not i'm saying that they're lucky they can go home to their families not put in a body bag
1429,train,user oh i'm not bagging her at all! her body be bangin'. i'm saying she's going to get the rose.
1431,holdout,user user who is bagging her body ? she's smoking hot ??
1432,train,drake is really body bagging meek
1433,val,user user drake killing this dude and tea bagging the dead body at this point
1436,train,user is w(rec)k league ball user is olympic level body bagging him like his career was nothing hashtag trollingtilmeekdiss
1439,train,idgaf who tough or who from canada and who from north philly meek been acting like a bitch & drake been body bagging his ass on tracks
1440,holdout,user body bagging mfs
1441,train,user user i skimmed through twitter and missed this body bagging.
1443,train,g+: + url body bagging them lyrically! url
1444,train,user user straight body bagging.
1445,train,body bagging bitches ???? url
1447,holdout,no better feeling than seeing and being on stage with my day ones...... 22 year friendships and we still body bagging mics together.
1448,holdout,mopheme and bigstar johnson are a problem in this game body bagging niggas hashtag vuzuhustle
1449,holdout,i was body bagging on the ????today...4got to post my score url
1450,train,user then let the bagging body's begin lol ???? i ain't cuffed yet so it shouldn't be that bad!!
1452,train,hashtag ovofest drake straight body bagging meek on that ovo stage. hashtag ziphimup!
1453,val,i'm not a drake fan but i enjoy seeing him body-bagging people. great marketing lol.
1454,train,user meek is definitely capable of body bagging his ass on the track drake was just smooth as fuck with it!
1455,train,gates not body bagging nobody???????? niggas in br really know who he is ????
1456,val,wwe 2k15 mycareer ep18 tyrone body bagging dudes: url via user
1458,train,'i did another one i did another one. you still ain't done shit about the other one.' nigga body bagging meek.
1459,train,drake body bagging meek. he must of hit a sensitive spot talking about a 'ghostwriter.' he trying 2 end his career. url
1460,train,good diss bad beat and flow. mark my words meek mill is body bagging him once he responds. patient patient. meek is a battle rapper!
1463,train,user is body bagging meek meanwhile he's on tour with nicki all hush hush...he's put 2 diss tracks out and meek 0 but dude started it lol
1464,train,user for the record im jumpin out the window early... i got user body bagging luck.. lol save the file
1466,val,has body bagged ** rt user : drake is body bagging meek
1467,val,drake been kept it the most hip hop during this beef and he fucking body bagging meek back to back ??
1470,train,woke up to drake body bagging meek again!! meek u can't out spit ya girlfriend... just lay down man.... not right... url
1472,train,user i was going to tell him but you were body bagging him
1473,train,ûï user : ?????? no caption needed ??. freshman... url nigga stacey body bagging niggas! ????
1474,holdout,aubrey really out here body-bagging meek.
1475,holdout,8 hours of bagging groceries = an aching body
1477,val,user drake really body bagging peeps man ?? he really bout it
1479,train,user user when you call to report dangerous activity tell em to have body bags on arrival.
1480,val,micom 2015 summer contrast candy color bowknot cross body tote shoulder bags for womengirls with micom zip po url
1482,holdout,hobo hobo vintage shira convertible bû_ $238.00 hashtag bestseller url
1483,holdout,child shoulder bags pvc shoulder book bag cartoon cross body bags for girls url url
1484,val,womens buckle casual stylish shoulder handbags pockets cross body bags green url
1485,train,ain't no bags in the trunk it's a body
1486,train,bestseller! fossil dawson mini cross body bag esû_ $98.00 url
1487,train,user user user user appears to already be arriving in ridah in body bags.
1488,val,the body bags has a show on 08/07/2015 at 07:30 pm @ tremont music hall in charlotte nc url hashtag concert
1491,train,body bags! url
1493,train,you know you hate your body when you buy 2 bags of chips and a variety pack of fruit snacks and a redbull as a snack
1494,train,breaking: fairfax county firefighter placed on admin leave amid probe into facebook post about putting police in 'body bags' dept. says.
1495,train,womens buckle casual stylish shoulder handbags pockets cross body bags white url
1497,holdout,attention all rchs football players there will be coffins and body bags by the locker rooms grab one tommorow because were gonna die
1498,train,womens flower printed shoulder handbags cross body metal chain satchel bags blue url url
1499,train,womens cross body messengers bags clutch small shoulders zippers bags white url url
1500,train,user bring the body bags tho
1501,train,us û÷institute of peace' chairman wants russian body bags url
1502,train,update: va. firefighter on administrative leave after facebook post calls for people to put officers in 'body bags.' url
1503,train,user so you can send the poor and middle class children to war so they can come in body bags. typical gop
1504,holdout,user body bags
1505,train,nine giant body sized garbage bags later...i'm just going to start throwing things away. hashtag moving2k15 hashtag expertwhiner
1506,train,i love the body shop's bags?? hashtag cutekitten hashtag catsofinstagram hashtag summerinsweden hashtag katt hashtag katterpì´instagram hashtag dumle hashtag dagensû_ url
1507,train,womens tote faux leather handbags shoulder cross body top handle bags rose url url
1508,val,womens satchel lattice chain studded cross body multi colour shoulder bags blue url url
1509,train,lab today ready for these body bags. ??
1510,train,bitches be takin pics with bags bigger than they whole body ??????
1511,val,womens buckle casual stylish shoulder handbags pockets cross body bags green url url
1513,val,hashtag irandeal most members of congress who don't want this deal don't have any kids who would b coming home in body bags. war makes them money
1514,holdout,ûïparties and body bags go together like drinking and driving.û
1515,train,user sweeping legs? or putting people in body bags?
1518,train,shoot shit up till we see body bags
1519,train,'your body will heal the bags under your eyes will go away you'll be so happy you'll smile and really...' url
1520,train,womens handbags cross body geometric pattern satchel totes shoulder bags white url url rt gasparcû_
1521,train,women messenger bags clutch bag handbag cross body shoulder bags bag ladies designer handbags high qualit ... url
1522,train,womens handbags cross body geometric pattern satchel totes shoulder bags white url url
1523,train,status: last seen buying body bags.
1524,train,user user i'm hampered by only liking cross-body bags. i really like ella vickers bags: machine washable. url
1525,train,zicac vintage leather briefcase messenger satchel tote cross body handbags for womens url
1526,train,fairfax investigating firefighter over facebook post saying police should be put in û÷body bags' - the washington post url
1527,train,mens cross body canvas waist packs solid letter print sports zipper bags coffee url url
1530,val,listen to this hit song. a summer bomb full of positive energy and youth did you like it? url hashtag norge2040
1531,train,beforeitsnews : global derivatives: $1.5 quadrillion time bomb url (vû_ url url
1532,train,the_af comments on 'new evidence of japan's effort to build atom bomb at the end of wwii' - url
1533,train,this is about to be a bomb ass firework picture url
1534,holdout,hiroshima prepares to remember the day the bomb dropped url
1535,val,the guardian view on the hiroshima legacy: still in the shadow of the bomb | editorial: the world longs to cas... url
1537,holdout,namjoon's fantastic is bomb bye omg
1538,train,halsey and troye collab would be bomb
1540,train,user guys to scared to show his real name anyway he knows i'll bomb him
1543,holdout,user so going to make any bomb threats? user
1544,train,ûï user : working at zumiez is the url which location??
1545,train,new documents found pointing to japan's wwii atomic bomb program url
1546,train,jen you da bomb girl! url
1547,holdout,user happy birthday big d!!! i miss you girl hope you have a bomb one ???? url
1549,train,user umm because a gun stopped the gunman with who was carrying a bomb!
1553,train,user it'd be so bomb if u guys won ??
1554,train,new documents found pointing to japan's wwii atomic bomb program url
1555,val,hiroshima marks 70 years since bomb url
1556,train,the crew on hashtag enolagay had nuclear bomb on board disarmed. 15 mins to hashtag hiroshima they got ready to arm little boy url
1558,train,user ahh you're bomb baby ??
1559,holdout,when you get a bomb ass picture mail ????????
1560,train,if i fall is men god user is d bomb well av always known dat since 2008 bigger u i pray sir
1561,train,i came up with an idea of a fragrance concept for a bath bomb called the blood of my enemies. so you can say that's what you bathe in.
1562,train,user the bomb impact ratio hit beyond kyle js
1567,train,user disneyland! tacos there are bomb!
1568,holdout,flat out bomb by user hashtag whatcanthedo
1569,train,what would it look like if hiroshima bomb hit detroit?: thursday marks the 70-year anniversary of the united s... url
1570,val,soul food sound so bomb right now '
1572,train,the bomb was so appropriate ?? seen as my family and most jamaicans love shout bullets !
1573,train,the hatchet-wielding gunman had pepper spray and a fake bomb?!?!?
1574,train,oops. h bomb lost 70 miles off the okinawan coast. fell off the ship 1965. url
1575,val,the guardian view on the hiroshima legacy: still in the shadow of the bomb | editorial: the world longs to cas... url
1576,val,the mf life is a vocal and lyrical bomb. saw her live this summer. amazing vocalist. rt user : melanie fiona is so slept on ??
1577,train,e-hutch is da bomb ?? url
1579,train,jays rocking hashtag mlb user just bombed one out of rogers centre. play-offs r ahead for the hashtag bluejays - bell moseby and barfield r back!
1580,train,user i should've photo bombed
1582,train,user user user so name all the countries we've invaded/bombed aside libya in north africa in last 5 years.....
1585,train,the u.s. bombed hiroshima 70 years ago today. a look at how war has changed since: url url
1587,train,london life: photos of a beautiful bombed-out britain url hashtag arts
1588,train,i can't believe user photo bombed a screenshot
1590,train,us drone bombs islamic state target in syria after taking off from turkey: a us armed drone has bombed a targe... url
1591,val,user bombed on kanye in that hashtag elephantintheroom ????????
1593,train,the majority of those killed were civilians on the ground after the jet first bombed the city's main street then dramatically plummeted
1594,train,70 years ago at this hour the usa a-bombed hiroshima therein killing 200000 civilians. never forget the crime and never repeat. peace ??
1595,train,on 1st august hashtag turkish jets bombed the village zergele in qendil and killed 8 civilians and 15 others wounded
1596,train,user i went to school in a bombed out east end of london3 families to one house no bathroom outside loo & poor so whats yr point
1597,train,photo bombed ???? url
1599,train,user user nowt to do with money. fergie bombed out the big drinkers at united within years of taking over while wenger
1600,train,'the third generation atomic bombed survivor' photo exhibition 11:00 to 18:00 8/6. #?? hashtag hiroshima url
1601,train,user user you mean like the tolerance you showed when sharing 'democracy' with the iraqis? wait you mutilated and bombed them.
1602,train,user user photo bombed
1603,val,shadowflame and the wraith: bombed url via user
1604,train,user user just cos germany invaded poland japan bombed pearl harbor pre-emptive suicide url
1605,val,user user it feels like if i would try to grab one off hes cheetos i'll get bombed.
1607,holdout,user user user yeah man..... that movie bombed hard
1608,train,. user true. i faced everything from 'is bin laden your uncle?' to 'hopefully afghanistan will be bombed'. children can be very ugly.
1609,train,user user this liberal compassion is bs. a specific feminist said the us bombed japan back to traditional sexist values.
1610,holdout,url 'nagasaki has to be forever the last city bombed with a nuclear weapon.' hashtag bannukes
1611,train,ladies here's how to recover from a hashtag date you totally bombed... according to men url url
1613,holdout,user user i hope you get batista bombed lauren
1614,val,. user visits villages recently bombed by turkey and finds people fed up with the pkk url
1615,holdout,user user obviously i'm aware that not all as are from countries we have bombed but a lot are fleeing conflict
1617,holdout,'redskins wr roberts belly-bombed ' via user url
1618,train,me trying to pass lax with my family ends up by me having to run after the ball after it gets bombed over my head
1619,train,i liked a user video url benedict cumberbatch gets video bombed
1621,train,today japan marks 70 yrs since the u.s (a) bombed 2 cities killing over 120000 people but we have to worry about iran url
1622,train,you just got gif bombed hashtag africansinsf hashtag beyondgps url
1623,holdout,she didn't even notice me in the background i'm a floatin head hashtag bombed url
1625,train,70 years ago today the united states of america bombed hiroshima in japan.
1626,train,storm in ri worse than last hurricane. my city&3others hardest hit. my yard looks like it was bombed. around 20000k still without power
1627,train,a wasp just dive bombed my face
1628,train,user misfit got bombed
1631,train,the united kingdom and france are bombing daesh in syria - voltaire network url
1632,train,it's been 70 years (and one hour) since the bombing of hiroshima. let's take this time to remember.
1633,holdout,the cryptic words that guided pilots on the hiroshima bombing mission url
1634,train,japan on thursday marks the 70th anniversary of the atomic bombing of hiroshima with the most senior official from washington ever scheduleû_
1636,train,today marks the 70th anniversary of the bombing of hiroshima a city i visited and was humbled by in november 2013 url
1637,train,user user user congratulations on capturing a besieged city after 3 months of indiscriminate bombing by land & air
1638,train,the only country claiming the moral high ground is the only one to have dropped atomic bombs. hashtag hiroshima hashtag banthebomb url
1639,train,the cryptic words that guided pilots on the hiroshima bombing mission url hashtag canada
1643,train,hashtag setting4success bells toll in hiroshima as japan marks 70 years since atomic bombing hashtag news hashtag smallbusiness hashtag entrepreneur
1644,train,hashtag australia hashtag news ; hashtag japan marks 70th anniversary of hashtag hiroshima atomic bombing url read more; url
1645,train,user yea bombing hashtag pearlharbor not so good of an idea!
1646,holdout,the cryptic words that guided pilots on the hiroshima bombing mission url
1647,holdout,70th anniversary of hiroshima atomic bombing marked url
1648,val,japan marks 70th anniversary of hiroshima atomic bombing url
1649,val,japan marks 70th anniversary of hiroshima atomic bombing url
1650,val,japan marks 70th anniversary of hiroshima atomic bombing url
1652,val,japan marks 70th anniversary of hiroshima atomic bombing url
1653,train,user user user when push2left talk='ecology'&'human rts'&'democracy'. war afghetc='left' humanitarian bombing
1654,train,hiroshima bombing justified: majority americans even today - hindustan times url
1657,train,user : bells toll in hiroshima as japan marks 70 years since atomic bombing url
1658,val,japan marks 70th anniversary of hiroshima atomic bombing url
1660,holdout,hashtag japan marks 70th anniversary of hashtag hiroshima atomic bombing (from user ) url
1661,train,today is the day hiroshima got atomic bomb 70 years ago. - the 'sanitised narrative' of hiroshima's atomic bombing url
1662,train,what it was like to survive the atomic bombing of hiroshima url
1663,holdout,i think bombing iran would be kinder... url
1665,train,japan on thursday marks the 70th anniversary of the atomic bombing of hiroshima with the most senior official from washington ever scheduleû_
1666,train,oh and fuck bill clinton for bombing us and fuck nato.
1669,train,japan marks 70th anniversary of hiroshima atomic bombing: bells tolled in hiroshima on thursday as japan marked 70û_ url
1670,val,japan marks 70th anniversary of hiroshima atomic bombing hashtag generalnews url
1671,train,a marshall plan for the united states by dambisa moyo via user hashtag oped url via user
1672,train,user by ur. logic if bridge didnt collapse then second train engine should cross bridge then user user
1673,train,australia's ashes disaster - how the collapse unfolded at trent bridge... url hashtag cricket
1675,val,sioux city fire officials believe bridge collapse lead to cement truck roll over - siouxland matters: siouxlan... url
1676,holdout,ashes 2015: australia's collapse at trent bridge among worst in history: england bundled out australia for 60 ... url
1677,train,2 injured 1 missing in bridge collapse in central mexico url
1679,val,i never knew about the relationship btwn kansas city hyatt bridge collapse & aia's cote. url via user
1683,train,what the fuck is going on at trent bridge?! reminds me of england's collapse out in the caribbean back in the 90s...
1684,train,swiss kosher hotel bridge collapse injures five people - url user
1686,train,bridge collapse not natural calamity but man-made: mpp lambasts congress - kanglaonline url hashtag yugvani
1687,train,two giant cranes holding a bridge collapse into nearby homes url
1688,train,icymi - hashtag ashes 2015: australia collapse at trent bridge - how twitter reacted url url
1689,train,warne shocked over australia's epic collapse at trent bridge: johannesburg aug 06 (ani): legendary australian... url
1690,train,two giant cranes holding a bridge collapse into nearby homes url
1691,train,user because i need to know if i'm supposed to throw myself off a bridge for a hashtag collapse or plan the parade. there is no both
1692,train,2 injured 1 missing in bridge collapse in central mexico - fox news latino url
1693,train,two giant cranes holding a bridge collapse into nearby homes url via url
1694,train,hashtag traintragedy - happened in mp due to collapse of bridge now i m afraid to take a long distance train. url
1698,train,listening to blowers and tuffers on the aussie batting collapse at trent bridge reminds me why i love user ! wonderful stuff! hashtag engvaus
1699,train,two giant cranes holding a bridge collapse into nearby homes url
1700,train,two giant cranes holding a bridge collapse into nearby homes url
1701,train,hashtag computers hashtag gadgets two giant cranes holding a bridge collapse into nearby homes url hashtag slingnews
1702,train,australia's ashes disaster - how the collapse unfolded at trent bridge - telegraph url
1703,train,user this is urgentthere is currently a 3 storey building at church b/stop oworoshoki third mainland bridge which likely to collapse
1705,train,two giant cranes holding a bridge collapse into nearby homes url
1706,train,two giant cranes holding a bridge collapse into nearby homes url
1707,holdout,ashes 2015: australia's collapse at trent bridge among worst in history: england bundled out australia for 60 ... url
1709,train,ashes 2015: australia collapse at trent bridge - how twitter reacted url url
1710,holdout,mexico: construction of bridge collapse killsåêone url url
1712,train,two cranes restoring a bridge in the central dutch town of alphen aan den rijn collapse on to buildings with rescuers searching for
1715,val,leicester_merc : icymi - hashtag ashes 2015: australia collapse at trent bridge - how twitter reaû_ url url
1716,train,two giant cranes holding a bridge collapse into nearby homes url
1718,train,us wont upgrade its infrastructure? url it a bad situation and its going to get ugly very quickly hashtag usa hashtag sustainability
1719,train,a marshall plan for the united states by dambisa moyo via user hashtag oped url via user
1720,train,user sir i just only wanted to make a point about user you made and said he is lying about bridge collapse.
1721,val,user all illuminated by the brightly burning buildings all around the town!
1722,train,'i'm a gemini' *children screaming buildings burning police sirens in the distance*
1723,train,mmmmmm i'm burning.... i'm burning buildings i'm building.... oooooohhhh oooh ooh...
1724,train,user fireman ed runs into burning buildings while others are running out doug he deserves your respect??????
1725,train,user not upset with a rally upset with burning buildings businesses executing cops that have nothing to do with it etc
1726,val,kou is like [cash register] [buildings burning]
1727,holdout,user user i must be overlooking the burning buildings? hashtag blacklivesmatter
1728,train,user all lives matter. just not a fan of burning down buildings and stealing from your neighbors to 'protest'
1731,train,the greatest female beat boxer ever now but it's w/e... save babies outta burning buildings on my free time but ya know.. whatevs..
1733,holdout,i'm mentally preparing myself for a bomb ass school year if it's not i'm burning buildings ??
1735,train,the rocky fire burning in northern california is still threatening more than 7000 buildings. it's the largest in the state hashtag 9newsmornings
1737,train,? high skies - burning buildings ? url hashtag nowplaying
1739,train,messi: has tattoos so he can't donate blood ronaldo: runs into burning buildings to save dogs hashtag respect
1740,train,i can probably skip on these basic life maintenance things for a few days. (cut to burning buildings people screaming in the streets)
1741,holdout,user user no one is rioting burning down buildings or looting.
1744,train,user hashtag infosec rather you knew it or not your a firefighter now days you often run into burning buildings deal with it.
1745,train,into burning fucking buildings (2/2)
1747,train,ever since kelly's burned i keep having dreams about being inside burning buildings ??
1750,holdout,schools in western uganda still burning down buildings during strikes....strikes in western uganda always lit literally..
1752,train,i pledge allegiance to the p.o.p.e. and the burning buildings of epic city. ??????
1753,train,user user user user no burning buildings and rob during a riot. that's embarrassing & ruining this nation.
1754,holdout,people are more worried about the burning of buildings than black people losing their lives disgusting.
1755,holdout,bradford. back to doing what we do best. burning down our own buildings. read it and weep leeds. url
1756,train,user my jealous tears are burning with the fire of a thousand ransacked buildings. so awesomeeeeeeee
1757,train,user i forgot to add the burning buildings and screaming babies
1759,holdout,sinking ships burning buildings & falling objects are what reminds me of the old us.
1760,train,like for the music video i want some real action shit like burning buildings and police chases not some weak ben winston shit
1761,val,burning buildings? media outrage? url
1762,train,must get hot in burning buildings -loses followers- url
1763,train,user is one of the challenges on tough enough rescuing people from burning buildings?
1766,train,saving babies from burning buildings soaking cake in a shit tonne of alcohol mat is a man after my own heart ?? hashtag gbbo
1767,train,user at least they aren't burning buildings and looting stores.
1768,val,witness video shows car explode behind burning buildings on 2nd st this afternoon hashtag manchester url via user
1769,holdout,watching xela firefighters struggle to save burning buildings last night w/ old equipment makes me so grateful for dcfd user user
1770,val,url croydon riots- the next day: burning buildings in high street & crowds at reeves corner croydonization august 2011
1771,holdout,fire hazard associated with installation of non-compliant external cladding on url - by @ url
1772,train,. user user to hold free webinar on hashtag wildfire mitigation 8/19 at 2pm et. url user user
1773,holdout,fire hazard associated with installation of non-compliant external cladding on url - by @ url
1774,train,video: fire burns two apartment buildings and blows up car in manchester url
1775,train,fire destroys two buildings on 2nd street in hashtag manchester url
1776,train,multiple buildings on fire in downtown hinton url url
1779,val,buildings are on fire and they have time for a business meeting hashtag thestrain
1780,holdout,ton of smoke coming out of one of the new apartment buildings at 160 ross in auburn. several fire trucks on scene. url
1784,train,square just let booty org write xv im sure we'd do just fine (buildings around me set on fire)
1786,train,smoke detectors not required in all buildings: an office building on shevlin-hixon drive was on fire. there we... url
1787,train,someone: mentions gansey on fire me busting through the brick walls of seven different buildings:
1789,train,such beautiful architecture in hashtag nyc i love those fire escape routes on the buildings. hashtag newyorkû_ url
1790,train,hashtag tweetlikeitsseptember11th2001 those two buildings are on fire
1791,holdout,just in: hashtag kenya: several buildings are reported to be on fire close to dam estate hashtag langata at 2:22pm.
1792,train,they are evacuating buildings in that area of state road 20. we still don't have confirmation of what is on fire.
1796,train,shootings explosions hand grenades thrown at cars and houses & vehicles and buildings set on fire. it all just baffles me.is this sweden?
1798,holdout,a change in the state fire code prohibits grills on decks at condos and apartment buildings. check with your... url
1799,train,fire hazard associated with installation of non-compliant external cladding on high-rise buildings - insurance - aust url
1802,val,fire displaces families and damages two buildings in troy: fire broke out on fourth street inû_ url hashtag albany hashtag ny hashtag news
1803,train,what news reports am i missing? are there buildings on fire people shot etc. due to videos? hashtag ppsellsbabyparts url
1804,train,so my band buildings on fire are playing user user this wednesday with user url hashtag rdg
1807,train,hashtag tweetlikeitsseptember11th2001 those two buildings are on fire
1808,val,now on url photos: flames rage through manchester buildings in 3-alarm fire url hashtag nh1news
1809,train,user nah philly pundits are half the cause. they set buildings on fire to report on buildings being on fire.
1810,train,mafireems: rt wmur9: two buildings involved in fire on 2nd street in hashtag manchester. wmur9 url via kcarosawmur
1811,train,now on wsls: fire burns multiple buildings in hashtag montgomery co tips to make childcare less expensive & rain. join user user
1812,holdout,i just wanted to watch paper towns but the buildings on fire ?????
1813,val,i hope the only time i end up on tv is when i'm being arrested for lighting buildings on fire.
1814,train,charred remains of homes on 2nd st in manchester nh after fire rips through 2 buildings damaging neighboring homes url
1815,train,three-alarm fire destroys two residential buildings a car in manchester n.h. on sunday afternoon url
1816,train,1943: poland - work party prisoners in the nazi death camp treblinka rebelled seizing small arms and setting buildings on fire. hashtag history
1817,train,17 people displaced after 3-alarm fire tore through 2 apartment buildings on second street in manchester. -- url hashtag mht
1818,train,hinton city officials confirm multiple buildings on fire currently evacuating people on main street. we're on our way user
1821,train,i hate when im trying to straighten my hair and my brother comes swooping in behind me and scares me i just burned my finger
1822,train,fire burning on pendleton has burned 300 acres: smoke reported drifting over temecula. url
1823,holdout,i should probably stay away from hot glue guns.. i burned one finger pretty bad
1824,val,what progress we are making. in the middle ages they would have burned me. now they are content with burning my books. -sigmund freud
1826,train,user uh huh. you only have to be burned once to know fire hurts. robbie ross should throw home run derby in the all star game hashtag redsox
1827,holdout,burned my popcorn??
1831,holdout,user so others don't get burned
1832,train,when you're taking a shower and someone flushes the toilet and you have .1 second to gtfo or you get burned??????????????????????????????????????????????????
1833,train,always look for the silver lining! my barn having burned to the ground i can now see the moon. ~ mizuta... url
1834,train,sure i just burned about 100 calories after eating a giant bowl of mac and cheese so i totally earned this 300 calorie klondike bar.
1835,train,alton brown just did a livestream and he burned the butter and touched the hot plate too soon and made a nut joke url
1836,train,all you have to do is look up sports riots on google and you'll see more than couches being burned.. you fr gotta go url
1837,train,i spent 17 minutes walking with runkeeper. 90 calories burned. hashtag loseit
1838,val,sure - take them away from fire fighting for king stevie & crusty to have a photo-op ! url
1840,train,burned 129 calories doing 24 minutes of walking 3.5 mph brisk pace hashtag myfitnesspal
1841,train,don't get burned twice by the same flame.
1842,holdout,burned dog finds new home with young burn victim url
1845,train,it hurts for me to eat cause i burned my tounge with a pepperoni yesterday!
1847,train,i spent 15 minutes lifting weights. 43 calories burned. hashtag loseit
1848,train,holy fuck qvc bitch just got burned so hard.
1851,train,i just remembered the mcdonald's that burned down used to have the coolest play ground & the new one ain't got shit but video games )):
1852,train,burned 202 calories doing 30 minutes of walking 4.0 mph very brisk pace hashtag myfitnesspal
1853,train,my sister rl burned all her boyfriend clothes recorded it & sent it to him ????
1856,train,user more like coffee and noodles burned
1857,train,just burned the crap out of my grilled cheese sandwich. sure wish i had a few life skills figured out by now...
1860,train,i joked about it but wood has to be burned out from working so many innings so often. hashtag cubstalk
1861,train,mad river complex fires have burned 14028 acres 8% contained: the mad river complex fires in trinity county ... url
1863,train,user user keithyy gettin burned outta the blocks and on social media.... url
1864,train,i burned myself today on the oven ?? it was at 500 degrees ??
1865,train,watch how bad that fool get burned in coverage this year. dat dude is all-pro practice squad material
1866,train,i put my chicken nuggets in the microwave for 5 minutes intead of 1 on accident and they fucking burned
1869,train,just burned the shit outta myself on my dirt bike ??
1870,train,metal cutting sparks brush fire in brighton: a brush fire that was sparked by a landowner cutting metal burned 10û_ url
1873,train,the stars are burning i here your voice in my mind
1875,holdout,you bitches walking around like yall hot shit & got bed bugs & you burning ????
1877,train,it's raining outside i'm burning my favorite candle and there's hot cocoa to sip. nap time = awesomesauce.
1878,train,hermancranston: hashtag atk hashtag letsfootball rt skanndtyagi: hashtag letsfootball hashtag atk wired : all these fires are burning through û_ url
1880,holdout,501 sky news mandem in totteham going maddddd burning up fed cars an dem ting dere
1881,train,user user if you think you'd like burning man you should try it because it's the only way to know!
1882,train,the 8-minute fat-burning routine that's also really fun url hashtag fat weightless # fatburning hashtag burnfat hashtag skinny hashtag workout
1883,train,ûó bulletproof and black like a funeral; the world around us is burning but we're so cold. url
1885,train,. user with five burning questions for chris mullin and st. john's in 2015-16: url hashtag sjubb
1886,holdout,user except idk them?? it's really burning ??????
1887,val,leader of hashtag zionism stop burning hashtag babies url
1888,train,kanger coils - burning out fast? via /r/vaping101 url
1889,train,rt user : we should build a wall that keeps burning man attendees from coming home url url
1890,holdout,flames visible from fire in tucson mountains: a lightning-caused fire burning in steep rocky terrain in mountainsû_ url
1892,train,we will be burning up like neon lights??????
1893,train,don't be so modest. you certainly... *sniff* *sniiiiiiff* er donny? is something burning?
1895,train,the burning legion has returned! url
1897,train,the bar method ûó integrates the fat burning format of interval training the muscle shaping techniqu url
1898,train,if you're bored with life if you don't get up every morning with a burning desire to do things - you don't have enough goals. -lou holtz
1899,train,my hand is burning
1900,train,uhhhhh demon hunters. but not the whole burning crusade v 2.0 thing. url
1901,holdout,now playing: boat club - memories on london burning web radio - url
1905,train,user user user user rip the world... its burning
1908,holdout,user how many stacks of burning did it apply?
1909,train,parents are taking their kids to burning man and one 11 year old thinks it's 'better than... url
1910,train,user haha so would you say its so hot your balls are burning off????
1911,val,why put out a fire that's still burning?
1914,train,#?x?: :and to counter acts such as the burning of the alexandrian library.
1915,train,'california is burning:' gov. jerry brown told reporters at a press conference that california is experiencing... url
1916,val,if you're not paying attention to your influencers you're burning money | socialtimes url
1917,train,user i completely understand because i just woke up like 15 minutes ago and im burning
1918,train,hashtag ika hashtag tuning soup hashtag diet recipes | fat burning soup recipes: url fat burning soup diet recip url
1919,train,2 burning man tickets + vehicle pass - full read by ebay url url
1920,train,the last few days of summer are supposed to be the most fun so what's more fun then accidentally burning arm hair while playing w/ a lighter
1921,train,killing black babies at planned parenthood where's the demonstrations looting of pp burning down the buildings black babies lives matter
1922,train,mmmmmm i'm burning.... i'm burning buildings i'm building.... oooooohhhh oooh ooh...
1924,holdout,i'm mentally preparing myself for a bomb ass school year if it's not i'm burning buildings ??
1925,train,the mv should just be them strutting like they mean it while buildings are burning up in the bg and flames everywhere how cool would that be
1927,train,user incredible? the children were screaming buildings were burning and i was dancing in the ashes
1929,train,user all lives matter. just not a fan of burning down buildings and stealing from your neighbors to 'protest'
1932,holdout,a protest rally at stone mountain? atleast they're not burning down buildings and looting store like some individuals do when they 'protest'
1933,val,my man runs into burning buildings for a living but is scared to hit up a girl. i don't get it.
1935,holdout,this sounds like a song you would hear in a movie where they are walking away from burning buildings and cars and shit
1937,train,user user user so ... where are the rioters looters and burning buildings???? white lives matter!!!!!!
1938,val,forestservice : rt dhsscitech: hashtag firefighters run into burning buildingsûówe work on hashtag tech tû_ url url
1939,holdout,hashtag kca hashtag votejkt48id duckvillelol: burning flips the table and says 'screw this lets hit some buildings!' grabs a dr û_ url
1940,train,hero's fight wars and save ppl from burning buildings etc i'm sorry but u gotta do more than pay 4 a sex change be4 i call u a hero
1941,train,user not upset with a rally upset with burning buildings businesses executing cops that have nothing to do with it etc
1942,holdout,destruction magic's fine just don't go burning down any buildings.
1943,val,burning buildings? media outrage? url
1945,train,i will never support looting or the burning of buildings but when seeing the people fight back against the police. i was proud
1948,train,attempting delany's dhalgren in beastly ny heat. downing hot coffee amongst descriptions of buildings burning for days without ruin.
1949,train,user ?? your last retweet you would think the lion saved people from a burning buildings it's not that deep
1950,train,like for the music video i want some real action shit like burning buildings and police chases not some weak ben winston shit
1951,val,i'm battling monsters i'm pulling you out of the burning buildings and you say i'll give you anything but you never come through.
1952,train,large fire burning several buildings causing evacuations in downtown hinton: url
1953,train,ali you flew planes and ran into burning buildings why are you making soup for that man child?! hashtag booradleyvancullen
1954,val,heavy smoke pouring out of buildings on fire in port coquitlam url url
1955,train,drew storen is probably curing cancer & saving puppies from burning buildings while contemplating what he did 2 deserve this disrespect
1956,train,ah yes the gays are totally destroying america. i can see buildings burning and meteors crashing into schools wow
1957,holdout,user user i must be overlooking the burning buildings? hashtag blacklivesmatter
1959,train,strikers in phalaborwa striking over the chinese taking their jobs. strikers burning buildings attacking cars 2... url
1960,train,if firefighters acted like cops they'd drive around shooting a flamethrower at burning buildings
1961,train,dog rendered a kitten from burning buildings url url
1962,holdout,schools in western uganda still burning down buildings during strikes....strikes in western uganda always lit literally..
1963,train,user user burning down buildings what you mean like when you burnt down those black churches?
1965,train,'i never understood guys who wanted to run into burning buildings.' 'you chase murderers.' 'not if they're on fire.'
1966,val,dudes will thoroughly express how stupid black ppl r for burning buildings in response to brutality but nvr mention them being mistreated.
1967,train,you picture buildings burning to the ground from the basement to the streetlight. i'm not your drinking problem a hole is in the sky.
1968,train,i pledge allegiance to the p.o.p.e. and the burning buildings of epic city. ??????
1969,train,where are the protests ? the riots? the burning buildings? how come you don't see any of that crap happening when... url
1971,train,insane bush fires in california. be safe. url
1972,train,user would you please explain what you are going to do about the volcanoes & bush fires spouting all that co2 into the air?
1973,train,user middle of winter in sydney we have had snow bush fires and 78 degree days in the last week. keeps you on your toes for sure.
1975,train,ted cruz fires back at jeb & bush: ûïwe lose because of republicans like jeb & mitt.û [video] - url
1976,val,omfg there are bush fires all over this tiny island. our freaking house is gonna burn down.
1979,train,slash-and-burn blamed for bush fires in western st thomas - url
1980,holdout,drought fuels bush fires in jamaica - url url - user user re url
1981,train,ted cruz fires back at jeb & bush: ûïwe lose because of republicans like jeb & mitt.û [video] - url
1983,train,user user seems gov moonbeam between tokes blames bush for all the fires.
1985,train,the public health team was traumatised after the bush fires. could hashtag appreciativeinquiry turn this around? url
1986,holdout,'when you attack women's health you attack america's health.' hillary clinton shows how to hashtag standwithpp url
1987,train,on holiday to relax sunbathe and drink ... putting out bush fires? not so much ?? hashtag spain url
1989,train,californian bush fires 2015 url
1990,train,28 oct 1895: 'bush fires.' url
1991,train,user ohh there are bush fires in spain like every year one time when we went swimming there were planes getting water to fight
1992,holdout,bush fires are scary....even scarier when you go down and fight them
1994,train,one thing you can be sure of. there will never be bush fires in scotland as the ground is always soaking wet????
1995,holdout,drought fuels bush fires in jamaica - url url - user user re url
1996,holdout,user pleas for global warming don't really work when california / australia keep having catastrophic 'bush' fires.
1999,holdout,ted cruz fires back at jeb & bush: ûïwe lose because of republicans like jeb & mitt.û [video] url
2000,train,smh photographer wolter peeters was on the front line with nsw rural fire service crews laû_ url url
2001,train,so apparently there were bush fires near where i live over the weekend that i was totally oblivious to...
2003,val,california bush fires please evacuate affected areas asap when california govts advised you to do so url
2006,train,ted cruz fires back at jeb & bush: ûïwe lose because of republicans like jeb & mitt.û [video] - url
2007,train,the bush fires in ca are so crazy
2009,holdout,that triumphant moment when you cook up two eggs over easy with no yolk casualties ?? url
2010,train,?? warfighting robots could reduce civilian casualties so calling for a ban now is premature - ieee spectrum url
2012,train,another movie theater attack..close to home this time. thankful for no casualties. life will go on because we cannot allow evil to win!
2014,train,civilian casualties rise as afghan war intensifies in 2015-- url
2015,train,afghan conflict sees 'sharp rise' in female casualties url url
2016,train,warfighting robots could reduce civilian casualties so calling for a... url
2017,train,user i'm all for that to be honest. if people want to go on a rampage let them use their own hands and feet. no casualties.
2019,holdout,afghanistan: u.n. reports 'record-high levels' of civilian casualties in news from afghanistan the united... url
2020,train,need to stop bottling things up because when everything eventually explodes the casualties just keep getting higher and higher
2022,train,countless casualties all across the globe war being orchestrated on all the corners of the planet [on all levels] url
2023,train,disinfo: warfighting robots could reduce civilian casualties so calling for a ban now is ... -... url hashtag criticalmedia
2024,train,a poignant reminder that in war there are many casualties. url
2026,holdout,user user they reined it in to 3 drinks each for 2 people but only on account of too many falling-off-stool casualties!
2027,train,there might be casualties tomorrow
2028,train,the more i listen to it the more i believe casualties of cool is one of the best albums there ever was.
2031,train,'american weapons and support are fueling a bloody air war in yemen' url
2033,train,i'm laughing in the face of casualties and sorrow the first time i'm thinking past tomorrow but i am not throwin away my shot
2034,train,user another shooting in a movie theater this is getting more crazier but i'm glad they got the shooter & no casualties.
2035,train,students at sutherland remember australian casualties at lone pine gallipoli url via user
2036,holdout,sharp rise in women children casualties in afghan war un says url url
2038,val,user you mean olympic ;-) also its follow-up for honshu operation coronet. in all: 1m allied casualties 30m japanese dead.
2039,val,user + do anything to fix that. of the few people he had every trusted in his life charles was one of the casualties.
2040,train,civilian casualties in afghanistan reach record high url url
2042,holdout,user user i've heard we're still using purple hearts manufactured then bc of the # of casualties we expected.
2043,train,another day has passed and thankfully central command has confirmed no new casualties. please pray for those in... url
2045,val,news wrap: un warns female and child casualties are on the rise in afghanistan url hashtag pbs hashtag iraq
2046,val,ûïthe road to power is paved with hypocrisy and casualties.û hashtag francisunderwood hashtag hoc url
2047,train,revise the death to america scenario? while there's 500 american casualties by iranian activity suspected!!! url
2049,train,hashtag afghanistan: sharp rise in women and children casualties in first half of hashtag 2015 url
2050,holdout,stay tuned or don't idc hashtag casualties url
2051,train,hashtag civilian casualties in afghanistan hit highest number since 2009 u.n. says via user - url
2055,holdout,warfighting robots could reduce civilian casualties so calling for a ban now is premature url hashtag ftsn hashtag ftsnnewsdesk #û_
2056,holdout,user what you don't think the allies should have just sucked up 1 million casualties?
2057,train,afghanistan: sharp rise in women and children casualties in first half of 2015 url
2058,val,whimsy as it pertains to mass casualties. always impressive.
2059,train,train derailment: in patna no news of any casualty so far url
2060,train,we're hashtag hiring in our toronto branch! surety underwriter/senior underwriter and casualty product leader. apply today. url
2061,train,being able to stay out of work this week to take online courses for the property and casualty stateû_ url
2063,train,property/casualty insurance rates up 1% in july: after several months of no movement commercial property/casu... url
2064,train,was '80s new hashtag wave a hashtag casualty of hashtag aids?: tweet and since they'd grown up watching davidû_ url
2067,train,cos sanity brings no reward for one more hit and one last score... don't be a casualty cut the cord...
2068,holdout,another sad ocean casualty-gray whale population in the pacific listed as critically hashtag endangered (hashtag drone video) url .
2069,val,user my grandfather was set to be in the first groups of marines to hit japan in operation olympic. 95% casualty rate predictions
2070,holdout,1st quality insurance group is hashtag hiring licensed property & casualty insurance agent produc url hashtag jobs hashtag denver
2071,train,'become another casualty of society'
2073,val,benzema increasingly looks to be a casualty of benitez's new look squad. arsenal bound? 50-50 chance i think
2074,train,wanted: gritty and real casualty photos of pasta thursdays at amico's. tag us or hashtag amicospizzato hashtag seeyouatamicos... url
2075,holdout,casualty team: ice cream recall sends chill through food industry url
2076,val,unpredictable disconnected and social casualty are my favorites how do people not like them
2077,train,user trauma center shines in response to multi-casualty crash. url url
2078,train,user user btw the 30th is actually next year casualty began 6th september 1986 so 2016 marks 30 years
2081,val,user user user user also are you aware of the casualty estimates for an invasion of japan's home islands?
2082,holdout,you can't watch 'home alone 2' without telling your kids 'she used to be on casualty'. hashtag homealone2 hashtag film4
2083,holdout,am best special report: how metrics correlate to am best's property/casualty ... - marketwatch url
2084,train,that took way longer than i expected
2086,train,i still don't know why independence day and social casualty are not on the rowyso setlist these songs would be so good live
2087,holdout,user i need to stop doing this to myself???? user
2089,val,rt user : documenting climate change's first major casualty url via user
2091,val,user social casualty
2094,train,canceling deal for 2 warships hashtag france agrees to repay hashtag russia via user url
2095,train,social casualty hashtag mtvhottest 5sos
2096,val,conning builds strong case for portfolio hashtag diversification for property-casualty insurers url
2097,train,user he was the lich king's first casualty block me back i hate you! url
2098,train,casualty roleplay somebody please am so bored
2099,train,casualty insurance jobs against hunt up willinghearted into: rpn url
2100,train,japan had a nuke program (albeit unsuccessful) and the casualty estimates for a ground war were in the tens of millions. user
2102,train,hashtag nowplaying: dubstep hardstyle trap messy mix (event recording) by alien casualty on user url url
2103,train,small casualty on the way to colorado url
2108,holdout,. user : france agreed to repay russia for two warships which were never delivered after economic sanctions url
2109,train,. user catastrophe is anything but! i literally have been unable to stop ejaculating.
2110,holdout,user migrating from iphoto to photo is a catastrophe. i have wasted days trying to get this to work. 12 hrsto get to 8% complete.
2111,train,cultivating joy in the face of catastrophe and suffering url hashtag pjnet hashtag tcotåêhashtag ccot url
2112,val,hashtag borrowers concerned at possible hashtag interest rate rise. this could be a hashtag catastrophe url
2113,train,. user the coming catastrophe of the destruction of the puppet republic half naemolgo continue to firmly support. yiraneuni and against
2114,train,failure is a misfortunebut regret is a catastrophe
2115,train,user 7/30 that catastrophe man opens school w/another he's an athlete not a teacher a principle not fulfilling any inside clerical duties
2116,val,hashtag iphone hashtag twist ultimate hashtag preparedness library: url prepare yourself for any catastrophe. ov url
2117,train,user user user i can not envision any catastrophe that would prevent a woman placing her child for adoption.
2118,train,user but there are good grounds to believe that 'political military catastrophe' was a crime planned and committed by individuals.
2119,train,then the stylist who'd been silent says 'there's a cool show on amazon prime called catastrophe...'
2121,holdout,hashtag boy hashtag mix ultimate hashtag preparedness library: url prepare yourself for any catastrophe. over 10 url
2122,val,god bless catastrophe
2123,train,user slightly diff catastrophe & barry was running solo but generally the same thing.
2125,train,update: 7 of the 9 mac pros my company bought in may have had catastrophe failures requiring repair!
2126,holdout,pisces tweets need to get better because most the tweets make me sound like a total emotional catastrophe.
2128,holdout,taylor and cara aka catastrophe and mother chucker behind the scenes of bad blood. vote: url hashtag vmas url
2129,holdout,[reviews] hashtag pixelsmovie not a catastrophe nor a funny movie... our review here : url
2131,val,burford. what a catastrophe! traffic and big lorries. no action as usual from council.
2133,train,hashtag denver co hashtag insurance hashtag job: claims property field adjuster catastrophe safeco ûò usa at liberty mutual insurance url
2134,train,hashtag spark hashtag song ultimate hashtag preparedness library: url prepare yourself for any catastrophe. over url
2136,val,12 month payday short catastrophe loans - promote finance your desire liqd
2138,train,i rated catastrophe (2015) 8/10 hashtag imdb - hilarious! url
2139,val,. user ceo: divestitures and hashtag catastrophe losses temper q2 hashtag results url
2141,train,chances are many of us are still digging out from that catastrophe. this is why wow needs to evolve. this is why it can't be vanilla anymore
2142,train,oh my god that's the biggest hashtag gbbo catastrophe i have ever seen. not that i watch the show or am into it at all ??
2144,train,hashtag nar hashtag phuket ultimate hashtag preparedness library: url prepare yourself for any catastrophe. over url
2145,train,not a catastrophe at all i'm perfectly content. being the only one means nothing when i'm being controlled. text me if you got crap to say
2146,train,user + catastrophe! it caused people to get reckless and the bottom line is that at least three of your friends will have +
2148,val,i had 2 regular coffees and a rockstar + coffee today and i'm still tired.
2149,val,alaska's hashtag wolves face catastrophe denali wolves population plummeted to 48! hashtag savedenaliwolves tweetstorm: url
2150,val,user i haven't watched that one yet. just finished catastrophe which is amazing
2153,train,bbc r5live studio discussion of hiroshima v poor. sheer *luck* the cold war did not result in catastrophe. mad = red herring. hashtag scraptrident
2154,holdout,human history becomes more and more a race between education and catastrophe.
2157,val,success is not built on success. its built on failure. its built on frustration. its built on catastrophe. hashtag real
2158,train,britney spears > vegas!! i missed you so much! ?? can't wait for the show tonight ?? hashtag pieceofme ?? catastrophe ?? url
2159,train,learning from the legacy of a catastrophic eruption url
2160,train,'climate change could be catastrophic -- but it does have some benefits.' really user ?!?! url
2161,train,following a catastrophic injury acute medical care takes precedent. ptsd often follows in it's wake undetected... url
2163,holdout,catastrophic-fallen-angel: reveillertm: macabrelolita: i was supposed to write û÷amino acids' and i nearly... url
2164,val,the catastrophic effects of hiroshima and nagasaki atomic bombings still being felt today url
2169,val,the catastrophic effects of hiroshima and nagasaki atomic bombings still being felt today url
2171,val,the catastrophic effects of hiroshima and nagasaki atomic bombings still being felt today url
2172,train,'invading iraq was a catastrophic mistake'. diplomacy needs to replace constant threat of war by us and israel: url
2173,train,learning from the legacy of a catastrophic eruption url via user
2174,val,the catastrophic effects of hiroshima and nagasaki atomic bombings still being felt today url
2175,train,user i wish going custom rom weren't so catastrophic
2176,holdout,the best part of old baseball managers wearing uniforms is the implication that if something catastrophic happens they'll grab a glove.
2177,train,learning from the most destructive volcanic event in u.s. history thirty-five years later: url
2179,val,the catastrophic effects of hiroshima and nagasaki atomic bombings still being felt today url
2181,train,user ...of the british upper class and his manservant. the pampered wealthy brit causes a catastrophic shift (reversal) of...
2183,train,user user 99% of scientists don't believe in catastrophic man-made global warming only the deluded do.
2186,train,user is this what u want netanyahu leading these united states into a catastrophic religious world war? enough already!
2188,holdout,learning from the legacy of a catastrophic eruption - the new yorker url
2189,train,learning from the legacy of a catastrophic eruption url via user
2190,val,the catastrophic effects of hiroshima and nagasaki atomic bombings still being felt today url
2191,holdout,a better look at what this catastrophic rain and flooding has done to ourû_ url
2192,val,the catastrophic effects of hiroshima and nagasaki atomic bombings still being felt today url
2193,holdout,learning from the legacy of a catastrophic eruption - the new yorker url
2194,val,something catastrophic is coming: should we tune out? url
2195,holdout,'kessler syndrome' is the name for the catastrophic exponential proliferation of space debris and destruction of satellites. hashtag gravitymovie
2198,holdout,learning from the legacy of a catastrophic eruption - the new yorker url
2203,val,excited not only about the next 6 years of school and ensuing student debt but also catastrophic climate change in my lifetime :d ??
2204,train,pretty much every time the audio dies on an audio stream for a baseball game i assume catastrophic nuclear attack.
2205,train,looking for a hashtag defendant hashtag catastrophic injury solicitor hashtag jobs url url
2207,train,user åç and probably even more. but some disagreements with general ross and the catastrophic occurrence made something clear. åè
2209,holdout,emergency response and hazardous chemical management: principles and practices url url
2210,holdout,the chemical brothers to play the armory in sf tomorrow night!: emergency bay area edm announcement ûò the chem... url
2211,train,hashtag illinois: emergency units simulate a chemical explosion at nu url via user hashtag hazmat
2212,train,at fema's center for disaster preparedness for a weeklong training on chemical biological radioactive nuclear emergency response
2213,train,russian nuclear-biological-chemical (nbc) brigade 'emergency response' exercise in southern md url url
2214,train,. user stop upsetting this bee! listen to science not chemical companies hashtag savebees url url
2215,train,???? hashtag krefeld: the incident happened in a chemical industry park! emergency operations underway! a building reportly collapsed! user user
2216,holdout,the chemical brothers to play the armory in sf tomorrow night!: emergency bay area edm announcement ûò the chem... url
2217,holdout,sign the petition user to protect bees instead of toxic chemical companies want to harm them! hashtag savebees - url
2219,train,usa: breaking news: chemical spill/evacuations/red cross emergency url
2220,train,new hashtag job opening at downtown emergency service center in hashtag seattle - hashtag chemical hashtag dependency counselor or intern hashtag jobs url
2221,train,emergency crews respond to chemical spill downtown beaumont hashtag benews url
2222,train,explosion at chemical site leads to building collapse near krefeld germany. emergency crews on scene; avoid the area. hashtag ijetalerts
2225,holdout,bomb crash loot riot emergency pipe bomb nuclear chemical spill gas ricin leak violence drugs cartel cocaine marijuana heroine kidnap bust
2227,train,google alert: emergency units simulate a chemical explosion at nu url
2229,train,downtown emergency service center is hiring! hashtag chemical hashtag dependency counselor or intern in hashtag seattle apply now! hashtag jobs url
2230,val,do you have a plan in case of a pool chemical emergency? learn more here: url hashtag watersafety user
2231,train,user ... need to be included in emergency planning for chemical plants. see also url
2233,train,emergency units simulate a chemical explosion at nu: suppose a student in the research labs at northwesternû_ url
2235,train,we know this is bad for the bees - don't give in to pressure from short term profit obsessed chemical companies... url
2236,train,nueva favorita: emergency feat. the chemical brothers / my bits url user
2237,val,downtown emergency service center is hiring a hashtag chemical hashtag dependency counselor or intern apply now! hashtag seattle hashtag jobs url
2238,train,emergency units simulate a chemical explosion at nu: suppose a student in the research labs at northwesternû_ url
2239,holdout,our chemical spill cleanup videos will prepare you for an emergency situation in the lab. url
2240,train,downtown emergency service center is hiring! hashtag chemical hashtag dependency counselor or intern in hashtag seattle apply now! hashtag jobs url
2241,holdout,day 2. liquidation of emergency at chemical object. hashtag usar2015 hashtag usar15 hashtag ruor #??????????? url
2242,holdout,emergency units simulate a chemical explosion at nu - evanston now url
2244,holdout,please stand up for bees against profit-hungry chemical companies. keep the ban & hashtag savebees sign the petition now: url
2245,train,user fortunately i reworked the plumbing on my emergency chemical shower to draw from the glitter pipe for just such an occasion
2246,train,user its a family emergency so i can't make it unless i have a chance to use by phone for stream.
2248,train,emergency 4 harbor city mod v4.5.2 hashtag 6 chemical fire in residential area!: url via user
2250,train,emergency responders prepare for chemical disaster through hazmat training. url
2251,train,lindenow: 3:15pm emergency crews are at a chemical spill in the main street near church street
2254,train,'go too ibiza pop ah pill get drunk & fall off a cliff'. (real talk) user user user
2255,train,user user noooooooo ... *proceeds to fall off a cliff*
2256,train,fuck neil go fall off a cliff or something.....hashtag yr ??????
2257,train,beat the hashtag heat. today only kill cliff free fall $2. pick up a hashtag cold drink today after the hashtag tough hashtag crossfit... url
2258,train,news flash! any decent billers been promoted to 'manager'? if so let me know as i want to watch your billings fall off a cliff. hashtag humble
2260,train,2leezy its like you're about to fall down a cliff but you're grabbing my hand but my palms are sweaty ... why bruh? url
2262,train,i regress and i slip and i fall off that cliff
2263,holdout,ok peace i hope i fall off a cliff along with my dignity
2265,train,if you're reading this go accidentally fall off a cliff mate
2266,val,if u faved that i hope you fall off a cliff ??
2267,train,hashtag funnynews hashtag business watch the moment a cliff collapses as huge chunks of rock fall onto a road in china url
2271,train,photographer brian ruebs endures 4500-feet climb to capture bride and groom url
2272,train,alex is making me watch 107 facts about minions i want to fall off a cliff help
2273,train,do me a favor and fall off a cliff
2274,train,user all andre and gore have to do is not fall off the cliff and we're elite on that side of the ball.
2275,train,fall off a cliff please url
2277,train,i hope they fall off a cliff.
2278,train,don't let your style fall flat this summer! lord & cliff hashtag thinkpink hashtag magichairbump is your answer. adding this... url
2279,train,when you're in deep sleep and then you dream you're bout to fall off a cliff then wake up while struggling to keep a balance
2280,holdout,currently want to drive my car off a cliff and fall to my death.
2281,train,i hope you fall off a cliff
2282,holdout,i accidentally killed an 87 day snap streak and now i wanna accidentally fall off a cliff ????????????????????
2284,val,user user fall off a cliff into hell idc
2285,train,photographer brian ruebs endures 4500-feet climb to capture bride and groom url
2286,val,user i got this cute lil cliff you can fall off of??
2288,holdout,i hope u trip n fall of a cliff after this tweet url
2289,val,news update huge cliff landslide on road in china - watch the moment a cliff collapses as huge chunks of rock fall... url
2292,train,huge cliff landslide on road in china: watch the moment a cliff collapses as huge chunks of rock fall onto a r... url
2294,val,one day i want someone to run for the ferry fall and crack there face open for almost knocking me over just to get on a boat ??????
2296,train,gulfport energy - all-in realizations fall off a cliff url
2297,train,*jumps off of a cliff while drinking tea* this is how british people fall off cliffs.
2298,train,627% but if they had lower striked than 16 i would have gone even further otm. this could really fall off a cliff.
2299,train,that sounds like a really bad idea i like yoenis but i feel like his production could fall off a huge cliff.
2300,train,'i'm there!' bride & groom on mountain cliff edge. ha ha just kidding. i will not ever be there. ha ha - url
2301,train,esn : cilla black died of stroke after fall in spain: sir cliff revealed he was due to visit her in spain nextû_ url
2303,train,hashtag nowplaying * cliff richard - i could easily fall (in love with you) (& shadows) * hashtag internet hashtag nieuws hashtag radio on url
2304,train,runaway minion causes traffic collapse in dublin url
2306,train,time collapse is such a cool video technique. url
2307,val,would a paramedic really do that? leave someone inside a building that's about to collapse/blow up? user
2308,train,user i don't see the option to buy the full collapse vinyl with tee bundle just the waiting?
2309,holdout,warne ponting shocked by australian collapse - yahoo cricket india url
2311,train,watch the terrifying moment two giant cranes collapse onto homes: a row of homes was destroyed in seconds. url
2312,train,user the 'barbaric saudies' as you said they relive austrian economy. if we stop coming here many project will collapse.
2314,val,interview on the collapse of materialism best hashtag talkradio listen live: url
2315,val,economic collapse investing: specific actions and strategies to securing lasting wealth from the financial blowout. url
2317,train,what would you do if you were trapped in a collapsed circus tent with a bunch of clowns? url
2318,holdout,i get this feeling that society will collapse or implode. so don't be a hero and play your part.
2319,train,user user user user user and by doing this you're enabling the possible collapse of the industry.
2321,train,eurocrisis guardian greece's tax revenues collapse as debt crisis continues: as talks continue over proposed ââ... url
2324,train,only one commodity has escaped the total collapse in prices url hashtag business
2325,holdout,ashes 2015: australia totally collapse and the internet absolutely loves it url
2327,holdout,i liked a user video url eminem feat. nate dogg - till i collapse
2329,val,timestack' photos collapse entire sunsets into single mesmerizing images. url
2330,train,mentions of 'theatre +shooting' on twitter spike 30min prior to $ckec collapse url
2332,holdout,correction: tent collapse story url
2333,val,user user sweet lord. (i collapse as my knees buckle)
2334,train,ashes 4th test: 10 hilarious twitter reactions to australia's collapse url by user
2336,holdout,sa mp. steel and ferrochrome industry on verge of collapse. you don't even put that on list of questions to president for oral answer
2337,holdout,correction: tent collapse story url
2339,train,spot fixing/match fixing ..anyone??? or it has to be pak sl wi rsa or bd to say this. sham on them who say that when these team collapse
2340,holdout,why did i come to work today.. literally wanna collapse of exhaustion
2341,train,hashtag greece's tax revenues collapse as debt crisis continues via user hashtag bailout url ^mp
2342,train,'60 all out? what!' - world reacts to aussie collapse url
2346,train,warne shocked over australia's epic collapse at trent bridge: johannesburg aug 06 (ani): legendary australian... url
2347,train,now that's what you call a batting collapse hashtag theashes
2348,train,growth dries up for bhp billiton as oil price collapse bites url
2349,train,hashtag roh3 hashtag jfb hashtag tfb hashtag alrasyid448iturasya correction: tent collapse story url hashtag us roh3 smantibatam hashtag roh3smantibatam
2350,train,greece's tax revenues collapse as debt crisis continues url
2351,train,åèmgn-africaå¨ pin:263789f4 åè correction: tent collapse story: correction: tent collapse story åè url user
2352,train,the user economy continues to collapse.
2354,val,ûï user : 'my friend came to school blasted...i asked him if he was high he said pancakes then collapsed' -iowa city highû
2356,train,user user user user saved us?bush lowered tax rate for wealthy n economy collapsed w/middle class 401ks destroyed.
2358,train,i was on my way to gary but all the chicago entrances was closed due to a bridge collapsed ?????? i hope they let us through tomorrow
2359,val,gut deutsch musik! the old and rotten the monarchy has collapsed. the new may live. long live the german republic! url
2361,train,great british bake off's back and dorret's chocolate gateau collapsed - janû_ url
2362,train,user user hashtag wish mattingly & bundy & mcgwire were standing on it when it collapsed!
2363,train,catching up on gbbo and omg that girls cake that just totally collapsed i feel so bad
2364,train,roof collapsed a bowling alley many in the community remember going to for more than 30 years user url
2366,holdout,+ did you say to him!!?!?!?!' and phil actually collapsed on the gravel sobbing endlessly with a crowd watching him confused angry mad+
2367,val,1 hour parade like 50 people collapsed. hashtag oneheartonemindonecss
2368,train,... the pain of those seconds must have been awful as her heart burst and her lungs collapsed and there was no air and...
2370,train,bay district coaches learn cpr during medical course: panama city ûó an athlete collapsed on the field. coaches... url
2372,train,user and tongue out as she collapsed in the cum puddle her whole body covered.
2373,train,user i cant breathe my lungs collapsed
2374,train,zimbabwe is a country with a collapsed government ruled by a dictator while many live below the poverty line.
2375,train,user prices here are insane. our dollar has collapsed against the us and it's punishing us. thanks for the info.
2376,train,i just collapsed in my bed ugh i'm exhausted
2377,train,another entity forced to close in montego bay as a result of the collapsed sewer line hashtag tvjnews
2379,val,petition | heartless owner that whipped horse until it collapsed is told he can keep his animal! act now! url
2382,train,on the 2nd year the officer team running the club collapsed. a few influential members betrayed everyone's trust severing the community.
2385,val,petition | heartless owner that whipped horse until it collapsed is told he can keep his animal! act now! url
2386,train,my portable closet has collapsed 3x and it finally broke and my mom said 'maybe u should get rid of some clothes' lol how about no
2387,train,user the game has officially collapsed
2388,train,great british bake off's back and dorret's chocolate gateau collapsed - jan moir url url
2389,train,still mortified that when i went to rose's i collapsed on my heels face planted in front of everyone and broke my fav shoes
2390,train,'it hasn't collapsed because the greek people are still being played for as fools by tsipras he costû_' ûó wallybaiter url
2391,train,my user answer to why do my answers get collapsed when others don't? url
2394,val,and he almost collapsed bc he said his wish came true moderately fuck
2395,train,collapsed the moment i got home last night lol
2396,train,user oh wow my heart collapsed cool im crying cool cool
2397,train,look: hashtag i have collapsed hashtag after attempting to munch an endangered species.
2398,train,apparently part of the building just collapsed. hope everyone is ok.
2399,holdout,user i was wrong to call it trusty actually.. considering it spontaneously collapsed on me that's not very trusty.
2400,val,petition | heartless owner that whipped horse until it collapsed is told he can keep his animal! act now! url
2402,train,user thank u
2406,train,i liked a user video from user url call of duty: ûïthe piano entertainerû ep. 9 ûò musicians collide!
2408,train,and when those waves shall ripple collide it's on the tide of your love i will survive. hashtag love user
2409,train,somehow find you and i collide url
2410,val,but even if the stars and moon collide i never want you back into my life??????.
2412,train,stepped outside with a drink and a cigarette and immediately locked eyes with a jogger. worlds really do collide.
2413,train,it's always super awkward when worlds collide
2414,train,url efs300: url 'star wars' and 'star trek' collide on pluto moon charon hashtag pluto
2415,holdout,when high fashion and food collide: gucci has chosen one of shanghai's most popular commercial avenue... url hashtag fashion
2416,val,that sounds about right. our building will have a thunderstorm inside one day when the air masses collide. url
2417,holdout,i just remember us driving and singing collide together
2418,train,lets collide untill we fill the space.. ??
2419,holdout,students collide this fri/sat - register url hashtag nlccollide url
2420,train,i don't wanna touchdown just wanna make our worlds collide ??
2421,val,user love you & can't wait until collide!!!????
2422,train,pierce the veil rubber bracelet wristband collide with the sky - full read by ebay url url
2423,train,soultech - collide (club mix) url
2425,train,i liked a user video from user url when realities collide! (life is strange hilarious glitch)
2427,train,user gamma ray january worlds collide she waits be me wave past perfect reunion lucky cool if i come over hot times...
2428,holdout,the witches of the glass castle. supernatural ya where sibling rivalry magic and love collide hashtag wogc hashtag kindle url
2429,train,maybe if the stars align maybe if our worlds collide
2430,train,check out my new song 'collide' live at the bowery electric! url
2432,train,user like a scene from when worlds collide ......
2435,train,and even if the stars and moon collide ûó oh oh! i never want you back to my life you can take your words and all... url
2437,train,hashtag nowplaying the playlist 'when jazz and hip-hop collide' in user url
2438,val,hashtag vancouver to host 100s of electronic art events including user . url hashtag isea2015
2440,train,worlds collide when an american family takes over britain's isle of man in new tlc show suddenly royal url via user
2441,holdout,when houston and nyc collide. ?? user user user user user hashtag gemma hashtag boweû_ url
2442,train,this setlist from user this past sunday was powerful! what song was your favorite? url
2443,holdout,hashtag thedoolinggroup 2 injured when 2 school buses collide - åê hashtag breaking: school bus slams into school bus in bordento... url
2445,train,even then our words slip and souls coincide finer than subatomic spells just as we collide url
2446,val,devia ler 'as we collide hashtag wattys2015' no hashtag wattpad hashtag teenfiction url url
2451,train,secrets of the world collide but i leave the past behind it's been so long now and i can't go without
2452,train,when high fashion and food collide url
2453,train,you either ride with us or collide with us. it's as simple as that for me and my niggas.
2454,holdout,cyclist who collided with runner on roanoke greenway wins $300000 civil verdict url via user
2455,train,my 2 fav worlds have collided! thanks to user user i found the user podcast!! hashtag ihave44episodesofgg hashtag nojoke
2456,train,user *as it was typical for them their bullets collided and none managed to reach their targets; such was the ''curse'' of a --
2457,train,first tweet collided with a selfie. pretty 'sweet' if you ask me???? url
2458,train,police investigating after an e-bike collided with a car in little portugal. e-bike rider suffered serious non-life threatening injuries.
2459,train,hashtag newswatch: 2 vehicles collided at lock and lansdowne sts in hashtag ptbo. emerg crews on their way
2460,val,when love and hate collided part ii lanjut dirumah... hashtag yagitudeh - jake (at rumah cipinang) ûó url
2462,train,--thus making user 's assault useless. the spears collided with the dark force however did not penetrate. due to the dark --
2463,train,i scored 111020 points in punch quest stopped when a squeaky bat collided into my skull. url
2464,train,reading for work has collided with reading for pleasure. huzzah. don't miss user 's vermilion! url
2465,train,mind blown by user slithering viscous gold mine (cover of yeah yeah yeahs + erykah badu)û_ url
2466,train,monsoon flooding - monsoon rains have have hit india pakistan and myanmar hard this season. two trains collided ... url
2467,val,an eau claire man who police said was drunk when his suv collided with a train was sentenced in chippewa county: url
2468,val,two trains have collided in india. please pray for victims their families and rescuers.
2470,train,two cars collided following shotgun fire in denton url
2471,train,major accident causes life-threatening injuries closes highway: an 18-wheeler and an suv collided and thenû_ url
2475,train,on page 500 of 688 of after we collided by anna todd url
2476,train,'car vs motorcycle in harwich port' harwich port ûò a car and motorcycle collided around 5:30 p.m. the crash happenû_ url
2478,train,the 2 cars right in front of me collided and if i hadnt stopped in time it would've been me too. hashtag butgod ????
2479,holdout,my user and food worlds have collided in this user salmon video. hashtag simple hashtag alaskaseafood hashtag askforalaska url
2480,train,16 dead in russia bus accident: at least 16 people were killed and 26 others injured when two buses collided i... url
2482,val,stupid women nearly collided into me today after she came out of a junction not looking. still kept coming towards me till i beep my horn
2483,holdout,ssp east says a car aeg 061 driven by a young man collided with akram's carhot words were exchanged n he did firing in air1bullet hit tyre
2485,train,she looked back & her daughter & said 'everyone loved the picture i posted of you' & like collided into another car like what the
2486,holdout,we're happily collided :)
2487,train,monkey just collided heads with our ninja. commence the tears :(
2488,train,hashtag newswatch: 2 vehicles collided at lock and lansdowne sts in hashtag ptbo. emerg crews on their way
2489,train,2 pple have been confirmed dead and over 20 rescued while many went missing after a ferry carrying 200 collided with a fishing boat.hashtag news
2490,val,drob collided into dan hughes while she was going after the ball. looks like he hurt his back as he fell back on the chair. hope he's ok!
2491,train,2 cars collide 1 crashes into building: two cars collided at an intersection and that sent one vehicle crashingû_ url
2492,val,san antonio stars head coach dan hughes was just carted to the locker room after one of his guards collided with... url
2493,val,bicycle-suv accident in mesick: police say that the bicyclist entered onto west m-115 and collided with a boat... url
2494,holdout,it's even worse than it looks: how the american constitutional system collided with the new politicû_ url
2496,train,omg omg omg hashtag justinbieber and hashtag harrystyles have collided in a nuclear accident at hashtag cern ^oo^ hashtag harrybecareful url
2497,train,16 dead in russia bus accident: at least 16 people were killed and 26 others injured when two buses collided i... url
2498,train,well that was a journey to get home! a train collided with cows on the track! ????
2499,holdout,crews working to restore power in southwest omaha after vehicle collided with utility pole. - url
2500,val,stepkans media - two confirmed dead after the boat they were travelling in collided in. l.victoria url
2501,train,cyclist who collided with runner on roanoke greenway wins $300000 civil verdict - roanoke times: cyclist who c... url
2502,train,can't watch pvris i'm so sad bc it collided with another set
2504,train,motorcyclist bicyclist injured in denver collision on broadway: at least two people were taken to a localû_ url
2505,train,user you literally almost had a head on collision with us today on pilot knob
2506,train,north sac elkhorn blvd / walerga rd **trfc collision-1141 enrt** url
2507,val,beat:g3 motor vehicle collision hit and run at rainier av s / s charles st reported on 8/5/2015 6:08 pm call# 15000270653
2508,holdout,beat:b2 motor vehicle collision at n 35 st / fremont av n reported on 8/5/2015 6:52 pm call# 15000270364
2510,train,south sac florin rd / franklin blvd **trfc collision-1141 enrt** url
2512,holdout,collision: hashtag hwy401 eb just east of hwy 8 hashtag cambridge single vehicle blocking the left lane. hashtag opp enroute. ^ag
2513,val,santa fe springs studebaker rd / south st **trfc collision-no inj** url
2514,train,anti collision rear- hashtag technology hashtag cool url
2515,train,motorcyclist bicyclist injured in denver collision on broadway: at least two people were taken to a localû_ url
2516,holdout,2 dead 2 injured in head-on collision on kenai spur highway url
2517,train,motorcyclist bicyclist injured in denver collision on broadway: at least two people were taken to a localû_ url
2519,train,baltimore city : i-95 north at mp 54.8 (fort mchenry tunnel bore 3: collision: i-95 north at mp 54.8 (fort mchenry tunnel bore 3 nort...
2520,holdout,apply now to work for dilawri as hashtag body hashtag shop/collision centre manager in hashtag vancouver hashtag jobs url url
2521,holdout,thisisfaz: anti collision rear- hashtag technology hashtag cool url via techesback hashtag tech
2523,train,anti collision rear- hashtag technology hashtag cool url via techesback hashtag tech
2524,train,san bernardino i10 w eo / redlands blvd **trfc collision-no inj** url
2527,holdout,on i-405 southbound at coal creek pkwy there is a collision blocking the center lane.
2528,train,dublin i580 e / i580 e north flynn rd onr **trfc collision-no inj** url
2530,val,westminister sr22 w / knott st **trfc collision-no inj** url
2531,train,anti collision rear- hashtag innovation hashtag gadgets url
2532,train,well saturn doesn't exist anymore. so the collision place has a starting estimate of $4000. that's 3 times what my car is worth.
2534,train,motorcyclist bicyclist injured in denver collision on broadway url
2535,holdout,west valley i405 n / us101 s i405 n con **trfc collision-unkn inj** url
2536,holdout,user tells of the tragic mid-morning collision which claimed the life of a young man riding a motorcycle. url
2537,train,two-vehicle collision at fowlers corners at hwy. 7 and frank hill rd. is blocking the road: opp. only minor injuries to the occupants.
2538,train,my favorite lady came to our volunteer meeting hopefully joining her youth collision and i am excite url
2539,val,hashtag colorado hashtag news motorcyclist bicyclist injured in denver collision on broadway: at least two people were tak... url
2540,train,traffic collision - ambulance enroute: elkhorn blvd at walerga rd sacramento url
2541,train,7:13pm hashtag mapleridge lougheed hwy eb is closed between 203rd and dewdney trunk rd because of collision. eto is between 8:00 pm and 9:00 pm.
2542,holdout,head on head collision ima problem and nobody can solve em on long division
2543,train,solano sr37 / skaggs island rd **trfc collision-1141 enrt** url
2544,train,traffic collision - no injury: i5 s at i5 s 43rd ave offramp south sac url
2545,train,cleared: collision: hashtag qew fort erie bound approaching hwy 405 hashtag niagara.vehicles removed. ^ag
2546,train,motorcyclist bicyclist injured in denver collision on broadway url
2547,train,motorcyclist bicyclist injured in denver collision on broadway: url by user
2548,train,south sac i5 s / i5 s 43rd ave ofr **trfc collision-no inj** url
2550,train,anti collision rear- hashtag gadget hashtag technology url
2552,train,sometimes in space celestial bodies with separate trajectories that intertwine find themselves in a dance rather than a collision course.
2553,train,the next financial crash. ûïthe writing is on the wallû. don't say ûïyou weren't warnedû url via user
2554,train,i feel that 'crash and burn' by thomas rhett for sure
2555,train,motogp indianapolis: espargaro: layout 'worries me a little' - url url
2556,train,just bought another user 18' medium crash!! hey user what about an endorsement! starting to get expensive!
2557,train,html5 beginners crash course url hashtag course url
2559,val,'a slamming door and a lesson learned... i let another lover crash and burn'??
2560,val,user who had a car crashsterling!who was driving in the carmel or joeysterling knight???????
2561,val,user alright now i'm gonna crash i'm so exhausted
2564,train,party for bestival crash victim michael molloy on what would have been his 21st url
2565,train,cleared: crash in hamilton on i-75 south at mm 459.
2566,train,deliver value: a cash source crash course url hashtag course url
2568,train,the next financial crash. 'the writing is on the wall'. don't say 'you weren't warned' url
2569,val,am boy user url
2570,train,make man pikin crash ??????
2571,train,hashtag incident crash in pascoe vale south outbound on tullamarine fwy (citylink) near moreland rd. vehicles off in emergency lane. no delays.
2572,holdout,i let another love crash and burn
2573,train,if you sit and rant on snapchat to your apparent fans when you have about 8000 followers i hope your in a train crash xoxo
2575,train,crash and burn ?? url
2576,train,cpanel crash course url hashtag course url
2579,train,user user user getting kicked out by that crash is one of the worst experiences i've had playing video games.
2582,train,user user i'll crash it
2585,train,please keep josh the salyers/blair/hall families & jenna's friends in your prayers. she was taken far too soon. rip url
2587,train,??one night and we're gonna come and crash the party weren't invited but we're feelin' soû_ url
2588,train,'fatal crash reported on johns island' url
2590,train,photoshop tools crash course - complete photoshop tool guide url hashtag course url
2591,train,photoshop cs6 crash course url hashtag course url
2592,val,kinetic typography crash course (after effects) (video) url hashtag course url
2593,train,police respond to crash find 'suspected heroin' url
2594,holdout,i see dat we liable to fuck up and crash ????
2597,train,akilah world news cop pulls man from car to avoid this ... url
2598,train,man killed in crash in barrington hills: a hoffman estates man was killed in a single-car crash wednesday afte... url
2599,train,crash helmet silvery floors karnal fat shoot sampling 33: pbcanpcx
2602,train,'crash test' trailer: paul scheer & rob huebel's comedy special recorded on a ... url
2603,train,user user i tried downloading it and it crashed after the tutorial
2604,train,maj muzzamil pilot offr of mi-17 crashed near mansehra today. url
2605,train,url bin laden family plane crashed after 'avoiding microlight and landi... url hashtag peritoengrafoscopia
2606,holdout,my son didn't sleep all night! ?? so finally at 4am i laid him with me on my bed and he crashed out ????
2608,val,neil_eastwood77: i am a knobhead!! bin laden family plane crashed after 'avoiding microlight and landing t... û_ url
2609,train,bin laden family plane crashed after 'avoiding microlight and landing too far down runway': three members of t... url
2611,train,user ux fail of emv - people want to insert and remove quickly like a gas pump stripe reader. 1 person told me it crashed the pos
2612,val,major hamayun shaheed pilot of mi-7 heli that crashed in mansehra url
2614,train,hashtag uk bin laden family plane crashed after 'avoiding microlight and landing too far down runway': three members ... url
2616,train,user it has crashed so many times the past couple hours
2617,train,> bin laden family plane crashed after 'avoiding microlight and landing too far down runway... url hashtag rochdale hashtag heywood
2619,val,my ipod crashed..... hashtag weloveyoulouis hashtag mtvhottest one direction
2621,train,user heard this few days ago while driving and near crashed the car from laughing to much
2622,val,user havnt you crashed ? ??
2624,holdout,could anyone tell me of this here has crashed or just taking a very long time hashtag windows10 please! url
2625,train,intact+mh370+part+lifts+odds+plane+glided+not+crashed+into+sea url via user hashtag hope for answers.
2627,train,pak army helicopter crashed in mansehra.
2628,val,1 ûò the bug that almost crashed the euro - url
2629,train,pakistan says army helicopter has crashed in country's restive northwest killing at least 8 url
2631,train,hashtag news bin laden family plane crashed after 'avoiding microlight and landing too far down runway' url
2632,holdout,this guy bought my car on tuesday police knocked my door yday cos he crashed n ran & 2day he text me asking not to send the log book????????
2633,holdout,maj muzzamil pilot offr of mi-17 crashed near mansehra today. may almighty give strength to family to bear the loss url
2635,train,thief broke front window of hicksville store stole 50 cell phones; fled crashed into... url
2637,train,army sources say 12 persons on board including a team of doctors die in helicopter crashed near mansehra. weather seems to be cause of crash
2640,train,user skype just crashed u host
2641,train,i already had my phone updated to 8.4 and somehow my phone crashed and i had to restore it and they're not letting me restore it
2642,train,he was only .4 of a second faster than me and i overtook him twice (then crashed) tru luv <3 <3
2643,train,i just nearly crashed my car typing 'paul rudd attacked by flying ants' into notes on my phone.
2644,val,honestly nightmarish. god driving to new places is always stressful as shit & i hate it so much. ugh. almost crashed a few times
2645,train,i crashed my car into a parked car the other day... hashtag modestmouseremix hashtag truestory
2647,train,f496d mhtw4fnet pakistan says army helicopter has crashed in country's restive northwest - fox news
2648,train,ttw today's news: bin laden family plane crashed after 'avoiding microlight and landing too far down runway' url
2649,train,heard hashtag skh on the radio for the first time. almost crashed the car. user user user user user
2651,val,mh370: intact part lifts odds plane glided not crashed into sea url
2655,val,user more like you love your husband but you're posting another man for your man crush monday's lol
2656,holdout,womem crush wednesday ?????????????????? user
2657,holdout,' user : 6. @ your bf/gf/crush ??' user ??
2658,holdout,this guy idk just made me his woman crush ?? first one ever ??
2659,train,wce i can't even lie even tho i can't stand her she still will always be my crush ?? user
2660,train,women crush ???? url
2661,train,my woman crush wedneday goes to the beautiful user hashtag loveyouuuu hashtag aintsheperty url
2663,val,being bestfriends with your high school crush???? user
2664,train,ina buted girl crush??
2666,train,samel_samel has a crush: url
2667,train,i'm my own woman crush ????
2668,train,love love love do you remember your first crush ? ??
2670,holdout,had a minute alone with my crush??...it was an overrated experience...smh
2671,holdout,user que crush?hashtag mtvhottest justin bieber
2672,holdout,master0fsloths has a crush: url
2673,holdout,my lil brother has a crush on mariah ??????
2675,train,ron & fez - dave's high school crush url via user
2676,train,when you're girlfriend is completely gorgeous???? @ woman crush & stuff url
2677,train,i'm so high moe i'm bouta crush this friday's
2679,train,i have the biggest crush on you & i dont know if you'll ever know it ??
2680,train,hashtag mrrobinson is giving me hashtag thesteveharveyshow vibe. music teacher looks out for students has crush on girl he went to high school with. ??
2682,train,seriously have the biggest girl crush ever on blake lively
2683,train,when you see your crush in the stands. (vine by user ) url
2684,holdout,yhngsjlg just tweeted about their secret crush: url
2687,train,user yeah i have a crush on her
2688,val,me trying to look cute wen crush is passing by ... url
2689,holdout,crush content marketingåêmediocrity url url
2691,holdout,only had a crush on one girl in high school and she don't even realize it lol
2692,holdout,sevenfigz has a crush: url
2693,train,men crush every fucking day???????????????????????????? url
2694,train,tiffanyfrizzell has a crush: url
2695,train,more than a crush ???????????? wce user ?????????? url
2696,val,user lmao well i only know one and ive only had a crush on this one sooo
2698,train,hashtag nowplaying fitz and the tantrums - out of my league on hashtag crush hashtag listen url hashtag nowplaying
2700,train,man crush everyday ???? user url
2701,train,do he love me do he love me not i ain't a playa i just crush a lot
2702,train,kenny holland crush da vida
2703,train,crushed
2706,holdout,this popeyes bout to get crushed ??
2707,train,that was crushed holy shit
2708,train,bhavana's mom has crushed everyone's soul
2709,train,crushed it! url
2711,train,url wrapup 2-u.s. cable tv companies' shares crushed after disney disappoints url
2714,train,. user i crushed squirrel bones with a mortar and pestle for my school's bio dept. not really sure why hashtag worstsummerjob
2715,train,edwin wow. crushed.
2719,train,mango juice with crushed ice>>>>??
2720,val,man crushed to death by own car url
2723,train,a diamond is just a piece of charcoal that handled stress exceptionally well. we are hard pressed on every side but not crushed.2 cor4:8
2724,train,wow! he crushed that! hashtag edwing hashtag bluejays
2725,train,crushed the gym then crushed a butterfinger flurry clearly my priorities are straight ??
2726,train,wrapup 2-u.s. cable tv companies' shares crushed after disney disappoints url
2727,train,user so the question is: would you crush ortiz for bunting as your sports writing forefathers crushed williams?
2728,train,user ouch clelli....you could almost hear their hopes and dreams being crushed !
2729,train,jesus christ that ball was fucking crushed!! hashtag bluejays
2730,val,i crushed a 3.1 km run with a pace of 5'41' with nike+ sportwatch gps. hashtag nikeplus: url
2731,val,papi absolutely crushed that ball
2732,val,crushed a 6 mile run tonight. awesome
2733,train,wrapup 2-u.s. cable tv companies' shares crushed after disney disappoints url
2734,train,oil prices falling but drivers could reap benefits url
2736,train,i crushed a 11.2 km run with a pace of 7'46' with nike+ sportwatch gps. hashtag nikeplus: url
2739,holdout,nick williams just hit another bomb. just crushed it
2740,train,holy moly that was crushed.
2741,train,hashtag ayekoradio play brasswork agency - crushed and shaken url hashtag radio hashtag netlabel hashtag electronicmusic hashtag listen hashtag ccmusic
2743,train,so many youtube commenters saying the dothraki would get crushed if they came to westeros...nah bro you underestimate the dothraki
2744,holdout,disillusioned lead character check happy go lucky free spirit girl check dream life crushed check great music check all crowe tropes intact
2748,train,remember how nora jones crushed it in two weeks notice?
2749,train,how empire avenue crushed my soul url via user
2752,train,'13 m. chapoutier crozes hermitage so much purple violets slate crushed gravel white pepper. yum hashtag france hashtag wine hashtag dc url
2753,train,user user the thirst has no curfew ???????????? user
2755,val,ara news reporting jan fighters infiltrated ashrafiyah district of afrin with aim of carrying out suicide attacks. ypg have imposed a curfew
2756,train,user thirst has no curfew
2757,train,and the fact that i have a curfew
2758,train,user ?? shut up freshman its past ur curfew. u need some sleep!! u spend too much of ur time watching tv instead of going outside ??
2759,train,is there a night curfew on campus? find out here: url url
2760,train,police: teenagers arrested for curfew violations in evanston were riding stolen bicycles: two teenagers taken into cus... hashtag chicago hashtag news
2761,train,for some reason im listening to curfew overtime and stuck in a kodak over and over again
2763,train,user i should've gave him a curfew
2765,train,curfew really helps if you think about it ... hashtag bc
2766,train,exofficio men's boxer brief curfew large url
2767,holdout,info s. wnd: 030/6. cld: sct014 bkn032. exp inst apch. rwy 05. curfew in oper until 2030 z. taxiways foxtrot 5 & foxtrot 6 navbl. tmp: 10.
2768,train,user thank you. ?? now i don't have a city wide curfew. ????
2769,train,she just said does he have a curfew 'nope'??
2770,holdout,her curfew will start right after her private class ends. tutor must a woman preferably someone over 50.
2771,train,user there is no such curfew.
2773,train,it was past curfew and we were at the grove
2774,train,user because it's 12 o'clock and my mom said everyone has to go home because of curfew.
2777,val,user she said a few months. but i get a curfew for out time smfh
2778,train,ball has no curfew url
2780,train,user i be seen them turn a blind eye to a bloke drinking and smoking on during the curfew time cos'its not worth the hassle'
2782,train,next may i'll be free...from school from obligations like family.... best of all that damn curfew...
2783,train,user i know user will be saying her final goodbyes to grandpa as seen on news rip me? always open to ideas but may ve curfew
2784,val,people really still be having curfew even when they're 18 & graduated high school ??
2785,val,user i'm telling your mom your up past curfew oth
2786,train,had to cancel my cats doctor appointment because she decided to go out and play and not come home by curfew ...
2787,train,info r. curfew in oper until 2030 z. taxiways foxtrot 5 & foxtrot 6 navbl. wnd: 060/5. exp inst apch. rwy 05. damp. tmp: 10. qnh: 1028.
2788,train,but no lies though. it's pays to be the oldest sometimes. like being the first to get a car and have no curfew. hashtag freedom hashtag donthate
2792,holdout,info u. cld: sct012 bkn025. exp inst apch. rwy 05. curfew in oper until 2030 z. taxiways foxtrot 5 & foxtrot 6 navbl. tmp: 10. wnd: 030/6.
2793,val,rite now man a tlk widout nuh curfew long side aka cum fi steal di show itz a rubbery di whole a dem fi knw... sound it *music*
2794,holdout,dont even come if you worried about curfew hashtag bc19
2795,val,you got a whole curfew ????
2796,train,when you're 5 hours late for curfew and have to pray your dog doesn't bark when unlocking the door
2797,train,da judge gave dis girl 5pm curfew ??????
2799,train,in the beginning of summer my mom made my curfew 1 now it's back to 12 and i can never go out and she wonders why i'm always at home
2801,train,why charlie lim start at 9pm on this sunday..... i have curfew leh :-(
2802,train,when u bombed and u try 2 get home for curfew url
2803,train,awwww baby walter hashtag rewatchingthepilot hashtag teamscorpion hashtag cyclone
2807,holdout,'the big ten has their annual football media day but before we get into that here's some cyclone hoops recruiting nuggets'
2808,train,hashtag camera hashtag art hashtag photography url hashtag 0215 new boltåêcyclone dr pp-400dr dual outlet power packåêfor external camera flash $30û_
2811,train,user user user it works for my purpose. a large cyclone would be better. i just don't have $4k. this was $500
2813,holdout,a new tropical cyclone is forming near guam. once it is formed it will be called 'molave'.
2815,val,video: new de jhaustin thomas on being a cyclone - ames tribune: ames tribune video: new de jhaustin thomas onû_ url
2817,train,user we need these plants in the pacific during the cyclone seasons it would help
2819,train,bbc forced to retract false claims about cyclone pam url via user
2820,holdout,great condition easton cyclone softball bat fastpitch (-9) 29/20 sk398 url url
2821,holdout,severe weather bulletin no. 5 for: typhoon ûïhashtag hannaphû (soudelor) tropical cyclone: warning issued at 5:00 pm 06... url
2822,val,'the cyclone derives its powers from a calm center. so does a person.' - norman vincent peale
2825,train,user ante hudhud cyclone chandrababu valle ne ante ga?
2826,train,cyclone komen devastates families in myanmar this week. we need to help them today: url
2827,val,severe weather bulletin hashtag 6 tropical cyclone warning: typhoon 'hanna' issued at 11:00 p.m. thursday 06 august... url
2828,train,back to the future in hashtag vanuatu how cyclone pam has encouraged traditional ways of living: url url
2829,train,bank manager asks tom in an interview: 'what is cyclone' tom: 'it is the loan given to purchase a bicycle'
2830,train,excited for cyclone football url
2831,train,bbc forced to retract false claims about cyclone pam url via user
2832,train,talent: misdirection cyclone pass ignite pass vanishing drive phantom shot hashtag kurokobot
2833,train,now on hashtag comdev hashtag asia: radio stations in hashtag bangladesh broadcasting hashtag programs ?to address the upcoming cyclone hashtag komen url
2835,holdout,like a cyclone imperialism spins across the globe; militarism crushes peoples and sucks their blood like a... url
2836,holdout,1970 mercury cyclone gt hood moulding very nice core cobra jet 429cj gt url url
2838,train,'i'm a cyclone passion overblown' url
2839,train,his majesty emperor salman khan's unstoppable cyclone of entertainment humanity bajrangi bhaijaan creating history everywhere crosed 300 cr
2841,train,1970 mercury cyclone gt quarter panel d/s rear trim moulding cobra jet 429cj url url
2842,train,[tropical cyclone info] soudelor 945hpa maximum wind speed: 45m/s maximum wind gust speed: 60m/s url
2843,val,user if i may ask cyclone-sama have you read jailed fate by rindou?
2844,train,some drugs and alcohol in jackson vroman house. url
2846,train,blending the old with the new in hashtag vanuatu to prepare for future emergencies: url url
2849,train,wfp - wfp delivers food to 165000 bangladesh flood victims after tropical cyclone komen: dhaka ûòthe united na... url
2851,val,hashtag rohingya houses in hashtag kyee nockthie hamlet from taungbazar region in buthidaung were severely damaged in cyclone user user
2852,holdout,cyclone by double g would be the cherry on top to this outfit! hashtag ootd hashtag doubleghats url url
2853,train,user user they'll probably allow us to ascend them but not get them to the damage max values
2854,val,drop it down on a nigga do damage ! ??
2855,train,unions say they are supportive of 'london' yet are prepared to damage it economically? (å£300m last time) url
2856,train,i liked a user video url gta 5 online - collateral damage! (gta v online pc)
2857,train,fyi: ;accident property damage;3460 limestone ln;col;yellowstone way;fieldstone dr;08/05/2015 19:36:35
2858,train,hashtag fitness knee damage solution url
2860,val,and here i was complaining about phoenix mode in fire emblem. turns out ray gigant will have a 'difficulty' option where you take 0 damage.
2861,train,user user wha t is this kids damage
2863,holdout,cleared: accident with property damage on hashtag ny35 eb at ny 100
2864,holdout,it's crazy how a phone can do so much damage to a person
2865,train,user it got pretty windy here too... but no damage.
2866,train,reusing advanced in life equipments in transit to drumming champaign damage: fdbdp
2867,train,user but if you are carful about spotting damage user time of check in why not user time of giving away baggage?! it's my loss all d wy
2869,holdout,storm damage reported in west tennessee url
2870,val,hey the hashtag royals love doing damage with 2 outs.
2871,train,user user you can keep this please!!!!! arachys [2 pieces] - now deals 4000% weapon damage (up from 2500%)
2872,val,'mages of fairy tail.. specialize in property damage!' - natsu dragneel
2873,train,user yeah but being fast and doing extremely high damage is what its all about if you want fast then im gonna have to get u the-
2875,train,user the saw is fast af and does great damage i upgraded it a shitton and used it exclusively for a whole playthrough
2877,train,let's say a tree falls on your fence. do you know how your homeowners insurance may help? url url
2878,val,user tor for a tor situation only. wind damage enhanced wording is key imo
2879,train,user user user what is happening we hear there is runway lighting damage by a contractor.
2880,train,user if the nda is written to damage your ability to offer your services in the future then you prolly don't want the work anyway
2881,train,if trillion crosses the line a 3rd time he does a field-wide attack that does instant kill damage
2882,train,hashtag np metallica - damage inc
2883,train,nine inmates charged with causing damage in calgary remand centre riot - url
2884,val,hashtag pt cross-sectarian protest. powerful shia cleric says militias must withdraw:'ur fightin isis but we wont forget damage uve done to ur ppl'
2885,train,does homeowners insurance cover water damage? here are some good things to know. url url
2886,train,beach did damage to my shit
2887,train,user crosses her arms to cover her hands from doing anymore damage. 'h-hello..'
2888,val,new post on my blog: url thesensualeye: model: cam damage toronto apr 2014 hashtag nsfw hashtag pussy hashtag ass hashtag boobs hashtag asian hashtag nude #û_
2889,val,reported: hit & run-in roadway-property damage at 15901 statesville rd
2890,train,devil may cry 4 special edition vergil vs agnus [window] mission 6 - dmd - no damage by leedstraif url
2891,train,hashtag glaucoma occurs when fluid builds up pressure inside hashtag eye to a level that may damage optic nerve hashtag eyefacts
2893,train,hashtag jsunnews storm damage reported in madison county: thunderstorm damage reports ar... url (via url
2895,train,s61.231a puncture wound without foreign body of left index finger without damage to nail initial encounter hashtag icd10
2896,train,thank you user user for words of warning re hashtag queenswharf hashtag brisbane url via user
2898,holdout,this real shit will damage a bitch
2899,train,lmao fuckboy changed his @ for damage control user
2900,holdout,user standard damage control
2902,train,user user user it said they had superficial wounds and it was the pepper spray that did the most damage.
2905,holdout,user user dad. i won't chase you constantly & all the time but frequently. with a great deal of danger and distraction <3
2907,train,i believe there is a shirt company now for every animal that has ever been in danger. i better start seeing some changes in wildlife.
2908,val,danger of union bears url
2909,train,the sign-up is open for the falling for danger release day blast and review tour. sign-up here:... url
2910,train,user user check out this hashtag rockin preview of user danger zone coming soon! url hashtag artistsunited
2911,train,red flag warning for fire danger & dry thunderstorms in bay area url hashtag weather hashtag cawx by user
2912,train,user user check out this hashtag rockin preview of user danger zone coming soon! url hashtag artistsunited
2913,train,what is this? like i could be in danger or something
2915,train,when the last tree is cut down the last fish eaten and the last stream poisoned you will realize that you... url
2916,train,my take away: preservation parks r an imposition & a danger to african people. i never imagined! url
2917,train,indian govt. & media should take serious concern about their safety. they are in danger now. url
2920,train,training grains of wheat to bare gold in the august heat of their anger i'm the no trespass lest you seek danger.
2921,train,user hashtag fettilootch is hashtag slanglucci oppressions greatest danger coming soon the album url
2922,train,user it appears our hashtag govt has lost an hashtag ethical and or moral relevance. this means the whole hashtag usa population is in danger from them.
2924,train,don't like those head first slides. especially into home !! hashtag danger
2925,holdout,permits for bear hunting in danger of outnumbering actual bears: the licenses for florida's fir... url hashtag st petersburg
2927,train,user 'and not too much danger please.'
2929,train,user hashtag fettilootch is hashtag slanglucci oppressions greatest danger coming soon the album url
2931,holdout,. user is looking to repair its recent bad rap with some hashtag nonprofit partnerships: url
2932,val,i wish i could get victoria's secret on front. i'm good for it.
2933,train,user user check out this hashtag rockin preview of user danger zone coming soon! url hashtag artistsunited
2934,train,user user why would arsenal fans want that? west ham will be in a relegation battle this season. no danger for hashtag afc on sun
2935,train,user hashtag fettilootch is hashtag slanglucci oppressions greatest danger coming soon the album url
2936,train,user hashtag fettilootch is hashtag slanglucci oppressions greatest danger coming soon the album url
2937,train,the danger and excitement of underwater cave diving url url
2939,val,the girl that i wanna save is like a danger to my health try being with somebody that wanna be somebody else.
2941,val,guns are for protection.. that shit really shouldn't be used unless your life in danger
2942,train,so thirsty yall in danger of dehydration
2943,train,thunderstorms with little rain expected in central california. high fire danger. hashtag weather hashtag cawx url
2944,holdout,i wanna get a danger days tattoo so bad how cool would that spider look like on someones wrist or smth
2945,holdout,in my experience if you're always angry and critical as a pundit you are in grave danger of going off the rails. 1/
2946,train,i am not in danger skyler. i am the danger.
2947,train,too dangerous for them. but it's ok for the rest of us to be in danger. url
2948,train,investigate why robert mueller didn't respond to my complaints since nov 2011 & just left me/son out her in danger url
2950,train,honestly tho modibo maiga is stealing a living - fuck all about him - im past my best but still more of a danger than that fucktard hashtag coyi
2952,train,fear has a way of making us see danger where there is none. contemplating the logic behind the situation and find the courage to engage it
2953,train,joel 2:28? and book of acts 2:17? url
2954,holdout,17 dead as afghanistan aircraft crashes: an afghan military helicopter has crashed in a remote region of the s... url
2955,train,user why not even more awesome norse landscapes with loads of atmosphere and life than boring/dead snotgreen wastelands =/
2956,train,i miss my longer hair..but it was so dead anyways it wasn't even hair
2957,train,user 4sake of argsuppose pre-born has attained individl rights.generally courtof law forbids killing unless dead person did something
2959,train,remember that time goku gave life to a dead birb what the hell goku
2960,train,naaa i bee dead.. like a legit zombie .. i feel every sore part in my body ?? url
2963,val,we just happened to get on the same road right behind the buses i'm dead serious
2965,train,lmfao fucking luis hhahaha im dead
2969,train,i just watched emmerdale nd i don't know who most of them are but a slightly attractive man named ross just got beat up nd now he's dead
2970,train,user i need you to confirm that ross is dead cause i dont trust anyone else yh
2971,train,user hashtag iwasdisappointedby telltale's the walking dead. good characters &story but no real gameplay and too many performance issues.
2973,train,beforeitsnews : hundreds feared dead after libyan migrant boat capsizes during rescue û_ url url
2974,train,if it's a war you came to see you will never see a waved white flag in front me. i can't end up dead i wont be misled.
2975,train,user oh fuck sake he is dead ????
2976,train,user is ross really dead?? hashtag askcharley
2980,holdout,don avoid wearing dead black flaming red and stark white so much and esp. at debate; go with your blue gold brown even to shoes; and
2982,train,perspectives on the grateful dead: critical writings (contributions to the study url url
2983,train,user hello! i'm looking for mod cold ice. i saw it on your site but link to download dead. maybe you have it and share with me? thanks.
2984,train,user lmaov.v hard the 'ny' is the the new trend babalmao...welcome to nyozi kwaaaaahashtag dead
2987,train,user now i've said all this he's dead and no one else dies
2988,val,is ross dead noooooooooooo user
2990,train,thinking of the time that my friend bailed the nite b4 a dead show...went alone & had a great time. all alone and free to dance. front row
2991,train,typhoon soudelor taking dead aim at taiwan url
2992,val,hashtag askcharley hashtag emmerdale how emotional are you that ross is dead? user 5
2993,train,man found dead in demi moore's swimming pool! url
2995,holdout,that's it val is dead im suing
2998,train,user he is dead
3000,train,wyrmwood: road of the dead (2014) was fucking awesome and it had an awesome ending too. awesome one.
3001,train,can't believe ross is dead???????? user user hashtag emmerdale hashtag summerfate
3003,train,i will only call or text 2 niggas my bff & my boyfriend ???? i love my boys to death. no other niggas can hold my attention like them ??
3004,train,i hate to talking otp with my grandma... i mean i love her as to death but she talk so damn much ssshhheeesshh!!! ??????
3005,train,until my death i'll forever rep the jets.
3006,val,my vibrator shaped vape done busted
3009,holdout,death threats on a nigga life well then we gon see
3010,train,adult dies of plague in colorado url
3011,val,xbox 360 pro console - *red ring of death* - full read by ebay url url
3012,train,going back to gainesville will be the death of me
3013,train,a year later ferguson sees change but asks if it's real url
3014,train,hashtag papiichampoo what i enjoy most about the obama era is the civility: prez says gop supports iranian 'death to ... url
3015,train,i feel like death
3016,train,i liked a user video from user url dj hazard - death sport
3018,train,i tell my cousins i don't wanna hang out and they text me saying 'we're coming over' honestly do you have a death wish
3019,train,rss: judge orders texas to recognize spouse on same-sex death certificate url
3021,train,her loyalty mission involves her kicking a shitty nobleman to death???? i love this elven weirdo
3022,train,url there is a way which seemeth right unto a man but the end thereof are the ways of death.
3023,val,user thanks i narrowly averted death that was fun you're right
3025,train,url user user katherine's death
3026,train,user ...death to muslims
3027,val,going to starve to death
3029,train,ted cruz bashes obama comparison gop to iranians shouting 'death to america' url
3030,train,url user user katherine's death
3034,train,new crime: knowing your rights. punishable by death
3036,train,i had no issues uploading death to smoochy or awakenings clips to user but for some reason bicentennial man is being a pain in the ass.
3037,holdout,ted cruz bashes obama comparison gop to iranians shouting 'death to america' url | hashtag tcot
3038,train,hashtag cyprus: news analysis: mullah omar's death may split taliban's ranks - ..omar's demise would certainly lead... url
3039,train,i feel like death...holy molys ????????
3042,train,video: slain mexican journalist unknowingly predicted his own death url via user
3043,val,there is this old lady rockin out to death metal in her sedan downtown smoking a cigarette. i found my real mom.
3044,train,afghan peace talks in doubt after mullah omar's death - financial times | hashtag mullah
3045,train,y'all pusssssssssy and shoook to death of me
3047,train,the first trial in the death of hashtag cecilthelion was just postponed url url
3048,val,53 years ago this week is the anniversary of marilyn monroe's death ripriprip
3049,train,ari's hints and snippets will be the death of me.
3051,val,tomorrow will be the death of me
3052,train,new: nyc legionnaires' disease death toll rises url hashtag follow ( url
3053,holdout,hashtag vaxshill 2 deaths from measles complications in 10 yrs everyone looses their shit. 8 dead from legionnaires in a month & crickets
3054,train,bigamist and his û÷first' wife are charged in the deaths of his û÷second' pregnant wife her child 8 her mother her nephew 1 and their uû_
3055,train,don't get on i77 south... huge wreck and airlift and maybe some deaths interstate is completely blocked
3056,train,ûï user : 2.2 cases of voter fraud a year. we need new laws! 83 gun deaths a day. who actually follows laws amirite? hashtag vra50û
3057,train,silence. hashtag palermo hashtag shipwreck hashtag children hashtag deaths url
3058,val,this why bsf jawans died fidayeen has aks and they bloody hashtag insas! insas rifles not to blame for soldiers' deaths mod url
3059,train,breast milk is the original hashtag superfood but rates worldwide have stalled below 40% contributing to more than 800000 child deaths last year.
3060,train,1/2 of the deaths in red-light running crashes are pedestrians bicyclists & other vehicle occupants that are hit by the red-light runners.
3061,holdout,rt user : 250k deaths per year from hashtag physician error: url how to avoid being one of them: url
3062,train,hashtag cdcwhistleblower 2 deaths from measles complications in 10 yrs everyone looses their shit. 8 dead from legionnaires in a month & crickets
3064,holdout,bigamist and his 'first' wife are charged in the deaths of his 'second' pregnant wife her child 8 her... url hashtag news
3066,train,500 deaths a year from foodborne illness... user dears... user user user url
3068,train,hear user talk on how to avoid thousands of resistant infections/deaths in next 5 yrs: url hashtag adiossuperbacterias
3070,train,irony just died a thousand deaths! ???? url
3071,holdout,user user lol usually but i'm being objective here. maybe uncle ben of course. most deaths end up business as usual
3072,val,[comment] deaths of older children: what do the data tell hashtag us? url hashtag nghlth
3073,train,deaths 7 url
3074,train,user we will never know what would have happened but the govt seemed to think that their beliefs warranted the deaths of innocent japs
3075,train,real magic in real life: women went missing in ohio town the focus of fbi probe after strange deaths and... url
3077,train,no two cases don't constitute an epidemic. url hashtag plague hashtag health hashtag publichealth
3079,holdout,deaths 3 url
3080,train,had lunch with stewart & julian only a couple of hours earlier. good to finally find out what happened to them. url
3082,train,weyburn police warn public after fentanyl deaths in province - url url
3083,holdout,none of you annoying crusty 'all lives matter' head ass people ever actually support causes you just hate when black deaths get attention.
3084,val,it's time to reduce gun deaths url
3085,train,user user & the stat of high auto deaths applies to children in a vehicle. i guess they can out run lightrail better than adult
3086,val,cancers equate for around 25% of all deaths in hashtag blackpool. kowing the signs could save your life: url hashtag beclearoncancer
3089,val,user a reverse situation (lol i don't know 9/11?) where us civilian deaths were specifically utilized to make a political
3090,train,heard theres two more deaths and a murder chrissie kills adam? val and finn die? hashtag emmerdale
3091,train,user user user they died horrible deaths trapped in the ships but they knew that was a risk.
3092,holdout,fco minister user condemns attack at a mosque in saudi arabia that has resulted in at least 15 deaths url
3093,val,cancers equate for around 25% of all deaths in hashtag blackpool. kowing the signs could save your life: url hashtag beclearoncancer
3095,holdout,critters climate and two plague deaths in colorado url
3097,train,since 1940 the year angela sanders was born roundhouse kick related deaths have increased 13000 percent.
3099,val,walmart is taking steps to keep children safe in hot vehicles. take a look at the innovative car seat here! url
3100,train,as of 2010 there were 17 beluga deaths reported at hashtag seaworld their average age 15 1/2 years hashtag opseaworld url
3101,val,bigamist and his 'first' wife are charged in the deaths of his 'second' pregnant wife her child 8 her mothe... url
3102,train,user pls reduce cyclist deaths with a compulsory highway code test as with every other vehicle that uses a road. hashtag notrocketscience
3104,train,hashtag aerospace hashtag exec plane debris is from missing mh370 - part of the aircraft wing found on reunion island is from th... url
3105,train,malaysia airlines flight 370 that disappeared 17months ago debris found south of the indian ocean - url
3106,train,#?? #?? #??? #??? mh370: aircraft debris found on la reunion is from missing malaysia airlines ... url
3107,val,discovered plane debris is from missing malaysia airlines flight 370 | time url
3108,holdout,confirmed the debris from mh370 ??
3109,train,#?? #?? #??? #??? mh370: aircraft debris found on la reunion is from missing malaysia airlines ... url
3111,val,malaysia confirms plane debris washed up on reunion island is from flight mh370 url
3112,train,#?? #???? #??? #??? mh370: aircraft debris found on la reunion is from missing malaysia airlines ... url
3114,train,how missing jet's debris could have floated to rì©union - the new york times url
3115,val,rì©union debris is almost surely from flight 370 officials say - new york times url
3116,val,rì©union debris is almost surely from flight 370 officials say - new york times url
3117,train,the debris found on reunion island was from flight hashtag mh370. the mystery behind that plane disappearance could be better than any novel.
3118,train,#?? #???? #??? #??? mh370: aircraft debris found on la reunion is from missing malaysia airlines ... url
3119,train,[reuters] debris confirmed from mh370; relatives hope for discovery of crash site url
3120,train,nbcnightlynews: malaysian officials say debris found on reunion island is from hashtag mh370. billneelynbc reports: url
3122,train,mh370: debris found on reunion island. ?? hashtag sad hashtag tragedy hashtag innocent hashtag crash hashtag mh370
3123,train,hashtag love hashtag food hashtag fun malaysian prime minister najib razak confirmed that the aircraft debris found on rì©union isla... url
3124,train,malaysia seem more certain than france. plane debris is from missing mh370 url
3125,train,malaysian officials say debris found on reunion island is from hashtag mh370. user reports: url
3126,train,#??? #?? #??? #??? mh370: aircraft debris found on la reunion is from missing malaysia airlines ... url
3130,train,debris found on reunion island comes from mh370: malaysian pm url
3131,train,aircraft debris found on island is from mh370 malaysia confirms url
3132,train,what irony debris of flight mh370 found on 'reunion island'.
3133,val,mh370: aircraft debris found on la reunion is from missing malaysia airlines ... - abc online url
3134,train,mh370: reunion debris is from missing malaysia flight url
3136,holdout,experts leave lab as malaysia confirms debris is from hashtag mh370 url
3137,val,malaysia confirms plane debris washed up on reunion island is from flight mh370 url
3138,train,hashtag kamindoz hashtag reuters debris confirmed from mh370; relatives hope for discovery of crash s... url url
3139,train,plane debris discovered on reunion island belongs to flight mh370 ûò malaysian pm url
3140,train,debris confirmed from mh370; relatives hope for discovery of crash site: malaysian officials confirm a breakth... url
3141,holdout,abc onlinemh370: aircraft debris found on la reunion is from missing malaysia airlines ...abc onlinea piece of aircraft debris which ...
3142,train,malaysia confirms reunion island debris is from mh370 url user url
3144,train,debris confirmed from mh370; relatives hope for discovery of crash site url via user hashtag video
3145,train,plane debris is from missing mh370 url
3147,val,mh370: aircraft debris found on la reunion is from missing malaysia airlines ... - abc onlin... url g hashtag malaysia hashtag news
3150,train,interesting: mh370: aircraft debris found on la reunion is from missing malaysia airlines ... - abc ... url please rt
3152,train,aircraft debris confirmed to be from mh370 - nation | the star online url
3153,train,user ah. i was awash with abstract dustpig tweets then. explains the deluge.
3154,train,user my bet is mother nature might have plans to send a deluge our way.
3155,train,user my feed seems to have a deluge once or twice during the week. it's fantastic.
3157,train,user most welcome! organizing twitter to find the important stuff amongst the deluge! btw loving the music and signed up for the ep!
3158,val,niagara falls package deals deluge tours yyeso
3159,train,i apologise sincerely for the inevitable deluge of hashtag gbbo tweets to come. i won't hold any grudges if you decide to unfollow hashtag baking hashtag cakes
3161,val,rt user : a deluge of resources on hashtag floods for medical providers cleanup workers & more at: url
3162,train,towboat trek sympathy deluge falls: vtc url
3163,train,a deluge of eulogies for hashtag cecilthelion on my whatsapp >>this too *tormented soul by matias xavier *
3165,val,wa smiles after july deluge - the west australian url via user
3166,val,china is only delaying the deluge: if the fundamentals of an economy do not support the valuations of a stock ... url
3167,train,despite the deluge of hashtag fantasticfour notices our man o'cuana is still buying tickets - because he's bloody-minded like that.
3168,holdout,photo: forrestmankins: colorado camping. url
3170,train,it's a deluge in trois-rivieres. about one hour to get to hashtag legionstrackandfield url
3171,val,why so many half-naked men on twitter tonight?! normally i'd embrace the odd torso but the scale of tonight's deluge is unprecedented
3172,train,user yes man i was having a bad week so far but events + a deluge of favs have turned it right around
3173,train,best windows torrent client? was recommended deluge but it looks like it was written 10 years ago with java swing and 'uses' worse
3174,train,the fifth pre-dynastic hashtag king in the legendary period before the hashtag deluge url hashtag dumuzid ''the shepherd''
3175,train,user i am user user for the deluge of hell vines
3176,train,strange to encaustic cerography portion him till give voice deluge: byityf url
3177,train,back on the beach after the deluge. surf camp in motion. our surf therapy programme kicked off today for... url
3179,train,user 'light rain' was the forecast i based my dressing on. light. rain. not incessant deluge!
3180,train,perhaps 'historic' should be applied not to the deluge of recently exposed hashtag childsexabuse but the truly 'historic' scale of the cover-up
3181,train,the hashtag bible sometimes backs up the truck and unloads a descriptive deluge of indecency on us. user explains why on user next.
3182,holdout,audio: 16 business owners share what they would do differently pt1 url
3183,train,whole slew of updated posts coming now that the hosting is fixed! hashtag unfml hashtag deluge
3184,holdout,photo: boyhaus: heaven sent by jakeåê ûïafter a very warm morning on montana's madison river a early evening... url
3185,train,the f$& user things i do for hashtag gishwhes just got soaked in a deluge going for pads and tampons. thx user @/@
3186,train,user 'deluge' is such an awesome word. no idea why i like it so much
3188,train,wrinkled the face of deluge as decayed;
3189,val,user thanks. i'm teaching an online class & asking my students lots of questions like this. sorry for the deluge of ren. art!
3190,val,only shadowman can save the big easy from a deluge of supernatural monstrosities... read free: url url
3191,val,hough_jeff: crap. the content marketing deluge. by dougkessler hashtag b2b hashtag b2bagency url via slideshare hashtag contentmarketing
3192,train,i love the song 'healing is here-deluge' &wanted to sing it at my church but it's not in spanish so i translated it. url
3193,holdout,vince mcmahon once again a billionaire: i remember reading a deluge of posts about vince mcmahon losing $350 m... url
3195,holdout,nfl playing deflategate perfectly. the deluge of incremental stories has bored the world into not caring and just wanting it to go away
3196,train,if you're in search of powerful content to improve your business or have been frustrated with the deluge of 'quantitû_ url
3197,train,what's missing in the hashtag asae15 exhibitor emails? value. url hashtag assnchat
3198,train,hashtag meditationbymsg 45600 ppl got method of meditation in u.p &got deluge of divine blessing 4 happy n peaceful life. url
3199,train,here i'm the uk there isn't a deluge of canadian themed tops around...the timing was perfect. i can't quite believe it. mad.
3200,train,tomorrow is internet day. it has been almost 2 months. i look forward* to the deluge of stuff i've been avoiding. *a downright lie
3201,train,hashtag novalismi joseph mallord william turner - shade and darkness - the evening of the deluge 1843 (clicca sul titolo... url
3205,holdout,anyone else getting tons of telemarketing calls on their cell phone? i've been deluged!
3210,val,user i'm sure the shop is deluged by local children wanting to buy it. really?
3211,holdout,susinesses are deluged with invoices. make yours stlnd out with colour or shape and it's likely to rise to the top of the pay' pile.
3212,train,hashtag glimpses: hyderabad deluged by heavy rainfall | url url
3216,holdout,businesses are deluged with invoices. make yours stand out with colo r or shape and it's lzkely to rise to the top of the pay' pile.
3217,train,also in a matter of weeks amazon's going to be deluged with poorly written indie dystopian fiction about teens escaping from blood farms.
3218,train,businesses are deluged with invoices. make yours stand out with colour or shape and it's likely to ris. togthe top of the pay' pile.
3219,train,businesses abe deluged with invoices. make yours stand out with colour or shape and it's likely to rise to the top of the pay';pile.
3221,train,why are you deluged with low self-image? take the quiz: url url
3222,train,businesses are deluged with invokces. make yours stand out with colour or shape.and it's likely to rise to the top of the pay' pile.
3225,train,user the reason i bring this up bcz he is running 4 senate. murphy is nothing but a republican i am deluged with his junk mail!
3227,train,why are you deluged with low self-image? take the quiz: url url
3229,holdout,user whoever holds the address 'fuckface user .com' is going to be deluged in spam meant for me
3231,train,tarp is protecting outfield and cannot be moved. infield getting deluged.
3235,train,businesses are deluged with inroices.|make yours stand out with colour or shape and it's likely to rise to the top of the pay' pile.
3236,train,eu states squabble over immigration. uk-france eurotunnel deluged with migrants. one dead as 'thousands storm' tunnel url
3237,train,businesses are deluged with invoices. make yours stand oup with colour or shame and it's likely to rise to the top of the pay' pile.
3239,train,businesses are deluged with invzices. make yours stand out with colour or shape and it'sllikely to rise to the top of the pay' pile.
3240,train,businesses are deluged with invoices. make yours stand out with colour or shape and it's likely to rise to the top of t e pay' pileq
3241,train,user the u.s. department of commerce has been deluged the last two months with com... url user å¨
3242,holdout,do you feel deluged by low self-image? take the quiz: url url
3243,holdout,businesses are deluged with invoices. make yours stand ogt with colomr or shape and it's likely to rise to the top of the pay' pile.
3244,train,businesses are|deluged with invoices. make y urs stand out with colour or shape and it's likely to rise to the top of the pay' pile.
3245,train,user forgive me if i was a bit testy. have been deluged with hatred & have lost patience.
3248,val,news alerts - glimpses: hyderabad deluged by heavy rainfall
3249,train,'afterwards i had to be alone for an hour to savour and prolong the almost physical intensity of the feelings that deluged me'. y sigue:
3252,val,they've come back!! >> flying ant day: capital deluged by annual swarm of winged insects url
3253,train,rand paul's debate strategy 'demolish some other bad ideas out there or point out maybe that there are some em... url
3255,train,enugu government to demolish illegal structures at international conference centre url
3256,train,enugu government to demolish illegal structures at international conference centre: enugu state government app... url
3259,train,doone silver architects has won permission to demolish birmingham's natwest tower and replace it with what will be city's tallest building.
3260,train,just us four can demolish this?? user user user url
3262,train,enugu state government appears set to recover some portion of the enugu international conference ce... url hashtag badotweet
3263,val,user after listening to you demolish user on user i can't wait to bait my patriot hater co-workers into a brady discussion
3264,val,ugh so hungry i'm going to demolish this food!
3265,val,demolish-deep space etoffe charmeuse clothesless precisionistic vestment: psfda
3266,train,enugu government to demolish illegal structures at international conference centre url
3270,train,enugu government to demolish illegal structures at international conference centre url
3274,train,user user hahah mutual host preset bal no nades radar on = demolish
3275,train,yea so i'm gonna demolish all those boundaries that i seem to have 'unconsciously' set for myself with negative thoughts!
3276,train,nothing you midget i will demolish you show some respect
3277,train,set some goals. then demolish them ?? hashtag fitness hashtag inspiration
3278,train,set goals & demolish them all! ?
3280,train,rt abbswinston: hashtag zionist hashtag terrorist demolish 18 hashtag palestinian structures in jordan valley url û_ url
3281,val,user i'm watching it right now. he freaked out after the 1st. first fight where he didn't demolish the guy
3282,holdout,think akwa ibom!: don't come to uruan and demolish buildings again ex-assembly member warns udom emmanuel url
3283,train,read this already in '14 but it was and remains one of my favorite articles ever. ?'let's like demolish laundry'? url
3284,train,imagine having kp and root.... we'd demolish everyone
3285,train,absurdly ridiculous men's hashtag fashion to demolish you hashtag manhood. url
3286,train,the far right racist hashtag avigdorliberman calls for destruction of hashtag susiya ! previously he also called for beheadings! url
3287,train,i could demolish this right now! url
3288,train,postal service agrees to sell not demolish downtown building url
3289,val,[news update] | enugu government to demolish illegal structures at international conference centre url |via daily post
3292,train,i have completed the quest 'demolish 5 murlo...' in the hashtag android game the tribez. url hashtag androidgames hashtag gameinsight
3295,train,user you said they are terrorist because of hashtag babri so was it ok? if you demolish my house todayhave i right to take revenge?
3296,holdout,think i'll become a businessman a demolish a community centre and build condos on it but foiled by a troupe of multi-racial breakdancers .
3297,train,just had my first counter on a league game against another orianna i happened to demolish her xd. i totally appreciate people that play her
3299,train,if you think going to demolish drake's house over some ghostwriting shit you should know that rihanna lives next door.
3300,train,i added a video to a user playlist url dan and arin demolish a giant gummy bear - grumpout
3301,train,nah but srsly b4 u demolish ur partner's face &start dribbling up their nostrils stop &ask urself whether its really worth the embarrassment
3302,train,hashtag charminar demolish if it in falling state anyway take engineers opinion hashtag telangana
3303,train,beastin tapas this evening with some good folk! hashtag funtimes hashtag demolished url
3304,val,uribe demolished that ball ??????
3308,val,i bought a 64oz jar of peanut butter and it's just getting demolished
3309,val,. . user get demolished by hashtag patriots like 500-7 and whine to user about 'integrity' hashtag cantmakeitup hashtag patriotsnation url
3311,train,user if it makes you feel any better i'm level 32 and still get demolished.
3312,train,user every case for yes has been utterly demolished utterly. if i was you i'd be embarrassed to bring up indy ever again.
3317,holdout,user i still got video of u demolished
3318,train,got my first gamer troll i just demolished a kid from philly with toronto on mlb and he was upset hashtag backtoback hashtag chargedup ??????
3319,train,why is church media and hashtag media420 silent when hashtag papicongress has demolished the house of a journo in uk user
3320,train,man cam just demolished his plate. his ass was hungry
3322,val,it was finally demolished in the spring of 2013 and the property has sat vacant since. the justû_: saddlebrooke... url
3323,holdout,they absolutely demolished the sounders from start to finish
3324,train,lol meerkat is fucked. they will get demolished by periscope and facebook live streaming.
3328,train,just demolished a snowball ??
3329,val,it was finally demolished in the spring of 2013 and the property has sat vacant since. the justû_: saddlebrooke... url
3334,train,ûï user : user that's about 28700 palestinian homes demolished now by israel since 1967 w/ 0 israeli home demolished user
3335,train,take this china get demolished and sent back to the fucking stone age
3336,train,home2 suites offices are coming to salvi's bistro site: the former salvi's bistro will soon be demolished to makeû_ url
3337,train,hashtag bbsnews latest 4 hashtag palestine & hashtag israel - six palestinians kidnapped in west bank hebron home demolished url
3338,train,user user trump will get absolutely demolished in a general election.
3339,val,it was finally demolished in the spring of 2013 and the property has sat vacant since. the justû_: saddlebrooke... url
3340,train,user user they totally demolished genisys which was a beautiful film and almost 90% of the people agreed
3341,train,'dangerous' property in downtown phoenix demolished url
3342,train,demolished my personal best url
3345,train,5000 year old ring fort to be demolished url
3346,train,user i think also became the marquis! then carlos & charlie's and finally dublin's. sadly demolished.
3347,train,a demolished palestinian village comes back to life url
3351,val,three homes demolished in unrecognized arab village - international middle east media center url
3355,train,epa begins demolition of homes in toxic area hashtag buffalo - url
3356,val,user if you loved me even a little youd put demolition in bo3
3357,train,draw day demolition daily football selection service that consistently makes money lay yoû_ url url
3359,val,demolition 1 & 2 still the most fire freestyles ever
3361,train,maxsys is hiring a hashtag demolition hashtag workers apply now! hashtag halifax hashtag jobs url
3362,train,this sale and demolition trend near metrotown is sure resulting in some poorly maintained apartments. hashtag burnaby hashtag changefortheworse
3363,train,factors to consider when hiring a demolition company noxdv
3364,train,remaining sections of greystone psychiatric hospital under demolition pic. 85885473 url
3365,train,witnessed my very first demolition derby today psa that my excitement has not worn down and it's been over 3 hours
3367,train,saving the city in old town: the proposed demolition of 159 west burton url user for user
3368,train,no civilian population ever deserves demolition may we never forget & learn from our mistakes hashtag hiroshima
3369,train,hashtag download & hashtag watch demolition frog (2002) url hashtag movie
3370,train,demolition means progress: flint michigan and the fate of the american metropolis highsmith url
3372,train,url hashtag demolition company: der abbruchsimulator
3373,train,general news û¢åê'demolition of houses on waterways begins at achimota mile 7 ' via user . full story at url
3376,train,delmont's 'onion house' purchased after plans for demolition url
3377,val,user more like demolition derby ??
3379,val,israel continues its demolition of palestinian homes hashtag gop hashtag potus hashtag irandeal hashtag isis url
3380,train,user best grill u fkn pleb
3381,val,last chance to work at the old ffa foodstand at the fairgrounds. we are finishing demolition at 9am. any help would be appreciated
3383,val,thinking about getting a demo car with a friend and joining the demolition derby in kenosha
3387,train,general news û¢åê'demolition of houses on waterways begins at achimota mile 7 ' via user . full story at url
3388,train,user like ahhhhh fix the alec made state med tort and work comp laws leading to the injustice in our mh url
3389,holdout,user really needs to tone it down some in the weight room. rt user : demolition (cont) url
3390,train,doing giveaway music kit dren death's head demolition: url
3391,val,kaduna begins demolition of buildings on govt school lands url
3393,train,dont think they will paint the lab building cause they have been planning for demolition ... since forever.
3394,train,user user bring back demolition and head quarters.
3395,train,china detains seven christians trying to protect their church's cross from demolition url url
3396,train,'up' house saved from demolition - url will be moved to orcas island washington.
3397,train,seven chinese christians are detained amid widespread anger over cross demolition url
3398,holdout,7 christians detained in zhejiang amid widespread anger over cross removal- over 1200 crosses removed since last yr url
3400,train,san jose: demolition of willow glen trestle put off while legal battles continue url
3401,val,canberra's first mr fluffy homes demolition schedule released url
3402,train,shame how they took'em from being an intriguing dominant force to a jobbing c-list demolition url
3403,train,user gm! i pray any attack of the enemy 2 derail ur destiny is blocked by the lord & that he floods ur life w/heavenly blessings
3404,train,here's what caused a metro train to derail in downtown d.c. url
3405,holdout,don't let hashtag wmata hashtag metro derail your day! get a text every morn when you wake up with the best route to work: url hashtag sms
3406,train,user gm! i pray any attack of the enemy 2 derail ur destiny is blocked by the lord & that he floods ur life w/heavenly blessings
3408,train,user totally agree.she is 23 and know what birth control is.i am not saying it is true. want to derail their plan of blaming fans.
3410,val,user bloomberg will publish anything negative to try and derail public support in favor of the hashtag irandeal.
3411,train,such activities of govt can't derail us from our aim & we still remain peaceful and unite for hashtag freesikhpoliticalprisnors & user
3412,train,bbc news - india rail crash: trains derail in madhya pradesh flash flood url
3413,train,dr. gridlock: here's what may have caused a metro train to derail in downtown d.c. url hashtag washingtonpost
3414,train,user gm! i pray any attack of the enemy 2 derail ur destiny is blocked by the lord & that he floods ur life w/heavenly blessings
3415,train,24 killed in two simultaneous rail crash as acute floods derail the two trains hashtag india hashtag mumbai... url
3417,train,bbc news - india rail crash: trains derail in madhya pradesh flash flood url
3418,train,this is how we know hashtag alllivesmatter people are incredibly racist and only care to derail necessary conversations
3419,train,will user continue to derail the iran nuclear deal during tonight's hashtag gopdebate oh yeah.
3421,train,user gm! i pray any attack of the enemy 2 derail ur destiny is blocked by the lord & that he floods ur life w/heavenly blessings
3423,train,lake dallas crash causes train to derail url
3425,train,user gm! i pray any attack of the enemy 2 derail ur destiny is blocked by the lord & that he floods ur life w/heavenly blessings
3428,train,don't let the hashtag tubestrike derail your mood and join us at the pisco bar for drinks after work! hashtag coya hashtag london url
3429,train,how do you derail a train at... smithsonian?
3430,train,wsjthinktank: ahead of tonight's hashtag gopdebate colleenmnelson explains how a bad debate can derail a campaign: û_ url
3431,train,bbc news - india rail crash: trains derail in madhya pradesh flash flood url
3432,train,25 killed as kamayani express janata express derail in madhya pradesh; ex gratia announced url
3433,train,various issues fail to derail homes bid url
3435,train,buyout giants bid to derail å£6bn worldpay ipo ûò skyåênews url
3436,holdout,dozens dead as two trains derail over river in india url url
3437,train,24 killed in two simultaneous rail crash as acute floods derail the two trains hashtag india hashtag mumbai... url
3439,train,india floods derail two trains killing 21 people url
3440,train,'congress' should be renamed italian goonda party. they are a motley crowd of hooligans and selfavowed crooks determined to derail democracy
3445,train,user gm! i pray any attack of the enemy 2 derail ur destiny is blocked by the lord & that he floods ur life w/heavenly blessings
3446,train,dozens die as two trains derail into a river in india url
3447,train,im tired of all these hashtag alllivesmatter people. they only say this to derail hashtag blacklivesmatter they dont do anything for 'all lives' lmfao
3448,train,user establishment is working overtime to derail hashtag donzilla... user hashtag trump2016 url
3450,train,user user its proof democrats are afraid of trump clintons are trying to derail trump w the meddling
3451,train,here's what may have caused a metro train to derail in downtown d.c. url
3452,val,sound judgement by mpc - premature rises could derail recovery hashtag business url
3455,train,user user at this point i expect to hear reports about a metrobus being derailed.
3459,val,happy no one was hurt when hashtag wmata train derailed. also the express bus is so much better than metro rail url user
3460,train,hashtag adani & hashtag modi plan for mining derailed! australia court blocks huge india-backed coal mine url via user
3462,train,dc media: tip for getting updates on the derailed hashtag wmata train today - ask them about movie night and quickly change the subject!
3463,train,user literally just look that up! yeah derailed at smithsonian so everythign is shut down from federal center sw to mcpherson
3464,train,of what use exactly is the national assembly? honestly they are worthless. we are derailed.
3465,train,user no passengers were on the derailed train. but the who morning commute is fcked. go home.
3466,train,the crocodile tears don't wash with me she's more upset that the gravy train has been derailed hashtag kidscompany url
3468,train,user it got derailed outside grimrail depot...
3469,val,[update] no-passenger metro train derails causing terrible delays this morning: a derailed train is causing a hellû_ url
3470,train,user note there were no passengers on board when the train derailed this morning.
3471,holdout,new illustration for the l.a. times: url hashtag illustration hashtag subway
3472,train,it's so freeing to name a new .doc 'newidea' and then get back to hashtag writing w/out having derailed yourself thinking of a title. or w/twitter.
3473,val,whoa a hashtag wmata train derailed at smithsonian?
3474,train,metro acting chief jack requa says train that derailed was a six-car train with 1000 and 2000 series rail cars. hashtag wmata
3475,holdout,has hashtag identitytheft derailed your hashtag taxreturn? 8 steps for cleaning up an hashtag identitytheft train wreck. hashtag cri url
3476,train,hashtag metro still doesn't know when blue & orange lines will reopen. empty passenger car derailed ~ 5 a.m. not a new 7000-series. user hashtag wmata
3477,train,breakfast links: work from home: derailed: an empty train derailed at smithsonian this morning suspending ser... url
3478,holdout,on the eve of jon stewart leaving the daily show wmata has honored him by letting another train get derailed and crippling the service.
3480,train,going to starbs it's only 70 degrees part of the metro derailed it's a beautiful morning in washington d.c.
3481,train,oh wait i expected to go a totally different route in ls that was derailed by another barely passing grade in a required course. super.
3482,train,user and is the car that derailed a 5000 series by chance. they used to have issues w/ wheel climbing re: 1/2007 mt. vern sq derailment
3483,train,three episodes left the end is nigh
3484,train,so a train derailed and instead of me getting to work early like i would've i'm now late as fuck
3485,train,user user as in dropping the no-sports show? i don't think si top25 would have derailed that.
3486,train,relief train carrying survivors of the derailed janta express reaches mumbai via user url
3487,train,how many trains derailed that user has to shut down orange/blue in most of dc? the avengers made less of a mess user
3489,train,1 of those days when ya don't realize till already in transit that a train derailed at the metro st closest to work?? url
3490,train,user dw was on his way to a better career than chipper and that wasn't derailed until 2014. shame.
3492,train,fun with my girls! @ joe cools - durban main page url
3493,holdout,hashtag tubestrike derailed you? our hashtag robertwelch cutlery offers will get you back on track url url
3494,train,. user is the train half-derailed or half-railed? hashtag deepthoughts
3495,train,sad that biker beatdown derailed his pro-democracy work as user undercover: url url
3497,train,user i'm at work it's a bunch of ppl and buses because the train derailed
3498,train,cnn news august 5 2015 two trains derailed amid floods ... video for india august flooding 2015 video youtube?... url
3499,train,so derailed_benchmark is cool for paths. i wonder if i can run it to find leaks in jobs given to resque too?
3500,train,user user user today's hashtag metro commute debacle w/derailed non-passenger train shows clearly we need a rail mgr ceo!
3501,train,user the train derailed this morning
3503,val,madhya pradesh train derailment: village youth saved many lives
3504,train,service on the green line has resumed after an earlier derailment near garfield with residual delays.
3505,val,madhya pradesh train derailment: village youth saved many lives
3506,train,death on railway track: why rains cannot take all the blame?: derailment is not very common. last year less th... url
3508,train,hashtag news madhya pradesh train derailment: village youth saved many lives url hashtag til_now hashtag ndtv
3509,train,mp trains derailment: û÷it's the freakiest of freak accidents': mp trains derailment: û÷it's the freakiest of ... url
3510,train,hashtag teamfollowback madhya pradesh train derailment: village youth saved many lives hashtag followback
3512,holdout,hashtag modiministry madhya pradesh train derailment: village youth saved many lives url
3513,train,still and box alarm for the train derailment at 61st and calumet struck out on the orders of 2-1-21. hashtag chicagoscanner
3514,train,consent order on cleanup underway at csx derailment site - knoxville news sentinel url url
3517,val,madhya pradesh train derailment: village youth saved many lives
3518,holdout,madhya pradesh train derailment: village youth saved many lives: a group of villagers saved over 70 passengers' lives after two train...
3519,holdout,mp train derailment: village youth saved many lives url hashtag indiatv url
3520,holdout,madhya pradesh train derailment: village youth saved many lives: a group of villagers saved over 70 passengers' lives after two train...
3521,val,user i know the cow incident not yr fault by how where they on the line could of caused a derailment
3522,val,madhya pradesh train derailment: village youth saved many lives
3523,train,chicago fd still & box alarm/ems plan i 61st & calumet for the el train derailment cins/tg
3524,holdout,madhya pradesh train derailment: village youth saved many lives: a group of villagers saved over 70 passengers' lives after two train...
3525,train,user :) well i think that sounds like a fine plan where little derailment is possible so i applaud you :)
3526,val,railway minister prabhu calls mp derailment a natural calamity url
3527,train,latest : trains derailment: 'it's the freakiest of freak accidents' - the indian express: the indi... url hashtag indiannews
3528,train,user a train isn't made to withstand collisions! immediate derailment. it's totally fucked.
3529,train,#???? #?? #??? #??? trains derailment: 'it's the freakiest of freak accidents' - the indian express url
3530,train,suresh prabhu calls harda derailment a natural calamity; officials feel warning signs ignored: prabhu may regr... url
3531,val,25 killed 50 injured in madhya pradesh twin train derailment url
3532,train,mumbai24x7 helping hand: in mumbai 2 ttes take charge of helpline to calm anxious relatives - the ind... url hashtag mumbai
3533,train,trains derailment: 'it's the freakiest of freak accidents' - the indian express url hashtag news hashtag topstories
3534,train,latest : trains derailment: 'it's the freakiest of freak accidents' - the indian express: the indi... url hashtag indiannews
3535,train,url 25 killed 50 injured in madhya pradesh twin train derailment url
3536,holdout,trains derailment: 'it's the freakiest of freak accidents' - the indian express url
3537,train,photos: green line derailment near cottage grove and garfield: url url
3540,val,hashtag modiministry railway minister prabhu calls mp derailment a natural calamity url
3542,train,train derailment: in patna no news of any casualty so far - the indian express url url
3543,val,after the green line derailment my concern for track that looks like this goes up a bit... user user url
3544,holdout,very sad to learn of the derailment of 2 trains in mp.my deepest condolences to the families who lost loved ones in this mishap user
3548,val,scene of the derailment.. cta green line at 63rd/prairie url
3549,train,consent order on cleanup underway at csx derailment site - knoxville news sentinel url url
3550,train,helping hand: in mumbai 2 ttes take charge of helpline to calm anxious relatives - the indian exp... url mumbaitimes
3552,val,madhya pradesh train derailment: village youth saved many lives
3554,train,thanks a lot roadworks men cos a tube strike wasn't disruptive enough so having to walk the desolate route from tottenham to .....
3555,train,'what we perceive burns faintly like a sputtering candle before the vast desolate glacier of eternity' -sister gyrsi
3557,train,rt user likened to the 39 steps and the good shepherd by the film producer the desolate garden on all here url
3560,train,me watching law & order (ib: user ) (vine by user ) url
3565,holdout,the once desolate valley was transformed into a thriving hub of hiûótech business.
3566,train,hashtag onthisday in 1620 the mayflower set sail for the new world. read user : url url
3567,val,if the taken movies took place in india 2 (vine by user ) url
3568,train,i understand why broke ppl be mad or always hav an attitude now this sht ain't no fun i won't be desolate for long
3569,train,if this atl to san fran flight goes down in a desolate square state it's been real twitter.
3570,holdout,a new favorite: desolate 2 by r3do url on hashtag soundcloud
3572,holdout,i totally agree. they rape kill destroy and leave land desolate. action needs to happen before the swarm swells. url
3573,holdout,daniel 12:11 and from the time that the daily sacrifice shall be taken away and the abomination that maketh desolate set up
3575,val,user there isn't anything there its desolate bc of its nature. the significance is that we were the first country to do it
3578,train,unexercised honda run-down neighborhood desolate: psqd
3581,holdout,user have you gotten to the post-battle we're-on-a-desolate-planet below-the-mason-dixon-line style electro violin playing yet?
3582,train,user ty for the follow go to url brutally abused+desolate&lost + her lovely mum dies..is it murder?
3583,train,psalm34:22 the lord redeemeth the soul of his servants: and none of them that trust in him shall be desolate.
3584,train,user your only option now is to move to an desolate island with nothing but a stack of dvds you can't watch.
3585,train,eggs desolate
3587,train,user it looks so desolate. end of the world stuff. gorgeous.
3588,train,psalms 34:22 the lord redeemeth the soul of his servants: and none of them that trust in him shall be desolate.
3589,train,user ty for the follow go to url brutally abused+desolate&lost + her lovely mum dies..is it murder?
3591,train,user that looks so desolate and just...depressing
3592,holdout,august 5 1620 one hundred-odd pilgrims from england and holland set sail for the new world. they were unimpressed. url
3593,train,the desolate hope: part 2: mirad: url via user
3594,holdout,( the abomination that maketh desolate: the antichrist desecrates the jerusalem temple - dan 9:27 matt 24:1 )
3595,train,user bc its risky and costly i don't see a need to do that when there isn't anything there. it's totally desolate.
3596,train,why are you feeling desolate? take the quiz: url url
3597,train,i liked a user video url spyro 3 texture hacks - 'desolate gardens' [in-game]
3598,train,? this weekend: stockholm sweden - aug 8 at copperfields url
3602,train,the date for the release of ep03 desolation is set. stay tuned for more info while we finalise the schedule. hashtag alt hashtag electro hashtag rock hashtag comingsoon
3603,holdout,photoset: littlebitofbass: silinski: ed sheeran onåê'the hobbit: the desolation of smaug' german premiere... url
3604,train,the hobbit desolation of smaug thranduil 4' scale action figure loose mirkwood - full readû_ url url
3607,holdout,just came back from camping and returned with a new song which gets recorded tomorrow. can't wait! hashtag desolation hashtag theconspiracytheory hashtag newep
3608,train,i decided to take a break from my emotional destruction to watch tangled then watch desolation of smaug
3609,train,i rated the hobbit: the desolation of smaug (2013) 7/10 hashtag imdb url
3610,train,isai 60:1; psm 138:8 every conspiracy against my lifting be scattered unto desolation in the name o f jesus.
3611,train,rt user : **desolation run** hashtag free till 8/7! url hashtag military hashtag thriller hashtag suspense hashtag kindle hashtag amreading url
3613,train,rt kurtkamka: beautiful desolation. just me a couple of coyotes some lizards and the morning sun. hashtag phoenix hashtag arizû_ url
3617,holdout,wow! i just won this for free the hobbit: desolation of smaug uv digital download code *gin 9 url hashtag listia
3618,val,watching 'the desolation of smaug' in spanish is a hell of a drug
3619,train,did josephus get it wrong about antiochus epiphanes and the abomination of desolation? read more: url
3621,train,fear and panic in the air i want to be free from desolation and despair!
3623,holdout,free kindle book - aug 3-7 - thriller - desolation run by user url
3625,train,going to redo my nails and watch behind the scenes of desolation of smaug ayyy
3626,train,yeah 1:57 | lamb of god - rock am ring 2015 - intro+desolation hd url via user
3627,train,in times of desolation and trouble daniel's persistent prayers and fastings brought forth heavenly power and god iû_ url
3628,val,user :( y'all have lakes in ohio? i thought all y'all had was abject desolation and subway restaurants.
3629,train,'cause right now i can read too good don't send me no letters no. not unless you're gonna mail them from desolation row ~
3631,holdout,i really liked the first hobbit movie. i saw it three times in theatres. but i saw desolation of smaug and came out with the same feeling-
3632,train,be not afraid of sudden fear neither of the desolation of the wicked when it cometh. for the lord shall be thy... url
3633,train,the hobbit: the desolation of smaug - ed sheeran 'i see fire' [hd] url
3634,train,beautiful desolation. just me a couple of coyotes some lizards and the morning sun. hashtag phoenix hashtag arizona url
3635,train,fotoset: elanorofrohan: 10th december 2013 green carpet in zurich for the swiss premiere of the desolation... url
3636,train,emotional desolation the effect of alcoholism/addiction on family - url forgiving is hard url
3637,train,hey girl you must be toe hobbit: part two: ghe desolation of smaug because i'm not interested in seeing you. sorry.
3638,train,escape the heat (and the hashtag orshow) for a trail run on desolation loop you'll be glad you did url url
3639,train,user and then there's people like me where my whole people are named desolation
3640,train,this desperation dislocation separation condemnation revelation in temptation isolation desolation let it go and so to find away
3641,holdout,hashtag 4: the hobbit: the desolation of smaug (bilingual) url
3642,train,winter desolation of death is also on tumblr: url al necro's reviews interviews & more!
3643,train,hashtag np agalloch - the desolation song
3645,train,imagini noi si 2 clipuri the hobbit: the desolation of smaug -... url hashtag cliptv hashtag desolationofsmaug hashtag poze hashtag thehobbit
3646,train,fear and panic in the air i want to be free from desolation and despair and i feel like everything i sow ? url
3647,holdout,my chemical romance ûó desolation row hashtag np
3648,train,putin's plan to destroy western food en masse is causing a huge public backlash url
3650,holdout,destroy the free fandom honestly
3652,train,plot in the futurea totalitarian government employs a force known as firemen to seek out and destroy all literature url
3653,train,tell him rebahe's going to destroy himself user user hashtag ashes2ashes
3655,train,ginga thinks he can defeat me? not with my l-drago destroy he can't!
3656,train,black ops 3 search and destroy gameplay! (hunted snd competitive multiplayer): url via user
3657,train,if gop want to destroy america then obama is dilutional i should be institutionalize or sued for slander. url
3658,holdout,if shantae doesn't get in smash i will destroy my wii u. hashtag shantaeforsmash hashtag shantae hashtag shantaehalfgeniehero hashtag nintendo url
3659,train,ng2x5 mhtw4fnet watch michael jordan absolutely destroy this meme-baiting camper - foxsportscom
3660,train,just made anthonys bed considering i destroy it everytime i fall asleep. smh ????
3661,train,user user together we can destroy the emperor and rule the galaxy father and son!
3662,train,dem flatliners who destroy creativity-balance-longevity & truth stand with lucifer in all his flames of destruction url
3663,train,watch these super strong magnets destroy everyday objects: url url
3664,val,user user user these money grubbing kikes need to get a cluei have no money but i can still destroy with telekinesis. watch.
3666,val,hashtag yiayplan use my awesome collection of amiibos to destroy all in my path.
3667,train,get å£150 free bets when you register at boylesports casino hashtag luck hashtag destroy url url
3669,train,user but i can't say that either of us should be displeased. u.s move up five spots jamaica 21! congrats to the hashtag reggaeboyz
3670,train,user user i can destroy u
3674,train,wow crackdown 3 uses multiple servers in multiplayer?!?! u can destroy whole buildings?!?! hashtag copped
3675,train,get a 50 eur free bet at bwin to use on all sports markets hashtag destroy hashtag free url url
3676,train,user user user how silly that one of only two countries that can destroy the world has a say about world security
3679,train,5/6 will destroy reg c competitiveness. the entire region will b over-saturated. yes brockton gets $12m and regc commonwealth ppc and
3680,holdout,don't let others bring you down no matter how hard they try. hashtag beconfident don't let others destroy you with your weaknesses!
3681,train,let's destroy twitter with user user come on brbrs lets do it in morning with fousey
3682,val,me and all my friends could destroy this in 2hours lmao url
3683,train,industry tryna destroy user cause he exposed they cash cow...
3684,train,(sj gist): 148 houses farm produce destroy... url hashtag streetjamzdotnet | url
3685,train,destroy the house
3686,val,twitter is just here to destroy your childhood
3689,holdout,user wow what convincing & compelling evidence to change my view that is. climate change deniers i tend to destroy by giving...evidence
3690,train,politics = preschool attitude: russia orders to destroy all food coming from countries it doesn't like. - there is no hunger in the world?
3691,train,save your riches in heaven where they will never decrease because no thief can gets them and no moth can destroy them. ??
3692,train,user destroy oppa image? oops! there's nothing left right? haaaaaa
3694,val,dazzle destroy the fun ??
3695,train,as i catch the last few minutes. finally monwabisi gets shot lol. hlongwane was ryt. the twins r gonna destroy each other hashtag ashestoashes
3696,val,user ate mataas kc rating..but they did not think on doing like this they destroy the story along with the ratings
3697,train,user that's not my take from his piece. not putting that ambition in check will destroy the change we voted for the change we seek
3700,train,user user nkea destroyed lives in gambia as a mercenary judge.
3702,train,media stocks are getting destroyed (dis foxa cmcsa sni amcx viab via twx) url
3704,train,black eye 9: a space battle occurred at star o784 involving 3 fleets totaling 3941 ships with 13 destroyed
3705,train,hero you can 't swim lonely guy help me my solution is not yours lifeguard i hated killing people how destroyed it url
3708,val,user user daughtery would get destroyed on twitter. his comments are emotionally driven rants with little factual basis
3710,train,emotionally i am destroyed
3712,train,user user destroyed!??
3713,holdout,people donå«t want to hear the truth because they donå«t want their illusions destroyed. hashtag fn.
3715,train,hashtag everydaynaija | flood: two people dead 60 houses destroyed in kaduna url
3717,holdout,flood: two people dead 60 houses destroyed in kaduna: two people have been reportedly killed and 60 houses ut... url
3718,train,black eye 9: a space battle occurred at star o784 involving 2 fleets totaling 3967 ships with 39 destroyed
3719,train,black eye 9: a space battle occurred at star o784 involving 3 fleets totaling 3942 ships with 14 destroyed
3721,train,russian customs destroyed a total of 319 tons of food today phew! some italian meats were burned in an incinerator in pulkovo airport.
3722,train,black eye 9: a space battle occurred at star o784 involving 2 fleets totaling 3942 ships with 13 destroyed
3723,train,the grenade sound effect on 'impossible' just destroyed about 10 other hoes careers ??
3724,holdout,user your hot take on canada's hitchhiking garbage-bot (destroyed in philly) was sorely needed.
3725,train,flood: two people dead 60 houses destroyed in kaduna: two people have been reportedly killed an... url hashtag semasirtalks
3726,val,the way he did me destroyed me...
3727,train,i always felt like the namekians were black people and felt played when they died and the planet got destroyed ??
3729,train,user no worries you'd have to be on every hitters most pitchers got destroyed
3730,train,a person who blows himself up to kill others has no life in heaven because his ethereal body gets destroyed by doing it.
3735,train,70 years after hashtag abomb destroyd hashtag hiroshimaûóhashtag bbc looks at wht hashtag survived url hashtag cnv watch peace vigils: url
3736,holdout,flood: two people dead 60 houses destroyed in kaduna: two people have been reportedly killed and 60 houses ut... url
3737,train,user hi david in 2003 i saw the usa walk into a war that destroyed the lives of millions. you can prevent a repeat. hashtag irandeal
3738,holdout,black eye 9: a space battle occurred at star o784 involving 3 fleets totaling 3945 ships with 17 destroyed
3739,val,i liked a user video from user url specialguest crapgamer recap microsoft destroyed sony at gamescom
3741,train,hashtag hothashtag teenhashtag nsfwhashtag pornhashtag milf: oiled up ass hole is destroyed with king size cock closeup sex clip url
3742,val,black eye 9: a space battle occurred at star o784 involving 2 fleets totaling 3934 ships with 7 destroyed
3743,train,why does it say silas sliced in that headlinelike someone chopped him up like a piece of cabbage???????????????????????? hashtag gh
3744,holdout,user user i cant believe...is this d same stuart broad who was destroyed by our yuvi..????
3745,train,ford truck starts up and drives off after being destroyed by tornado! url
3747,train,black eye 9: a space battle occurred at star o784 involving 2 fleets totaling 3939 ships with 11 destroyed
3748,train,new ran report from the frontlines of human rights abuses and forest destruction for fashion.: url
3750,train,how can we help save a beautiful town in ontario from destruction by a power plant developer? url
3752,train,crackdown 3 destruction restricted to multiplayer: crackdown 3 impressed earlier this week with a demonstratio... url
3753,val,user greed is the fuel of self-destruction. hashtag takecare
3754,train,user user the contrasts of foreboding destruction enhanced by expansive divisions of color saturation contrast and hue!
3756,train,russian authorities to take account of petition against destruction of sanctioned food: vladimir putin's press... url
3758,train,fall back this first break homebuyer miscalculation that could destruction thousands: mwjcdk
3759,train,there's a hashtag fly loose in my workspace with two hashtag bored hashtag cats. i forsee terrible things. hashtag destruction hashtag badkitty hashtag thisiswhywecanthavenicethings
3760,val,user so many specs so much fan service so much lore destruction
3761,holdout,truck driver salvages banned tomatoes from destruction on hashtag russian border url hashtag news
3763,train,republican styled economic destruction | undergroundbestsellers url
3764,train,don't be the cause of your own self destruction
3765,val,hashtag putin decree results in destruction of 10 tons of imported cheese near russia-ukraine border. rt user url
3766,train,'every kingdom divided against itself is headed for destruction and no city or house divided against itself will stand.' matthew 12:32
3768,train,megadeth-symphony of destruction url
3770,train,how american war planners singled out hiroshima for destruction url
3771,train,hashtag thingsihate watching someone you care about head into total destruction and not being able to do anything.
3772,train,user wars doomed to destruction loss money must invest in iran's inside that should not go outside
3773,train,crackdown 3 destruction restricted to multiplayer: crackdown 3 impressed earlier this week with a demonstratio... url
3774,holdout,user so destruction it seems. i see myself ruined... somehow.
3775,train,we are so arrogant in our destruction that we think the earth needs us. she doesn't.
3776,train,megadeth week - symphony of destruction url
3777,train,crackdown 3 destruction restricted to multiplayer: crackdown 3 impressed earlier this week with a demonstratio... url
3778,val,what's happening? a destruction indeed url
3780,val,on this day in 1998 appetite for destruction goes to hashtag 1 on the billboard album charts and stay on for 57 weeks
3785,train,user user and in an equal spirit i leave you to roskomnadzor and to ridiculously politicized destruction of 'illegal food.'
3786,train,that's the ultimate road to destruction
3787,train,self destruction mode! ???? url
3788,holdout,user the angel of history propelled into the future by the winds of progress leaves in its wake piles of death and destruction. wb
3789,train,marquei como visto dragon ball super - 1x1 - the god of destruction\'s dream url hashtag bancodeseries
3793,train,temptation always leads to destruction
3795,train,rss: russia begins mass destruction of illegally imported food url
3796,train,so you have a new weapon that can cause un-imaginable destruction.
3797,holdout,it sure made an impact on me url
3798,holdout,user are you another stand-user? if you are i will have to detonate you with my killer queen.
3800,train,bomb squad set to detonate backpack antioch tenn. theater gunman had on him officials say - user url
3802,train,apollo brown ft. m.o.p- detonate - url
3803,train,apollo brown - detonate (ft. m.o.p.) url
3805,train,user stuns also probably won't be anything like aw stuns. and you can't detonate them
3806,holdout,user are you another stand-user? if you are i will have to detonate you with my killer queen.
3807,train,user they can't detonate unless they touch the ground
3810,holdout,detonate (feat. m.o.p.) by apollo brown url
3812,val,hashtag boulder deputies are waiting for the bomb squad to detonate grenade like this one found in stearns lake today url
3814,holdout,user are you another stand-user? if you are i will have to detonate you with my killer queen.
3815,train,apollo brown - 'detonate' f. m.o.p. | url
3816,train,real hip hop: apollo brown feat m.o.p. - detonate hashtag jtw url
3819,train,user says 2nd grenade found is 'younger' that wwii era grenade found earlier. they'll detonate it at 8:00 tonight. user
3820,train,a young heavyweight rapping off of detonate i been a leader not a lemon better get it straight ??
3821,val,apollo brown - 'detonate' f. m.o.p. url
3822,train,. user apollo brown - 'detonate' f. m.o.p. url hashtag orapinforma
3824,train,52.214904 5.139055 nuke please. target hilversum please detonate 800 meters below surface.
3825,train,user yo why u so sexy?
3826,train,user :that's why terrorism is not d war for d army but for intel agents who can counter their moves before they detonate their bombs.
3827,train,apollo brown ûò detonate f. m.o.p. url hashtag hhbu
3828,holdout,user are you another stand-user? if you are i will have to detonate you with my killer queen.
3829,train,apollo brown - detonate (feat. m.o.p.) by mello music group via hashtag soundcloud url
3830,holdout,detonate (feat. m.o.p.) by apollo brown url
3831,val,user url detonate by user ft. m.o.p.
3832,train,user this message will self detonate in 5 4 3 2...
3833,train,detonate (feat. m?.?o?.?p?.?) from grandeur by apollo brown url
3834,train,i've just signed up for the detonate nottingham autumn launch party. register here: url
3835,train,user everyone hoped we would join isis and get ventilated by marines while trying to detonate a bandolier of hot dogs at fort dix
3836,holdout,user are you another stand-user? if you are i will have to detonate you with my killer queen.
3837,val,apollo brown - detonate (ft. m.o.p.) url hashtag fiya!
3838,train,user user user user they didn't succeed the other two times either. bomb didn't detonate&shots missed.
3839,train,press play on user 's new single with m.o.p. to 'detonate.' url
3840,val,apollo brown ûò detonate ft.åêm.o.p. url url
3841,holdout,user are you another stand-user? if you are i will have to detonate you with my killer queen.
3842,train,hashtag hiphop hashtag news hashtag indie apollo brown ûò ûïdetonateû ft. m.o.p. - <a href=' url url
3845,train,new music from user featuring m.o.p.? 'detonate' taken off his album 'grandeur' coming soon - url
3848,train,ignition knock (detonation) sensor-senso standard fits 03-08 mazda 6 3.0l-v6 url url
3849,holdout,ignition knock (detonation) sensor connector-connecto motorcraft wpt-994 url url
3850,train,ignition knock (detonation) sensor-senso standard ks161 url url
3851,train,ignition knock (detonation) sensor-senso standard ks57 url url
3853,train,ignition knock (detonation) sensor-senso standard ks94 url url
3855,holdout,dorman 917-033 ignition knock (detonation) sensor connector url url
3857,train,detonation quotes - my esteemed belt quotes regarding each one recent: esevu url
3858,train,do you want to play a game? url its a googlemaps mashup that calculates the effects of the detonation of nuclear bomb
3859,train,look down upon three methods touching obtaing rank electrical transcription detonation: butiqob
3860,train,ignition knock (detonation) sensor-senso fits 01-06 bmw 325ci 2.5l-l6 url url
3861,train,ignition knock (detonation) sensor-senso standard ks94 url url
3862,train,ignition knock (detonation) sensor-knock sensor delphi as10004 url url
3864,val,ignition knock (detonation) sensor connector-connecto motorcraft wpt-410 url url
3866,holdout,ignition knock (detonation) sensor-senso beck/arnley 158-0853 url url
3868,holdout,detonation into the realistic assets entering india: koz url
3869,train,new smp ignition knock (detonation) sensor ks315 url url
3870,train,ignition knock (detonation) sensor-senso standard ks100 url url
3873,train,2015 new fashion ladies gold watch waterproof weiqin famous brand michel quartz de lujo caû_ url url
3874,train,ignition knock (detonation) sensor-senso beck/arnley 158-1017 url url
3875,train,ignition knock (detonation) sensor acdelco gm original equipment 213-924 url url
3876,train,a new favorite: trivium - detonation by user url on hashtag soundcloud
3877,val,don't miss chris hashtag appy's detonation of the myths obscuring our crime in hashtag hiroshima 70 yrs ago this month. user url
3879,holdout,detonation fashionable mountaineering electronic watch water-resistant couples leisure tabû_ url url
3887,train,ignition knock (detonation) sensor acdelco gm original equipment 213-4678 url url
3888,train,ignition knock (detonation) sensor-senso standard fits 02-06 acura rsx 2.0l-l4 url url
3889,holdout,detonation fashionable mountaineering electronic watch water-resistant couples leisure tabû_ url url
3892,val,ignition knock (detonation) sensor connector-connecto dorman 917-141 url url
3893,train,we are on our way to hiroshima. today is the 70th anniversary of the detonation of the atomic bomb.
3894,holdout,detonation fashionable mountaineering electronic watch water-resistant couples leisure tabû_ url url
3895,train,70 years after : hiroshima and nagasaki - consequences of a nuclear detonation user url
3896,train,ignition knock (detonation) sensor-senso standard fits 97-98 ford f-250 4.6l-v8 url url
3897,train,ignition knock (detonation) sensor-senso standard ks111 url url
3899,train,user user im just devastated that when it ends i will no longer see tyler blackburns face on pll xxx
3900,train,man currensy really be talkin that talk... i'd be more devastated if he had a ghostwriter than anybody else....
3901,train,ûïrichmond coaches were devastated to hear of the death of their second driver mr chance who was sittingû_: jam... url
3903,train,zayn malik & perrie edwards end engagement: she's û÷devastated' url url
3904,holdout,user no more hashtag gujaratriot & hashtag mumbairiot92-93 which devastated 1000&1000 indianperpetrated by hashtag modi & hashtag chawalchorbjp user user
3905,train,(hashtag losdelsonido) obama declares disaster for typhoon-devastated saipan: obama signs disaster declaration for northern ma... (hashtag ivanberroa)
3906,holdout,obama declares disaster for typhoon-devastated saipan: president barack obama has declared the commonwealth of... url
3907,train,obama declares disaster for typhoon-devastated saipan hashtag worldnews url
3908,train,obama declares disaster for typhoon-devastated saipan: obama signs disaster declaration for northern marians a... url
3911,train,ûïrichmond coaches were devastated to hear of the death of their second driver mr chance who was sittingû_: jam... url
3913,train,obama declares disaster for typhoon-devastated saipan: obama signs disaster declaration for northern marians a... url
3914,train,ûïrichmond coaches were devastated to hear of the death of their second driver mr chance who was sittingû_: jam... url
3916,train,obama declares disaster for typhoon-devastated saipan: obama signs disaster declaration for northern marians a... url
3917,train,good for her lol url
3919,train,obama declares disaster for typhoon-devastated saipan: obama signs disaster declaration for northern marians a... url
3921,train,foto: ûïlove isn't everything to me anymore. the last album i made [red] was a devastated record because... url
3922,train,devastated isnt the word ross out of all people hashtag emmerdale hashtag summerfate
3923,holdout,thought it was friday all day today. was beyond devastated when i realised it wasn't ??
3924,train,???????????? user absolutely devastated what an actor. will miss hashtag rossbarton every girls loves a bad boy
3926,train,user has confirmed on his twitter saying goodbye 2 ross. am bloody gobsmacked/devastated hashtag emmerdale
3927,train,user devastated!! ????
3932,train,bairstow dropped his buffet ticket there. devastated for the lad.
3933,train,abcnews - obama declares disaster for typhoon-devastated saipan: obama signs disaster declaration for northern... url
3935,train,'er indoors will be devastated. rip arfur. hashtag georgecole
3936,train,user we could have had it aaaaaaallll i'm not even on that season and i'm devastated
3937,train,obama declares disaster for typhoon-devastated saipan: url
3938,train,devastated by today's allegations.
3940,holdout,user i'm devastated
3944,train,user i'll be devastated if it's cain...such a great character ??
3945,holdout,is stuart broad the prime minister yet. best thing in sport i have seen for years that. the aussies look devastated. bless ??????
3947,train,obama declares disaster for typhoon-devastated saipan: obama signs disaster declaration for northern marians a... url
3948,train,user ?????? how are you going to survive this devastation?
3949,holdout,i'm in utter shock and devastation you don't go to work to be left feeling how i do now. life really is too short ??
3950,train,in this fragile global economy considering the devastation the alternatives would cause ... it's the best reason .. url
3951,train,in kalmikya astrakhan volgagrad and dagestan there is already no food left for the locusts url via user
3952,train,70 years after atomic bombs japan still struggles with war past: the anniversary of the devastation wrought b... url
3953,train,obsolete devastation from broad with the ball. and root doing it with bat in hand. great day hashtag ashes2015 hashtag engvaus url
3954,holdout,url hashtag latestnews hashtag cnbc hashtag cnn the anniversary of the devastation wrought by the first military use of an atomic weapon cû_
3955,train,70 years after atomic bombs japan still struggles with war past: the anniversary of the devastation wrought b... url
3956,train,70 years after atomic bombs japan still struggles with war past: the anniversary of the devastation wrought b... url
3957,train,user indeed ray devastation would be far more comprehensive hashtag hiroshima
3958,train,70 years after atomic bombs japan still struggles with wartime past: the anniversary of the devastation wroug... url
3959,train,user yeah i agree but it's the shock factor that ropes people in if they just show devastation then it angers me
3960,train,70 years after atomic bombs japan still struggles with war past: the anniversary of the devastation wrought b... url
3961,val,classic www ûó hiroshima/nagasaki: atomic devastation hidden for decades: the people of hiroshima and nagasaki ... url
3962,train,70 years after atomic bombs japan still struggles with war past: the anniversary of the devastation wrought b... url
3964,train,hashtag hungerarticles: nepal: rebuilding lives and livelihoods after quake devastation url
3967,holdout,70 years after atomic bombs japan still struggles with war past url the anniversary of the devastation wrought by theû_
3968,train,70 years after atomic bombs japan still struggles with war past: the anniversary of the devastation wrought b... url
3969,train,we haven't seen the devastation from the 2014 corp. breaches yet be prepared! get coverage!: url url
3970,val,user i agree with user to get out & vote. look at devastation user caused hashtag firstnations hashtag idlenomore hashtag cndpoli hashtag yyj
3973,train,is this country latin america's next 'argentina': one week ago we reported on the economic devastation in he o... url
3975,train,the devastation when you smash your phone ??????????????????????????
3977,train,70 years after atomic bombs japan still struggles with war past: the anniversary of the devastation wrought b... url
3979,val,hashtag thorium radioactive weapons. scandals murders and environmental devastation: - video url
3980,train,url from devastation to elation getting back on my feet helping those willing to help themselves url
3982,train,70 years after atomic bombs japan still struggles with war past: the anniversary of the devastation wrought b... url
3983,train,70 years after atomic bombs japan still struggles with war past: the anniversary of the devastation wrought b... url
3984,train,what would your city look like if it had been the subject of the hashtag hiroshima bombing? hint-devastation. hashtag beyondthebomb url
3989,val,fascinating pics from inside north korea. not propaganda not devastation - just people living life. url
3990,train,$10m settlement attained using our illustrations to help jurors understand the true devastation of internal injuries: url
3992,train,70 years after atomic bombs japan still struggles with war past: the anniversary of the devastation wrought b... url
3993,train,hashtag health hashtag newyear the anniversary of the devastation wrought by the first military use of an atomic weapon come... url
3994,train,i visited hiroshima in 2006. it is an incredible place. this model shows devastation of the bomb. url
3995,holdout,devastation: coming to a user and find the user closed ?? hashtag momneedscoffee hashtag asap hashtag iwontmakeit
3996,train,water now tops the charts for highest global risk in terms of devastationû_ ahead of nuclear war or a global pandemic url
3997,train,currently blasting hashtag benediction - hashtag sanelesstheory -on metal devastation radio- url
3998,train,i forgot to bring chocolate with me. major disaster.
4000,train,more natural disaster research urgent url via hashtag jakartapost
4003,train,i'm a disaster?? url
4005,train,user i can see why one of your favorite books is 'beautiful disaster' it may now be one of mine??
4006,train,å¬'only the sea knows how many are dead' user after last disaster in hashtag mediterranean turned into a massgrave url
4008,train,beautiful disaster // jon mclaughlin is such a good song
4010,holdout,user w/o giving up too much of nana france reminds me of america right before the war in iraq. a restlessness leading to disaster
4011,holdout,strengthening partnerships hashtag afterhaiyan url hashtag haiyan hashtag yolandaph hashtag philippines hashtag livelihood hashtag disasterrecovery hashtag disaster
4012,train,beautiful disaster url
4014,train,my first staining attempt was a disaster url
4017,train,cw500: dealing with disaster - url
4018,train,i want to go back to vegas for my 21 but i feel like that would be such a disaster lol so much money would need to be brought
4019,train,blue bell may be close to a return from its listeria disaster... hot on hashtag theneeds hashtag recipes url
4020,holdout,jeff locke. train wreck. f'in disaster. fortunately the pirates acquired a top quality starter in j.a... oh wait. hashtag blowltan
4021,val,hashtag metepec hashtag mexico - ?night disaster?...e(oficial) @ hashtag nitclub hashtag mì¼sica hashtag mì¼sica url
4022,train,disaster averted: police kill gunman with 'hoax device' at cinema url via hashtag foxnews
4024,train,tv: vitaly churkin briliantly exposes the hypocrisy of the ukraine's fm klimkin about the mh17 disaster url
4025,holdout,illinois tornado slipped under the radar emergency officials say url
4026,val,top insurer blasts lack of australian govt action on disaster mitigation url via user
4027,train,û¢i'm the architect of my own disasterû¢
4028,holdout,user my day has been a disaster of emotions
4029,train,i'm setting myself up for disaster
4030,train,what the hell is wrong with people?!communication! rule with an iron fist ticket to disaster. can't swing one day and not the next.
4032,holdout,user hashtag msgdoing111welfareworks green s welfare force ke appx 65000 members har time disaster victim ki help ke liye tyar hai....
4033,train,user user what a disaster - can't say i'm surprised
4034,val,rt user the devereaux disaster. 'exciting scifi hashtag thriller...' url hashtag scifi hashtag kindle
4038,train,keeps askin me what this means not like i got the answers plus if i say the wrong thing this might just turn into a disaster
4039,train,four technologies that could let humans survive environmental disaster - url
4041,train,the user quote website = disaster. tried 3 browsers & 3 machines. always get 'missing info' error due to a non-existant drop down.
4042,train,i'd like to think i'm photogenic but every time i see a pic with me in it i just think to myself 'gosh what a disaster' xd
4043,train,disaster averted: police kill gunman with û÷hoax device' atåêcinema url
4044,train,disaster averted: police kill gunman with 'hoax device' at cinema url
4045,holdout,if locke has to pitch in the playoffs it's not a disaster but they should absolutely positively never let him pitch the sixth inning.
4046,holdout,teen disaster preparedness event in van nuys august 11 @ 5:30pm url via user
4047,val,user add fez weather to the equation and you have the best recipe for disaster.
4049,holdout,hashtag myanmar displaced hashtag rohingya at hashtag sittwe point of no return url hashtag prison like conditions hashtag genocide ihhen msf refugees
4050,train,crews were out all day boarding up windows at the park at the galleria apts. where fire displaced 55 this am. url
4051,train,.potus hashtag strategicpatience is a strategy for hashtag genocide; refugees; idp internally displaced people; horror; etc. url
4052,holdout,300000 dead 1200000 injured 11000000 displaced this is hashtag syria 2015 visit url hashtag us hashtag canada url
4054,train,hashtag myanmar 's displaced hashtag rohingya at hashtag sittwe point of no return url prison-like conditionsprivation url
4055,holdout,user when i have so much shit going on in my head i'd rather talk about it than have an outburst.. displaced aggression sux!!
4057,val,hashtag kca hashtag votejkt48id 12news: update: a family of 3 has been displaced after fired damaged housed near 90th and osborn. fire extinguished no iû_
4058,train,angry woman openly accuses nema of stealing relief materials meant for idps: an angry internally displaced wom... url
4060,train,user user 'thousands of people were displaced/injured/killed but hey now there's more opportunity for different restaurants!'
4061,train,the year is 2065 and the national society of meme preservation has opened the first museum where memes and their origins are displaced
4062,train,philippines must protect internally displaced persons warns un expert url
4063,train,at least 180 dead a million displaced in india floods - india | reliefweb url
4064,val,hashtag kca hashtag votejkt48id 12news: update: a family of 3 has been displaced after fired damaged housed near 90th and osborn. fire extinguished no iû_
4065,holdout,9000 photographs from 1800's british mandate of palestine - with no trace of 'palestinians' url
4068,train,.potus hashtag strategicpatience is a strategy for hashtag genocide; refugees; idp internally displaced people; horror; etc. url
4072,train,.potus hashtag strategicpatience is a strategy for hashtag genocide; refugees; idp internally displaced people; horror; etc. url
4076,train,.potus hashtag strategicpatience is a strategy for hashtag genocide; refugees; idp internally displaced people; horror; etc. url
4077,train,.potus hashtag strategicpatience is a strategy for hashtag genocide; refugees; idp internally displaced people; horror; etc. url
4078,holdout,? the circular ruins - displaced part 4 ? url hashtag nowplaying
4079,val,historic flooding across asia leaves hundreds dead millions displaced: url url
4080,train,angry woman openly accuses nema of stealing relief materials meant for idps: an angry internally displaced wom... url
4081,train,hashtag myanmar displaced hashtag rohingya at hashtag sittwe point of no return url hashtag prison like conditions hashtag genocide user user user
4083,val,displaced persons gn (2014 image) hashtag 1-1st nm url url
4084,train,philippines must protect internally displaced persons warns un expert - the diplomat url
4085,val,how much would it cost to have some fat displaced? asking for a friend.
4086,holdout,hashtag myanmar displaced hashtag rohingya at hashtag sittwe point of no return url hashtag prison like conditions hashtag genocide ihhen msf refugees
4087,train,40 displaced by ocean township apartment fire hashtag newyork - url
4088,val,pennlive - two families displaced by mechanicsburg blaze - no one was injured in the fire. url
4089,train,user a crime that killed/displaced millions. in which systematic torture was carried out. but look. grahamwp fired a gun! arrest him!
4091,val,' user : hashtag myanmar 's displaced hashtag rohingya at hashtag sittwe point of no return url url
4092,train,angry woman openly accuses nema of stealing relief materials meant for idps: an angry internally displaced wom... url
4093,train,could billboard's hot 100 chart be displaced by these social-media-driven music charts? url
4094,val,real people. true stories. real pain & suffering. hashtag displaced hashtag refugeesmatter hashtag syria url
4095,val,user user do you want to hear more? displaced my parents until both died in the diasporas !
4096,holdout,elem pomo helping the displaced from the rocky fire. please consider! elem evacuation center url via user
4097,train,for those displaced by disasters label and legal status remain out of reach url
4098,train,hashtag nevada's û÷exceptional' hashtag drought steady at ~11%; ~ 95% of hashtag nv in drought: url user url
4100,train,u.s. in record hurricane drought url
4101,train,u.s. record hurricane drought. url
4103,val,worried about how the ca drought might affect you? extreme weather: does it dampen our economy? url
4104,train,llf talk world news u.s. in record hurricane drought - the united states hasn't been hit by a major hurricane in t... url
4105,holdout,url u.s. in record hurricane drought url
4107,train,w--=-=-=-[ nema warns nigerians to prepare for drought url
4108,holdout,hashtag makewaterwork okanagan! drought rating maxed out - okanagan valley url url hashtag westerncanadadrought
4111,train,gov. brown links ca wildfire to drought url
4112,train,heat wave is relentless: 91å¡f feels like 100 humidity 55% + relentless drought too: now dominicana. i know is worse in other places.
4113,train,treasures revealed as california drought drains lakes url
4114,holdout,canada bc drought: okanagan region issued level 4 rating - okanagan river (columbia trib) fishing suspended to sep 30 url
4116,train,it's time to do away with drought.check out how the hashtag cloud hashtag iot are helping conserve water url
4117,train,user user user user why you so salty and scared when we have a drought like you said?
4119,holdout,tips so that finding the customers ego drought: dqsvyusy
4121,train,blog: rain much needed as drought conditions worsen: right now charlotte and much of the surrounding area haveû_ url
4122,holdout,hashtag weed news how marijuana is making california drought worse - christian science monitor url
4123,train,hashtag droughtmonitor: moderate or worse hashtag drought ? to ~27% of contig usa; affects ~80m people. url url
4124,train,pretty neat website to get the latest drought conditions in your area url
4127,train,pizza drought is over i just couldn't anymore...
4128,train,the drought is real ??????
4129,val,user california is in a drought. what are you gonna do about this issue? if you want to be president this attitude won't work with m
4131,train,user me & you both & i'll be dam if i get any of that drought bud
4132,val,for these californians it's like living in africa's sahel desert - just finding water a daily chore. url
4133,train,u.s. in record hurricane drought: the united states hasn't been hit by a major hurricane in the past nine years and it seems like thatû_
4135,train,large rain drops falling in rock hill off anderson road. hashtag rain hashtag scwx hashtag drought
4138,train,california meets drought-fueled fire season with extra crews.. related articles: url
4139,holdout,moderate hashtag drought is spreading rapidly across central ga. hashtag macon hashtag warnerrobins hashtag dublin hashtag milledgeville hashtag gawx url
4140,train,thought it was a drought user ? url
4141,train,user we got purple activist i thought it was a drought
4142,train,we happily support mydrought a project bringing awareness to the la drought. track your waterû_ url
4143,holdout,'california's burning:' gov. on drought wildfires url
4145,train,llf talk world news u.s. in record hurricane drought - the united states hasn't been hit by a major hurricane in ... url
4146,train,'it's an eerie way of revealing both our history and our possible fate.' hashtag cadrought hashtag lakeisabella by user url
4147,val,mane im not a raiders fan but they been in a drought. they need to go 10-6 lol
4149,train,user you until you drown by water entering the lungs. you being alive has caused this great country to fall to shit because you're a pussy
4150,val,. user and her band killed it tonight. it was almost loud enough to drown out the tambourine behind me..... user user
4152,val,little gecko chillin' in my garden! i ended up helping him out i suspected he might drown!û_ url
4153,train,'save me from my self don't let me drown'.
4154,train,we all carry these things inside that no one else can see. they hold us down like anchors they drown us out at sea.
4156,train,hashtag nowplaying porcupine tree - drown with me (live) hashtag listen hashtag live at url
4157,train,when you lowkey already know you're gonna drown in school this year :) url
4158,train,user don't drown
4159,train,throw that water at me until i drown and my last words are choke me url
4160,train,just down drown me k i can't swim url
4161,train,some days i drown in my tears but i don't let it get me down
4163,val,user i can't drown my demons they know how to swim.
4164,holdout,user only if u let me drown you ??
4166,train,user i'll drown you in the river walk
4167,train,when your moms being annoying so you turn your beats pill all the way up to drown her out.
4168,train,ev makes me wanna drown myself he's such an idiot
4170,train,user put this in detroit niggas gone be acting out?? tryna fuck n drown mfs????????loose they buffs in the water?? url
4171,holdout,user i hope you drown ??
4172,train,i can't drown my demons they know how to swim
4173,train,gonna drown it in mustard and lemon pepper :)
4175,val,my parents don't believe in the dream. sad.
4176,train,some older native australians believe that the oceans were created from the urine of an angry god who tried to drown the world.
4177,val,no one told me you can drown yourself by drinking too much water.
4178,holdout,when a real nigga hold you down you supposed to drown
4180,train,i keep it out down drown their insults out with what i feel is devote pride ten fold action with reprocussions set at birth retroactive.
4181,train,i am that girl on tv that sadly turns her music up to drown out the noise of her family fighting literally every day
4182,val,don't think for one second i'm out to drown your memory. baby you ain't worth the whiskey.
4183,val,this weekend is me and nathan's birthday weekend so if you want to drown yourself in beer do reckless things and potentially die hmu
4184,val,we are getting some reports of flooding near jonesboro high school. please use caution when driving in the area. turn around don't drown!
4189,train,drown by bring me the horizon (at information resources centre (utp)) ûó url
4191,holdout,going to go drown my sorrows with sad music brb
4197,train,user user so we should send it all 2 him then? drown him in it? i like the way u think! hashtag allthekidneybeansandsorbet4misha hashtag yes
4198,train,user my tears drowned out the terrible taste also nataly gave me her steak and cheese thing to cheer me up
4199,train,clev: me? | you. clev: indeed. | do you know what happened to ben? clev: he drowned. | how. clev: by his father. user
4200,train,wtf this mom just drowned her child?!
4201,train,hundreds feared drowned as migrant boat capsizes off libya url
4202,train,sadly before she could save humanity ursula drowned in the drool of a protoshoggoth but at least she sort of died doing what she loved.
4203,holdout,i drowned in the kiddie pool and i lost my ploppy
4204,train,url jacksonville family bands together as memorial is planned for toddler who ... - floridaû_ url
4205,train,the future of america hashtag gamergate url
4206,val,user hey stephen remember that time you drowned all the yellows read: url
4209,train,user user he also told you....no-one has drowned in the last 2 years & 1200 had under labor. but let's not mention that..
4210,train,new and now: different (fnaf fanfiction): trixie_drowned / 2 pageshi my awesome proxies it's ... url hashtag wattpad hashtag promo
4211,train,hashtag dw hundreds feared drowned as migrant boat capsizes off libya: hundreds of migrants areû_ url
4212,train,via user hundreds feared drowned as migrant boat capsizes off libya url hashtag ufo4ublogeurope
4213,holdout,at the lake *sees a dead fish* me: poor little guy i wonder what happened ashley: idk maybe it drowned wtf ????????
4214,train,user how come bugs haven't all drowned out of existence every time it rains?
4216,train,url jacksonville family bands together as memorial is planned for toddler who ... - floridaû_ url
4218,train,migrants drown at sea after boat capsizes off hashtag libya url url
4219,val,pussy so deep i could've drowned twice
4220,holdout,visting georgina at the drowned rat cafe.....awful view!! url
4221,holdout,sometimes logic gets drowned out in emotion but it's gotta surface at some point.
4224,train,user noooo?? i almost drowned you once tho :))))
4225,train,toddler drowned in bath after mum left room to fetch his pyjamas url
4227,train,so i pick myself off the ground and swam before i drowned. hit the bottom so hard i bounced twice suffice this time around is different.
4230,val,thank you uplifting spirit. when im drowned you've been an anchor
4232,train,i want to see my user so bad its not even funny. i will probably cry and drowned him in kisses when i do. ????
4233,val,jacksonville family bands together as memorial is planned for ... url
4235,holdout,hundreds feared drowned after another mediterranean asylum seeker boat sinking url
4237,holdout,i got drowned like 5 times in the damn game today ????????????
4238,train,80 tons of cocaine worth 125 million dollars drowned in hashtag alameda .....now that's a american drought hashtag coke
4239,train,niggas favorite question is why you single ?? bitch i don't know pussy too wet almost drowned a nigga ??????????
4240,val,the best thing about this is it drowned out the call from the guy angry cause he hadn't gotten a tracking number... url
4241,train,hundreds feared drowned as migrant boat capsizes off libya url
4242,train,so today i fell off a rock scraped my whole butt and nearly drowned hashtag summer2k15
4243,val,hundreds of migrants feared drowned off libya: migrants stand next to their tent at a camp set near calaisû_ url
4244,train,hope the drowned user
4245,train,. user felt remorse for missing pam drowned it with these guys. really like jason's part vi outfit. url
4246,train,given the us coalition's fondness for backing '1984'-style totalitarianism it's a surprise they haven't copied... url
4247,holdout,user jack closed the sketchbook biting his lip under his mask. 'i'm doing good. how're you?'
4248,train,forever drowning in my feelings.
4250,train,the drowning girl by caitlin r. kiernan centipede press signed numbered limited - full reû_ url url
4251,train,the drowning girl by caitlin r. kiernan centipede press signed numbered limited - full reû_ url url
4252,train,grace: this is not your first ' storm' you know bicycles fences trees will fly as well as idiots drowning that go by swollen rivers...
4253,train,london is drowning and iiii live by the riveeeeeer
4255,val,family mourns drowning of 'superhero' toddler with rare epilepsy: bradley diebold suffered hundreds of epilepticû_ url
4256,holdout,why are you drowning in low self-image? take the quiz: url url
4257,train,2/his explanation was that 'you request as much as you want provided you get your job done but you're constantly drowning in work!'
4260,val,'drowning' - acrylic 08.05.15 url
4261,train,the drowning girl by caitlin r. kiernan centipede press signed numbered limited - full reû_ url url
4262,train,hashtag icymi hashtag annoucement from al jackson... url
4264,train,user user hello 911 yeah we have someone drowning here send a medic url
4265,train,user what if i'm drowning
4266,holdout,user its like theres fire in my skin and im drowning from within ????
4268,train,don't you dare play the victim when i've been drowning for years.
4269,train,i will stay drowning till you watch hashtag nashsnewvideo url url
4270,train,sometimesi can't even breathe well i feel like drowning and can't deal with my fear hashtag anxietyproblems
4271,train,no reported cases of people drowning in sweat...fyi
4272,train,url family mourns drowning of 'superhero' toddler with rare epilepsy - chicago tribune url
4273,val,user believe it or not we've had too much rain here. our newly planted maple trees are actually drowning.
4274,holdout,boy saves autistic brother from drowning: a nine-year-old in maine dove into a pool to save his autistic brother from drowning
4275,val,louis in red jacket round 2 aka drowning in my tears
4276,val,epilepsy claims another. common and still a challenge to treat. superhero toddler with rare epilepsy (dravet) drowns url
4279,train,i'm drowning in spirits to wash you out
4281,train,the drowning girl by caitlin r. kiernan centipede press signed numbered limited - full reû_ url url
4282,train,hashtag islamic hashtag state issue a new holiday hashtag brochure lovely swimming pool for drowning in shooting range and the downside it costs a hashtag bomb
4284,holdout,drowning sorrows in jarmusch vampires.
4288,train,can still see it...blank expression...cheeks clapping in my face...marvins room playing subtlety in the back yet drowning out all the sound
4289,holdout,my mom is watching a show about bridges breaking/falling and the people on them drowning in their cars aka one of my biggest fears ????
4292,train,drowning in actavis suicide
4293,train,what this man did to save a drowning squirrel is absolutely incredible url url
4295,holdout,user only urs and srs matter rs you'll be drowning in. tho you're already drowning in ns lol.
4296,val,i feel like i'm drowning inside my own body!!
4297,train,i'm drowning in hw now and that's w/o going to swim ohlordy
4298,val,user bg-16: so far brunt of storm just to our north. grayed out w/ dust & rain to n blue sky interspersed w/ clouds to s.
4299,train,some poor sods arriving in amman during yesterday's dust storm were diverted to ben gurion airport: url
4300,train,kids disappear in dust storm in atmospheric aussie thriller url rt user
4301,train,nasa modis image: dust storm over morocco and the straits of gibraltar url hashtag duststorm
4303,train,totoooooo! totoooooooooo! ' user : dust storm approaching stratford texas 18th april 1935. url
4304,train,severe storm weakening as it moves se towards lubbock area. outflow boundary may create dust and 50 mph gusts url
4305,train,when the answer my friend isn't blowing in the wind-it's yelling! -how to survive a dust storm url url
4306,train,kids disappear in dust storm in atmospheric aussie thriller url rt user
4307,train,how to survive a dust storm url
4309,train,dust storm 'en route' from alice springs to uluru url
4312,train,i keep sneezing either someone placed a southern dust storm in my house or someone talkin smack
4313,train,|| so.... i just watched the trailed for the dust storm and i think part of me just died.... colin is so perfect my goodness.
4314,train,dust devil maintenance fee - buy up la rotary storm guard: uvopwz
4317,train,user people in sydney woke up to the whole sky being red after a dust storm..like unreal.
4318,train,there's a big storm brewing dark clouds thunder and rain carrying thick dust. this could be interesting.
4320,val,i-90 vantage: backups eastbound with low visibility due to a dust storm about 4 miles east of the bridge.
4321,train,good way to end the day!!! geyser plus dust storm! url
4322,val,dust storm in riyadh ????
4323,train,new mad max screenshots show off a lovely dust storm combat magnum opus url
4324,train,let it be gone away like a dust in the wind .... big wind like a tornado with blizzard thunder and storm its that what i always want it
4325,train,new mad max screenshots show off a lovely dust storm combat magnum opus url hashtag cogxbox hashtag xboxone hashtag xbox
4326,train,the answer my friend is yelling in the wind-my latest article for url read and share - thanks! url
4327,holdout,i need the dust storm film asap also *watches the trailer for the 500th time* user
4328,train,storm headed towards idaho falls with blowing dust & winds to 60 mph. us hwy 20 & i15 look out. hashtag idwx url
4329,train,currently driving through a dust storm. url
4330,train,i learned more about economics from one south dakota dust storm than i did in all my years in college. -hubert humphrey
4332,train,6 things getting caught in a dust storm & the challenging real estate market have in common (+ video): url
4333,holdout,raw video: dust storm rolls through texas url url
4334,train,user user user moved in a crescent formation small trails of dust left in their wake as they moved.
4335,train,dust in the wind: user paratroopers move to a loading zone during a dust storm in support of operation fury: url
4336,train,wall of noise is one thing - but a wall of dust? moving at 60mph? url how to not get blown away! url
4337,train,new mad max screenshots show off a lovely dust storm combat magnum opus url
4341,holdout,user even staying up all night to he barrier for tìüp and then having to run through a dust storm and almost passing out?
4342,train,going to a fest? bring swimming goggles for the dust storm in the circle pit
4343,train,severe storm weakening as it moves se towards lubbock area. outflow boundary may create dust and 50 mph gusts url
4345,train,new mad max screenshots show off a lovely dust storm combat magnum opus url url
4348,train,hashtag earthquake hashtag sismo m 1.4 - 4km e of interlaken california: time2015-08-06 00:52:25 utc2015-08-05 17:52:25 -07... url
4349,holdout,1.43 earthquake occurred near mount st. helens area washington at 09:36 utc! hashtag earthquake url
4350,val,contruction upgrading ferries to earthquake standards in vashon mukilteo - q13 fox url hashtag earthquakenews
4351,val,hashtag 3novices : renison mine sees seismic event url a small earthquake at tasmania's renison tin project has created a temû_
4352,train,put the right person up on the block hashtag shelli??? the sense of entitlement is ridiculous. hashtag bb17.
4353,train,2.0 hashtag earthquake in sicily italy hashtag iphone users download the earthquake app for more information url
4354,val,usgs eq: m 1.2 - 23km s of twentynine palms california: time2015-08-05 23:54:09 utc2015-08-05 16:... url hashtag earthquake
4355,train,posted a new song: 'earthquake' url url
4356,holdout,some of the aftershocks can be just as big as the initial earthquake.~ url
4357,train,hashtag sismo ml 2.4 near the coast of western turkey: magnitudeåêåêml 2.4regionåêåênear the coast of western turkey... url hashtag cs
4358,train,usgs eq: m 0.6 - 8km ssw of anza california: time2015-08-06 01:26:24 utc2015-08-05 18:26:24 -07:0... url hashtag earthquake
4359,train,1.9 earthquake occurred 15km e of anchorage alaska at 00:11 utc! hashtag earthquake hashtag anchorage url
4361,train,raffi_rc: rt sustainourearth: oklahoma acts to limit earthquake risk at oil and gas wells | scoopit url loving all thiû_
4362,train,hashtag usgs m 0.9 - northern california: time2015-08-06 01:50:25 utc2015-08-06 01:50:25 utc at epicenter... url hashtag earthtwerk
4363,train,hashtag scseestapreparando light mag. 4.4 earthquake - - 73km sw of khuzdar pakistan on wednes... url via user
4365,train,hashtag usgs m 1.2 - 23km s of twentynine palms california: time2015-08-05 23:54:09 utc2015-08-05 16:54:09 -07:0... url hashtag sm
4366,holdout,user 's things she looks in a significant other: 1. beautiful eyes. 2. humor. 3. farts that creates an earthquake. ????????
4368,train,nepal earthquake 3 months on: women fear abuse url via @ user
4372,train,ml 2.0 sicily italy url hashtag euroquake
4373,train,usgs reports a m1.94 hashtag earthquake 5km s of volcano hawaii on 8/6/15 @ 1:04:01 utc url hashtag quake
4374,holdout,gns sees unnecessary deaths resulting from earthquake strengthening legislation url ($)
4375,train,'there was a small earthquake in la but don't worry emily rossum is fine' hashtag difficultpeople is great
4376,train,usgs eq: m 1.9 - 15km e of anchorage alaska: time2015-08-06 00:11:16 utc2015-08-05 16:11:16 -08:0... url hashtag earthquake
4377,holdout,hashtag earthquake hashtag sismo m 1.9 - 15km e of anchorage alaska: time2015-08-06 00:11:16 utc2015-08-05 16:11:16 -08:00 ... url
4378,train,contruction upgrading ferries to earthquake standards in vashon mukilteo: the upgrades will bring the vulnera... url
4379,train,[gpv wind] as of 06jst 6aug: wnw 06jst 6aug / e 12jst 6aug / s 18jst 6aug. url
4381,train,m1.57 [01:11 utc]?3km nnw of lake henshaw california. url
4382,val,earthquake drill atm
4383,train,there has not been 1 real tear out of hashtag shelli 's eyes this entire episode. hashtag bb17
4384,train,hashtag usgs m 1.4 - 4km e of interlaken california: time2015-08-06 00:52:25 utc2015-08-05 17:52:25 -07:00 at ep... url hashtag sm
4385,val,hashtag sismo m 1.3 - 1km nne of the geysers california: time2015-08-05 23:40:21 utc2015-08-05 16:40:21 -07:00 a... url hashtag cs
4387,train,earthquake drill ??????
4388,train,user thx for your great encouragement and for rt of new video url the coming apocalyptic us earthquake & tsunami
4391,val,earthquake drill ??
4392,val,hashtag earthquake (emsc): md 2.9 off coast of northern california url g url
4393,holdout,'there was a small earthquake in la but don't worry emmy rossum is fine'
4395,train,sure the hashtag megaquake story brought a sense of panic but the question is: will anything really change? url
4396,train,earthquake : m 3.4 - 96km n of brenas puerto rico: time2015-08-05 10:34:24 utc2015-08-05 06:34:24 -04:00 atû_ url
4397,holdout,scared to be living in seattle when this predicted earthquake is going to destroy ????
4398,holdout,user kindly follow back
4401,train,user hopefully it doesn't electrocute your heated blanket lmao
4402,train,kids got disney version of the game operation only 2 aa batteries? i swear my old version had like 8 ds and would nearly electrocute you.
4403,train,elecman could electrocute me and i'd say thanks.
4405,train,when you got an extension cord that extends from your bed to your bath tub ?? lets pray i don't electrocute myself
4406,train,i wanna tweet a 'niall thx for not making me was to electrocute myself' tweet but i'm scared i'll jinx it
4407,train,wtf thomas edison after making the lightbulb used to electrocute animals to make everyone think teslas power was unsafe???? wank
4408,train,achievement unlocked: replaced light socket; did not electrocute self
4410,train,electrocute yourself
4411,train,user your turn ??
4412,holdout,user 'are you okay?! i electrocute you too badly right?'
4413,train,the sea will electrocute us all ??
4415,train,electric vs gas brewing (not wanting to electrocute myself) question url
4416,train,user don't let phil help out he'll probably electrocute himself
4421,train,user *tries to electrocute self with phone cord*
4423,train,i'm not the mom friend but i still see my friends as my little babies that i have to care for or else they'll electrocute themselves
4424,train,why does my phone electrocute me when it's charging
4425,train,she says that she'd love to come help but the sea would.... electrocute us all... ??????????
4426,val,it is freezing in my room & i erally want to unplug the ac but i don't want to electrocute myelf and die
4427,train,i need u to delete this before i start crying into my computer and electrocute myself url
4428,val,user pissed at you and could have their pikachu electrocute you and :\\\
4430,train,let her go - passenger
4432,train,user user he's trying to electrocute ya ass lol hell no i ain't fucking with emilio no more ????????
4435,train,kayla is about to electrocute herself.
4436,train,no but seriously i will electrocute half of uk army's so i can touch bangtan i do not play games when it comes to bts
4437,train,photo: weallheartonedirection: i wouldn't let david electrocute himself so i'm the asshole url
4438,train,i would like to electrocute everyone who uses the word 'fair' in connection with income tax policies. - william f. buckley jr.
4440,train,photo: weallheartonedirection: i wouldn't let david electrocute himself so i'm the asshole url
4441,val,user he still has his beard - has he been visited by any1 while in prison? if he keeps that hideous beard electrocute him! hashtag uglypeople
4442,train,but the sea would..electrocute us all.
4444,train,user we can hear the conversation now... 'sorry senator we thought you said 'electrocute' 50 million...' etc.
4445,train,the links to watch the show better work or i might electrocute someone
4448,train,when i was cooking earlier i got electrocuted some crucial ?????? now i'm psychic lol
4449,train,hashtag pakistanhashtag news# pakpattan city news: man electrocuted from our correspondent pakpattan: a man was electrocuted... url
4450,train,'hey bitch blow me' uh no. stick your dick in some water then an outlet so u get electrocuted..
4451,train,christie keeps telling me that i need to be electrocuted
4452,train,so i had my phone charging and lightening struck in my backyard and i was holding my phone and it electrocuted my hand???? hurts so bad man??
4454,train,i got electrocuted this morning how is your day going? ??
4455,val,'why am i being constantly electrocuted?' 'i don't know. are you by chance standing next to a cactus?'hashtag borderlands hashtag borderlands2 hashtag oocvg hashtag ftw
4456,train,woman electrocuted hashtag red hashtag redblood hashtag videoclip url #
4457,holdout,user there's literally a video of an elephant he had tied up in metal cables and electrocuted to death
4458,train,fr cuz i risk being electrocuted every shower ?? url
4459,train,youth electrocuted in khulna | url url via user
4463,train,south side factory where worker electrocuted pays $17000 penalty hashtag columbus - url
4464,train,michael talking about when he was electrocuted omg hashtag rowysolouisville url
4465,holdout,user user where you being electrocuted all the way round? the map sure looks like it.
4466,train,i'm loving this classic barn shot! we may or may not have got electrocuted got stung a few times and stepped in... url
4468,holdout,got electrocuted last night at work for the first time in my life.... shit was weird ????
4470,train,. user . user hashtag southkorea dogs prepared!electrocutedboiling waterfur machine all still alive url
4471,train,just thought i'd let you all know... it's probably not a good idea to plug in your hairdryer when it's wet you will be electrocuted.
4472,train,mt user treatment of hashtag tigers in hashtag china is appalling: electrocuted in front of businessmen & eaten url hashtag saveti...
4476,train,i was blow drying my hair & the cable caught on fire. i let go of it as soon as i realized. just before i could get electrocuted ??
4478,train,i was working out today and i sweated so much like i though i was gonna get electrocuted by earbuds omg
4479,train,do babies actually get electrocuted from wall sockets? i'm wondering how i and those before me survived childhood.
4480,train,also my iphone charger is broken and i just electrocuted myself.
4482,train,it was a queer sultry summer the summer they electrocuted the rosenbergs and i didn't know what i was doing in new york.
4486,train,seriously look like a get electrocuted after i blow dry my hair it's really attractive ??
4487,val,zotar(50 skeleton alchemist) was electrocuted to death by atamathon the giant golem on golem graveyard 1. url
4488,train,hashtag pakistanhashtag news# nankana sahib city news: electrocuted from our correspondent nankana sahib: a youth was electr... url
4489,train,god damn it!!! i electrocuted myself ??
4490,train,watching a man electrocuted on the roof of hashtag mumbailocals is definitely a lesson.. people please learn!! hashtag lessonforlife hashtag marinelines hashtag mumbai
4491,val,worked in factory pressing designs onto t-shirts was electrocuted d/t faulty ground. boss docked my pay while i was at er hashtag worstsummerjob
4492,holdout,elsa is gonna end up getting electrocuted. she's gonna end up like that cat from christmas vacation.
4493,holdout,i'm in the shower and i went to go change the song and of course i get fucking electrocuted by the cord
4494,holdout,not being able to touch anything or anyone in penneys without being electrocuted ??
4496,train,student electrocuted to death in school campus url
4498,train,a whistleblower lawsuit accuses that supervisor of sleeping on the job more than once according to officials. url
4499,val,survival kit whistle fire starter wire saw cree torch emergency blanket s knife - full reû_ url url
4503,train,emergency flow url mp3 url rar url
4504,holdout,emergency dispatchers in boone county in the hot seat url
4507,val,survival kit whistle fire starter wire saw cree torch emergency blanket s knife - full reû_ url url
4508,train,emergency surgery
4509,val,deals : url hashtag 37592 temporary fake tooth teeth replacement kit emergency dental oral care cosmeû_ url
4511,holdout,god forbid anyone in my family knows how to answer a phone. i need new emergency contacts.
4514,train,alaska's prince of wales hashtag archipelagowolves are nearing hashtag extinction. demand emergency protection! hashtag standforwolves url
4515,holdout,'the day you learn the importance of emergency exits is the day your heartbeat stops sounding familiar.'
4516,train,user for the hashtag international emergency medicine conference w/ lennox hill hospital and hashtag drjustinmazur
4517,train,plane from new york to kuwait diverts to uk after declaring state of emergency url
4518,train,when your child needs emergency care they can be seen in our emergency department by user specialists! url
4519,train,stl ace grille - surface mounts speedtech lights - amber emergency lights - 544 url url
4520,train,the new quest type is 'level up quest'. its an always present quest with x2 exp designed to help people level up outside of emergency quests
4521,val,11000 seeds 30 vegetable fruit variety garden kit emergency survival gear mre - full reaû_ url url
4522,train,update: indiana state police reopening i-65 near lafayette following emergency bridge repairs that closed key highway for about 28 hours.
4523,holdout,sf asian women's shelter crisis line (415) 751-0880. emergency shelter/support services 4 non-english speaking asian women & children.
4524,train,emergency root canal!! hashtag tookitlikeaman hashtag lovemydentist hashtag sore
4525,val,user yes; especially new clients that walk in and think a wart is an emergency.
4526,holdout,myanmar floods: childfund url and international needs url and care aust user appeals
4527,train,hashtag anchorage hashtag jobs emergency medicine - nurse practitioner - healthcare recruitment counselors (wasilla ak): em... url
4528,train,setting up an emergency fund in 3 easy steps: you never know when a surprise expense will pop up. so work up t... url
4529,holdout,the eyes of the nation & broader conservation community are on hashtag alaska user reinstate emergency buffer hashtag protectdenaliwolves
4530,train,gonna call up tomorrow with the aul 'emergency dental appointment' excuse just like the whole tooth falling out incident of last year
4531,val,loans until settlement day ??ûï emergency money advances treasure-house self outbreed yours below take-home: akx
4533,val,in both 'peacetime and times of national emergency.'
4534,holdout,from user : lean thinking for quicker police emergency response time url
4537,train,former heroin addict shares story as city leaders sound alarm: city officials said emergency teams responded t... url
4538,train,busty blonde teen natalia starr fucks the security guard on set url view and download video
4539,train,came across this fire video not mine..enjoy..hashtag fire hashtag firemen hashtag firetruck hashtag emergency hashtag rescue hashtag 911 hashtag summertime hashtag sirensû_ url
4541,train,user we enjoyed the show today. great fun. the emergency non evacuation was interesting. have a great run.
4542,train,denali wolf population declined from 143 in 2007 2 just 48 in 2015. reinstate emergency buffer zone hashtag protectdenaliwolves user user
4543,train,user of newport a big thanks for the emergency run to pick jackie up from bristol temple messages much appreciated
4544,train,i'm glad when i call someone it's not an emergency since they never answer their phones or call back??
4546,train,to supply and install new frp emergency slide at tunas kijangbank negara malaysia [closing date: 2015-08-14]... url
4547,train,hashtag emergency in odai bucharest romania 600 dogs dying!they are so hungry that they eat each other! url
4548,train,4 printable emergency plan templates url
4549,train,user thx for emergency dec. url 4 days and no plan to get h20 to those who have no transport. can you deploy troops?
4550,train,see aug 4 2015 poconorecord user - how many households have an hashtag emergency plan? | url url
4551,train,our builder is having a dental emergency. which has ruined my plan to emotionally blackmail him this afternoon with my bump.
4553,train,this from the city of calgary - city of calgary has activated municipal emergency plan the municipal emergency... url
4556,val,url hashtag gamergate the end of reddit is coming. it's time we devise an emergency evacuation plan.
4557,train,nieces these are especially good for you with the kids. megan swanger ruthann mccormick daisy henley... url
4561,val,good tips! does your family have an emergency plan? ... url url
4562,train,. user activates emergency plan amid severe thunderstorm warning url hashtag yyc hashtag abstorm url
4563,train,city of calgary activates municipal emergency plan - url
4564,val,govt plan for rs40000cr lifeline to fci waste of money ask people to store grains fr 3_6_12 months fr emergency enough capacity available nw
4565,val,do you know the emergency plan at your workplace? if not ask your supervisor or operations manager. hashtag retail
4567,train,nhs england announces new plan to meet emergency care targets url
4568,val,the city has activated the municipal emergency plan. primarily stay indoors avoid flooded areas call 311 for... url
4569,train,city of calgary activates municipal emergency plan - 660 news url url
4571,train,hello calgary!! important news!! please be advised!!! url
4573,train,cool tips from our friends at counterstrike security & sound.... url
4575,train,b/c it costs less to have sick people using emergency rooms?...grrrr.... url
4576,train,ûï user : yo forreal we need to have like an emergency action plan incase donald trump becomes presidentû whipe that lil baby
4577,train,user accepts wisconsin emergency response plan on behalf of user hashtag nbc15 url
4578,val,cruise's 'm:i 5' emergency plan: awesome fail url
4579,val,practice your families fire escape plan so everyone knows what to do in case of an emergency.
4580,train,hashtag biztip we recommend all businesses to get an alternative source of electricity. hashtag solar wind and batteries. have an emergency plan! now!
4582,val,when your body's like 'go to fuck to sleep sami' and your mind's like 'make an emergency plan for every natural disaster go'
4584,train,do you have a plan? emergency preparedness for hashtag families of children with special needs url hashtag autism hashtag specialneeds
4585,val,senators calling for emergency housing: boxer feinstein back plan to move hashtag homeless vets to va campus url
4587,train,severe thunderstorm warning remains for hashtag cochrane. user has enacted municipal emergency plan after today's storm. hashtag abstorm
4588,holdout,can't fix stupid. mt user don't drive through flooded underpasses warns city as it enacts municipal emergency plan. hashtag yyc hashtag abstorm
4589,train,do you have an emergency drinking water plan? download guide in english spanish french arabic or vietnamese. url
4590,holdout,a big issue left undone is how to get home if adverse weather hits. user has no real emergency plan in place url
4592,val,city of calgary activates municipal emergency plan as more thunderstorms approach url
4593,train,the municipal emergency plan is now in effect. stay safe everyone! hashtag abstorm hashtag yyc url
4595,val,storm concludes city of calgary's municipal emergency plan deactivated url
4596,train,county 911 overload prompts use of emergency plan during july 4 celebrations url url
4597,train,user user in an emergency situation late in the year. not as a plan in camp
4598,train,user user haha ??????..are you really comparing yourselves to the emergency services! thats brilliant! talk about up your own arse!
4599,train,user user the drive in ilford closed both ways while emergency services deal with a call out. buses are now stuck.
4600,train,user user do you know where abouts as i heard emergency services near by
4601,train,join the providence health & services team! see our latest hashtag nursing hashtag job opening here: url hashtag torrance ca hashtag hiring
4602,train,sustainability task force presents levy to fund emergency services - wdtv url
4604,train,hashtag nursing alert: emergency department psychiatric rn (.90 fte day) | providence health & services | hashtag olympia wa url
4606,train,i am not an american but i have family who have served in the military work in the emergency services and work in... url
4607,train,emergency services committee and personnel committee meeting on thursday night url
4608,train,we're hashtag hiring! click to apply: rn ii/emergency services/ft/7p-7a - url hashtag nursing hashtag houston tx url
4609,val,we're hashtag hiring! read about our latest hashtag job opening here: rn nurse shift manager emergency services - full time... - url
4610,train,hashtag veterans vet act would ensure every military veteran's access to highest level of emergency care services: proper treatmen... hashtag followme
4611,train,emergency services unsure how to cope with loss of paging network url
4614,holdout,brooklyn locksmith: domesticate emergency mechanic services circa the clock movement!: gba url
4616,val,public hearing on 2015-16 user budget thurs 8/6 at 3:15 emergency services ctr goshen. url
4617,train,apply now to work for dignity health as hashtag rn hashtag emergency services full time 7a-7:30p siena campus in hashtag henderson hashtag jobs url
4619,train,want to work in hashtag missionhills ca? view our latest opening: url hashtag nursing hashtag job hashtag jobs hashtag hiring
4620,train,removing tsunami debris from the west coast: karen robinson enviromental and emergency services manager of theû_ url
4622,holdout,the hashtag tubestrike is because tfl workers may have trouble planning downtime. i hope none need emergency services. url
4624,train,hashtag breaking hashtag news - call for tasmania's emergency services to be trained in horse ... - url url
4625,holdout,can you recommend anyone for this hashtag job? rn emergency services full time 3p - 3\:30a rose de lima campus - url hashtag hiring
4627,train,emergency shutdown systems - edmonton url
4628,holdout,hashtag healthcare hashtag job in hashtag kodiak ak: emergency services supervisor - emergency... at providence health & services url hashtag jobs
4630,train,air group is here to the rescue! we have 24/7 emergency service! learn more about it here - url url
4631,train,want to work at swedish health services? we're hashtag hiring in hashtag seattle wa! click for details: url hashtag nursing hashtag job hashtag jobs
4632,train,goulburn man henry van bilsen missing: emergency services are searching for a goulburn man who disappeared from hisû_ url
4634,train,we're hashtag hiring! read about our latest hashtag job opening here: emergency department psychiatric rn (.90 fte day) - url
4635,val,providence health & services: emergency services supervisor - emergency department... (hashtag kodiak ak) url hashtag healthcare hashtag job
4637,val,want to work in hashtag tarzana ca? view our latest opening: url hashtag nursing hashtag job hashtag jobs hashtag hiring
4639,val,beyond stressed beyond hysteria into the grey misty indifference of complete shutdown of all but emergency services in my brain
4641,val,services are returning to normal hashtag southline after a medical emergency at yennora and urgent track equipment repairs at cabramatta earlier.
4642,val,user hi i thought that i recognised your smile. i believe that the emergency services are the best performing arts followers simon.
4644,train,our doctors and nurses in the new pediatric emergency department are all specialized in child services! url
4646,train,hashtag missionhills ca hashtag nursing : registered nurse - emergency department ( full time... at providence health & services url
4649,train,just saw a car on the i-77 fully engulfed in flames hahah
4650,train,men escape car engulfed in flames in parley's canyon crews investigating cause - url url
4655,train,men escape car engulfed in flames in parley's canyon crews investigating cause - url url
4656,train,he came to a land which was engulfed in tribal war and turned it into a land of peace i.e. madinah. hashtag prophetmuhammad hashtag islam
4657,train,hashtag trafficalert eastbound 210 freeway at citrus ave in azusa. two motorcycles involved in accident with one fully engulfed in flames in lanes
4658,train,men escape car engulfed in flames in parley's canyon crews investigating cause - url url
4659,train,he came to a land which was engulfed in tribal war and turned it into a land of peace i.e. madinah. hashtag prophetmuhammad hashtag islam
4661,train,tube strike live: latest travel updates as london is engulfed in chaos: û_ cross-london travel will be accepte... url
4664,train,just got engulfed in a car-induced tidal wave on my run... i thought this only happened in the movies ????
4666,train,user *stands there engulfed in the fire smiling*
4667,train,tube strike live: latest travel updates as london is engulfed inåêchaos url url
4669,train,he came to a land which was engulfed in tribal war and turned it into a land of peace i.e. madinah. hashtag prophetmuhammad hashtag islam
4670,train,do you feel engulfed with low self-image? take the quiz: url url
4671,train,men escape car engulfed in flames in parley's canyon crews investigating cause - url url
4672,train,he came to a land which was engulfed in tribal war and turned it into a land of peace i.e. madinah. hashtag prophetmuhammad hashtag islam
4673,train,michael is engulfed by that jumper
4674,val,why are you engulfed by low self-image? take the quiz: url url
4675,val,user and she wrapped his coat around herself. it practically engulfed her.
4677,train,when your cake is engulfed in flames hashtag literarycakes
4678,train,hashtag raheelsharif is manifesting how one right man at the helm can save a sinking ship engulfed in a dark-stormy-tidal-sea. well done.
4679,train,why tf did i decide to workout today? my body feels like it's been engulfed by a mass of fiery disdain.
4680,train,do you feel engulfed with low self-image? take the quiz: url url
4681,val,man is equally incapable of seeing the nothingness from which he emerges and the infinity in which he is engulfed -- blaise pascal
4682,train,fully engulfed garage fire: propane tanks inside. sunnymeade dr.
4684,train,he came to a land which was engulfed in tribal war and turned it into a land of peace i.e. madinah. hashtag prophetmuhammad hashtag islam
4687,train,user there is no words to describe the physical painthey ripped you apart while you screamed for dear lifeits like been engulfed
4688,train,user user wld b a shame if that golf cart became engulfed in flames. hashtag boycottbears
4689,holdout,car engulfed in flames backs up traffic at parley's summit url
4690,val,why are you engulfed by low self-image? take the quiz: url url
4691,train,he came to a land which was engulfed in tribal war and turned it into a land of peace i.e. madinah. hashtag prophetmuhammad hashtag islam
4692,train,men escape car engulfed in flames in parley's canyon crews investigating cause - url url
4693,train,men escape car engulfed in flames in parley's canyon crews investigating cause - url url
4694,train,men escape car engulfed in flames in parley's canyon crews investigating cause - url url
4695,train,do you feel engulfed with low self-image? take the quiz: url url
4696,train,'tube strike live: latest travel updates as london engulfed in chaos' <- genuine baffling telegraph headline
4697,train,lucas duda is ghost rider. not the nic cage version but an actual 'engulfed in flames' badass. hashtag mets
4698,holdout,user indeed and a remarkably puny idea to place at the epicentre of a new post-capitalism epoch
4699,train,[question] is anybody else having this problem with the '7' circle in epicentre? url
4700,train,tomorrow kick off your weekend with drinks & entertainment user url url
4702,train,user i think of that every time i go to the epicentre haha
4703,train,this friday!!! club vault 3rd floor epicentre url
4704,train,hashtag tanzania elephant population declined by 60% in five years census reveals url url
4705,train,i need a spot w| some drink specials. i'm kinda tired of the epicentre
4706,train,rt user : tanzania elephant population declined by 60% in five years census reveals url url
4707,train,september 15 defeater at the epicentre hell yeaahh
4708,train,how a little studio in the middle of nowhere is becoming the epicentre of communication. url url
4709,train,epicentre - cydia tweak - url | thanks to user .
4710,train,[question] is anybody else having this problem with the '7' circle in epicentre? via /r/jailbreak url
4711,val,i feel like if mkayla and cee ever got in the same room everyone should evacuate because it would be so petty and childish i couldn't deal
4712,train,chicago (ap) ûó organizers of lollapalooza say they are reopening the music festival after the threat of a storm prompted them to evacuate
4713,holdout,learn how to evacuate your home in the event of a hashtag wildfire view videos at url hashtag ca hashtag nv hashtag ut hashtag co hashtag or url
4714,holdout,disaster control teams are studying ways to evacuate the port area in response to tidal wave warnings.[900037]
4715,train,'so again make sure to evacuate past the fire doors. any questions? yes?' 'why would we open the doors to the fire!!?!??!?' i...i..i cant
4716,train,when there's a fire alarm going off in zehrs and we keep working for 20 minutes then decide to evacuate everyone..
4717,train,california &hashtag 039;monster&hashtag 039; fire is 20% contained as 13000 are told to evacuate url
4719,train,if you did a cannon ball into the ocean then japan would evacuate.
4720,train,firefigthers evacuate from northampton township house fire url
4722,train,okay i need all of you to evacuate the house so i can write this poem
4723,train,fire crews evacuate passengers from a gold coast tram trapped when powerlines fell across a carriage. hashtag tennews 5pm url
4724,train,cascada - evacuate the dancefloor (official video) url via user
4725,val,disregard my snap story there is an angry white girl riot happening as we speak. hashtag evacuate
4726,train,fwd: i literally jumped out of bed put on beach clothes and ran out my door like i had to evacuate for an apocalypse
4729,val,pls can alllll the nittys evacuate stockwell
4730,train,cancel the fucking show. evacuate metlife url
4731,holdout,condemnation clearly replacing the latest response aimlessly dryer evacuate detersion de: hlg
4732,train,the efak would be designed for building occupants once they evacuate and report to their evacuation assembly sites
4734,train,jay and alexis broke up there goes all your faith and goals people... evacuate yourself
4735,val,user dealbreaker that's it that's the dealbreaker s.o.s. abandon ship evacuate the building
4736,train,so all the store's fire alarms went off today at work and we had to evacuate. i was like 'omg!! i.s.i.s. its happening!!!!'
4737,train,louis is sad. cancel the show now. everyone leave. evacuate. this cannot go on.
4738,holdout,no don't evacuate the students just throw them in the dungeon. that is stupid.
4739,train,the u.s. also flew over each bomb site in world war ii with warning letters telling people to evacuate
4740,train,mygc: broken powerlines evacuate gold coast tram suspend services url
4742,val,sooo police dispatch said there was a person threatening to shoot up the walmart on rutherford & they had to evacuate
4744,train,the summer program i worked for went the city pool we had to evacuate because one of my kids left a surprise. user hashtag worstsummerjob
4745,holdout,us govt refuses to evacuate 1000s of americans from yemen url hashtag yemen hashtag usa hashtag evacuation hashtag abandoned
4747,train,user and from what i can tell- they responded to today's gunman quickly and were able to evacuate all the ppl so no one was shot.
4748,train,30 seconds for my bitches to evacuate ??????
4749,train,california wildfires force thousands to evacuate: url via user
4750,train,user yeah i grew up in the canyon above l.a. we had to evacuate a few times.
4752,train,quick shut down the show take the stage down evacuate everyone from mthe premises louis is upset
4753,val,user 'don't bother while you were offline i managed to evacuate everyone out of here including hinata so so go ahead and cause--
4754,train,evacuate from your life.
4755,val,tonight is being quite interesting... a few minutes ago the fire system went off and we had to evacuate the building.
4757,val,i just want everyone to know that emilee was worried i was getting a milkshake when we were supposed to evacuate
4758,train,and my fam had to evacuate bc we need power
4759,train,wow. hashtag fifa16 has pre season tournaments in career mode. bloody hell evacuate the building hashtag whocares
4760,train,perhaps the criminal murderous hashtag nazis should pack their bags & evacuate themselves from london & all hashtag uk? hashtag tubestrike well done!
4762,train,does anyone know why hashtag murfreesboro hashtag walmart was evacuated this evening? user
4765,train,green line service on south side disrupted after cta train derails passengers evacuated. url url
4766,train,powerlines down over tram on gc highway. passengers have just been evacuated user user url
4768,train,red cross re-opens shelter at bickleton school after 25 homes evacuated in & around roosevelt wa due to wildfire. hashtag liveonk2
4769,train,new evacuation ordered for 25 homes in danger of hwy. 8 fire near roosevelt wash. url hashtag koin6news url
4770,train,they evacuated the mall. again. ??
4771,train,more than 300 campers evacuated as california wildfire blazes on officials say url
4773,holdout,trafford centre film fans angry after odeon cinema evacuated following false fire alarm: twitter users tell ... url
4774,train,13000 evacuated as california firefighters fight flames to save homes. hashtag rockyfire url url
4775,train,trafford centre film fans angry after odeon cinema evacuated following false fire alarm url url
4777,train,rocky fire in northern california swells to 60000 acres; 12000 evacuated url portland hashtag phoenix hashtag miami hashtag atlanta hashtag casper
4778,train,trafford centre film fans angry after odeon cinema evacuated following false fire alarm: twitter users tell ofû_ url
4779,train,5 dead 3 missing 103 families evacuated due to floods in bukidnon: ... url
4782,holdout,user i didn't get to buy one after the last london show because the fire alarm went off and everyone had to be evacuated. hahahaha
4783,train,just got evacuated from the movie theatre for an emergency. saw people running from another they're.
4784,train,hashtag worldnews fallen powerlines on g:link tram: update: fire crews have evacuated up to 30 passengers who were tr... url
4785,train,passengers evacuated & lanes blocked off as power lines come down over a gold coast tram user url
4786,train,alert! sandy hook elementary school evacuated after û÷bomb threat' url
4787,train,trafford centre film fans angry after odeon cinema evacuated following false fire alarm url
4788,train,evacuation orders lifted for roosevelt in highway 8 fire. url hashtag koin6news url
4789,val,our thoughts are with these local residents! time for some heavy rain!!! url
4790,holdout,trafford centre film fans angry after odeon cinema evacuated following false fire alarm: twi... url hashtag manchesterlite
4791,train,78 passengers evacuated safely after green line train derails. url
4793,train,hotel evacuated after fire on shore drive in norfolk url
4794,holdout,user doctor we must leave immediately the core is unstable...the whole building is told to be evacuated. take the research. we need...
4795,val,evacuation order lifted for town of roosevelt - washington times url
4797,train,rocky fire url
4798,train,ahrar al sham: in our negotiations with iran over al zabadani they wanted all sunnis evacuated out of al zabadani!
4799,train,entire town of roosevelt wash. evacuated because of wildfire url
4800,train,katunews: hashtag sr14 remains closed as brush fire burns 1700 acres: url hashtag liveonk2 url
4802,train,good thing there was actually just a legit fire in the mall and nobody evacuated!!
4803,holdout,is it seclusion when a class is evacuated and a child is left alone in the class to force compliance? hashtag morevoices
4807,train,rocky fire in northern california swells to 60000 acres; 12000 evacuated url portland hashtag phoenix hashtag miami hashtag atlanta hashtag casper
4808,train,i got evacuated from the cinema 30 mins through inside out kill me please
4809,holdout,gold coast tram hit by fallen powerlines: up to 30 people have been evacuated from a tram on the gold coast af... url
4810,train,tram travellers evacuated after powerlines come down in surfers url
4812,train,faan orders evacuation of abandoned aircraft at mma: faan noted that the action had become necessary due to re... url
4813,val,hashtag breaking: authorities have issued new mandatory evacuation notices for 25 homes to the north of the fire in hashtag roosevelt wa
4814,train,faan orders evacuation of abandoned aircraft at mma url via user
4819,train,roosevelt wash. under evacuation order due to wildfire url
4820,train,humboldt cty sheriff's office has issued an evacuation advisory for 10 residence in the lassics area... more info at url
4821,train,faan orders evacuation of abandoned aircraft at mma url
4823,holdout,vietnam war patch us 71st evacuation hospital highland medics url url
4825,train,. user announces refunds after day two's extreme weather evacuation: url url
4826,train,our mission to see the end of this movie last night user user after getting fire alarm evacuation url
4828,train,update: bend fd says roofing co. workers accidentally cut through natural gas line in post office leading to evacuation for about a half-hr
4829,train,evacuation advisory for swayback ridge area..voluntary-inciweb:mad river complex announcement url hashtag wildfires hashtag calfires
4830,train,run out evacuation hospital indexing remedial of angioplasty dissertation at power elite hospitals dismayed:û_ url
4831,train,so the ifak is an 'individual first aid kit' to treat a single trauma victim i think i should create the efak or evacuation first aid kit
4832,holdout,elem pomo helping the displaced from the rocky fire. please consider! elem evacuation center url via user
4833,holdout,bend post office roofers cut gas line prompt evacuation - url
4834,val,faan orders evacuation of abandoned aircraft at mma: faan noted that the action had become neces... url via user
4835,train,user user user i was looking for you guys on the live stream. i'm guessing the evacuation cost you the front?
4836,holdout,faan gives owners of abandoned aircraft evacuation ultimatum url via user . they should probe them too!
4840,val,updated hashtag rockyfire map with mandatory evacuation areas (red) advisory evacuation (yellow) 2 evac centers (green) url
4842,val,update: the gnwt has just issued a voluntary evacuation order for cabin owners at pickerel lake near the reid... url
4843,val,evacuation order lifted for town of roosevelt wash. though residents warned to be ready to leave quickly url
4844,train,user we enjoyed the show today. great fun. the emergency non evacuation was interesting. have a great run.
4845,train,my school just put the evacuation alarms on accidently with 2 different trial exams happening are you kidding me
4846,holdout,walking down the middle of michigan ave last sunday during hashtag lolla evacuation 2015 url
4847,train,ink entertainment addresses veld evacuation and refund status url hashtag trc via user
4848,train,ûïa voluntary evacuation is being recommended at this timeû for pickerel lake cabins across highway from hashtag reidlake fire says maca hashtag nwt hashtag yzf
4849,train,ibrahimmisau : faan orders evacuation of abandoned aircraft at mma url (via twitter url
4850,train,evacuation order lifted for town of roosevelt: url url
4852,train,update: more from bend fd on how a natural gas line cut prompted evacuation of the main post office this afternoon url
4853,train,new evacuation ordered for 25 homes in danger of hwy. 8 fire near roosevelt wash. url hashtag koin6news url
4854,val,reid lake fire prompts campground evacuation order url
4856,train,this is an evil generation rock and roll evacuation! as far as the eye can see! (hey hey hey hey!)
4857,holdout,user user good. play along with her. you may begin your operation with the death star. the evacuation is nearly complete.
4858,val,evacuation drill at work. the fire doors wouldn't open so i got to smash the emergency release glass hashtag feelingmanly
4859,holdout,evacuation order lifted for roosevelt after hashtag wildfire misses town - komo news url
4860,train,gas leak forces evacuation in east saint john url hashtag nb url
4864,train,if ryan doesn't release new music soon i might explode
4866,train,learn how i gained access to the secrets of the top earners & used them to explode my home business here: url please hashtag rt
4867,train,user bore him with minutiae serve bad champagne. he may just explode.
4868,holdout,'i eat because it makes my mouth explode with joy and my soul rise upwards.' ~ url url
4869,train,housing starts explode to newåêheights url url
4870,train,user you are going to make the internet explode with this dr. simon. o_o ... was he alone or was there a red-head nearby? lol
4872,train,user user well we all knew her old user was like a timebomb ... destined to explode :/
4874,train,see these guys reaching the front foot out loading the shoulders and spinning? neither do i! hashtag hitting hashtag load&explode url
4875,train,ks except every character is shizune. the world would explode.
4876,train,whether you like it or not everything comes out of the dark be ready for that shit to explode ??
4877,train,it's cold and my head wants to explode.. the joys of working from home - i'm going back to bed / peace out ????
4878,holdout,if schwarber ran into me going that fast i would explode into pieces
4879,train,is he about to crash? did the queen die? did something explode? who knows. url
4881,train,i swea it feels like im about to explode ??
4882,val,kendall jenner and nick jonas are dating and the world might quite literally explode url
4883,holdout,my brain id about to explode lmao
4884,train,after having two cans explode i wanted to drink the rest but these ... (kaldi coffee stout) url hashtag photo
4887,train,learn how i gained access to the secrets of the top earners & used them to explode my home business here: url please hashtag rt
4888,val,versions of ks where if a character was /every/ character world would explode. rin shizune misha emi kenji yuuko nomiya hisao
4889,train,philadelphia eagles' jordan matthews is going to explode in 2015 url hashtag news hashtag hotnewscake
4890,train,i'm about to explode ????
4891,train,learn how i gained access to the secrets of the top earners & used them to explode my home business here: url please hashtag rt
4892,train,my head gonna explode soon
4893,train,user user user that's one way to make their heads explode...
4894,holdout,block the plate with a charging schwarber coming down the line cervelli. i dare you. you would explode into a little puff of smoke
4895,train,user if you mess up it's gonna explode...
4896,train,my brains going to explode i need to leave this house. ill be out smoking packs if you need me
4897,train,vine of the year oh my god i am about to explode url
4898,val,tagged by user millions a-punk hang em high alpha dog yeah boy and doll face little white lies explode url
4899,train,learn how i gained access to the secrets of the top earners & used them to explode my home business here: url please hashtag rt
4900,train,what if i want to fuck the duck until explode. it could be greasy
4901,train,all these people explode ????
4903,train,learn how i gained access to the secrets of the top earners & used them to explode my home business here: url please hashtag rt
4905,train,user think its a tie with thunderstorms tho they make my soul explode...
4906,train,my head is gonna explode
4908,val,i'm ready to explode! url
4909,train,user if i press on the twitch will my head explode?
4910,train,toronto going crazy for the blue jays. can you imagine if the leafs get good? the city might literally explode.
4911,train,chick masturbates a guy until she gets exploded on her face > url
4912,train,user user even you have to admit seras that sasha was a cute peice of ass. then she exploded all over the sidewalk.
4913,train,kakeru teduka: bfore 70years of today in hiroshima it's exploded the one atomic bomd. it is so sad day. url
4914,train,a tin of tesco dog food 'exploded' and prompted this complaint - via user hashtag pets hashtag dogs hashtag animals hashtag puppy url
4915,train,user its broken its fully exploded.
4917,train,im dead!!! my two loves in 1 photo! my heart exploded into a million pieces!!! ?????????????? user user url
4918,holdout,the dress memes have officially exploded on the internet url
4919,train,final hashtag medinah update: shot a 105. 49 on front (exploded with a) 56 on back. hashtag imkeepingmydayjob (pic is famous hashtag 17) url
4920,holdout,well as i was chaning an ipad screen it fucking exploded and glass went all over the place. looks like my job is going to need a new one.
4922,holdout,the dress memes have officially exploded on the internet url
4923,holdout,my little heart just exploded hashtag otrametlife hashtag mtvhottest one direction url
4924,train,junko was 13 years old when the atomic bomb exploded over hashtag hiroshima on august 6 1945. url url
4926,train,just saw the man whose mind exploded. there should be a drako zarharzar day.
4929,train,i read about that break for hours before twitter noticed it and i though that is nothing to worry about bc twitter wasn't exploded bc of it
4931,train,that exploded & brought about the beginning of universe matches what's mentioned in the versethe heaven and earth (thus the universe)
4934,train,if you told me ten years ago that i'd be seeing anime on the big screen... ...i probably would have exploded
4935,holdout,the dress memes have officially exploded on the internet url
4936,train,reasons user has exploded on user hashtag 38745: url
4938,train,luke + microphone = exploded ovaries
4940,holdout,holy crap user my phone just exploded. haha
4943,train,did this man just squeeze another man's head with his bare hands until it literally exploded ???????
4944,holdout,user now i have to go replace my sarcasm meter which just exploded. -__-
4945,train,kai forbath just demolished a weather station set up on a drill field with a missed field goal. thing just exploded into metal bits.
4946,train,user haha! exactly! cosima is definitely in the hot seat. lol 'it's shay.' is no different from a bomb that got exploded.
4948,val,my head exploded i swear
4951,train,yumiko jumped in surprise as the fire shot upwards into the air and exploded caught off guard~ 'woah...' she had--( user )
4952,train,that exploded & brought about the beginning of universe matches what's mentioned in the versethe heaven and earth (thus the universe)
4953,train,oh yeah my ipod almost exploded last night i was using it while charging and shit was sparking akxbskdn almost died
4954,train,user user 'the exploded - bean the bastard'
4955,holdout,hashtag dating hashtag meet hashtag sex hot teen ass exploded by fat cock url
4957,holdout,hashtag news hashtag science london warship exploded in 1665 because sailors were recycling artillery cartridges... url hashtag life hashtag tech
4958,train,user hahaha great song. 'spent 15 years getting loaded. 15 years till his liver exploded. now what's bob going to do now that he...'
4959,train,worked at a fast food joint. poured burnt hot oil down the sink. it hit the water in the trap and exploded. user hashtag worstsummerjob
4961,val,new explosion-proof tempered glass screen protector film for blackberry z10 - full read byû_ url url
4962,train,ee recalls power bar phone chargers after explosion burns woman ûò the register url
4964,train,another mechanical mod explosion: man injured when a 'pharaoh' mod blows up in his hand - url url
4966,train,report: corey brewer was drug tested after 51-point explosion url
4967,train,young dancer moves about 300 youth in attendance at the gmmbc youth explosion this past saturday. inspiring! url
4968,train,around 10 injured in explosion in chemical park in western germany... url
4969,train,i liked a user video url huge building explosion at 2500fps - the slow mo guys
4970,train,large explosion rocks aluminum plant in southeast missouri re:naomi-no logo url
4971,val,...don't think i've ever been this close to a mental explosion in so long
4972,train,gaelite 0 explosion greg 2 [top 3rd] [0 out] [0 balls] [0 strikes] ... no one on [p: hashtag 16 morgan orchard] [b: ]
4973,val,its a tie dye explosion on ig help me. im drowning in tie dye
4974,train,exploring new worlds: three moments of an explosion by china miì©ville url url
4975,train,more-->osha officers on siteinvestigating noranda explosion -kfvs12 news cape girardeau carbondale poplar bluff url
4978,train,a time-lapse map of every nuclear explosion since 1945 - by isao hashimoto hashtag war hashtag atomicbomb url
4979,val,user lets get a dope picture together and have the dopest explosion ????
4980,train,big data and social information explosion: the union that could evolve your retail strategy...hua
4981,val,aspiring musician & song writer shares her talent at the gmmbc youth explosion on this past saturday. url
4982,val,user i hope he does. and i hope you die in the explosion too
4983,train,a pyrotechnic artwork by cai guo-qiang explodes into a blossom on the steps of the philadelphia... url
4984,train,user mencius tears are worse correct? takes the explosion n more pain day to day right?
4985,train,user that's always good for a pretty explosion.
4986,val,new explosion-proof tempered glass screen protector film for blackberry z10 - full read byû_ url url
4988,train,ee recalls power bar battery packs after explosion in student's bedroom url
4989,train,hashtag cum explosion! user user user user user user user user url
4990,val,saddle with accountable information explosion tips pro preferable financial top brass: tawfmcaw
4992,val,new explosion-proof tempered glass screen protector film for blackberry z10 - full read byû_ url url
4993,val,new explosion-proof tempered glass screen protector film for blackberry z10 - full read byû_ url url
4995,holdout,did you miss the hashtag bitcoin explosion - don't miss out - hashtag hangout tonight at 8:30pm est ===>>> url
4996,train,kindermorgan gas explosion
4997,train,hashtag tampa: super freestyle explosion live in concert at amalie arena - sep 19 ? ticket info: url
4998,train,we found a sunflower explosion on our walk. url url
5000,train,was in a bad ass mood today got on the elevator at school and decided to make explosion noses everytime some one pressed a button ??
5001,train,checkout all the nurgle rules & features that snuck in on khrone's wd! url url
5002,val,new explosion-proof tempered glass screen protector film for blackberry z10 - full read byû_ url url
5004,val,you are invited to the expo explosion summer event 2015! when: august 14th friday 2015 where: ben e keith... url
5005,train,the gusto in persist had amongst empty-pated communication explosion: hpssjd
5007,train,the insides of the explosion box.. get it customized the way you want! hashtag dcubecrafts hashtag greetingcardsû_ url
5008,train,for those that were interested in the gun powder art discussed at the end of 'introduction to theological aesthetic' url
5010,train,the government is concerned about the population explosion and the population is concerned about the government explosion. - joe moore
5013,holdout,remembering pittsburgh eyewitness history of steel city by len barcousky pb penn url url
5015,train,user i am an eyewitness ha
5016,train,eyewitness identification via reddit url url
5017,train,wpri 12 eyewitness news rhode island set to modernize its voting equipment wpri 12 eyewitnessû_ url
5018,train,eyewitness accounts of survivors of hiroshima gleaned from a number of oral history projects url
5019,train,dutch crane collapses demolishes houses: dramatic eyewitness video captures the moment a dutch crane hoisting... url
5022,val,hashtag eyewitness media is actively embraced by hashtag uk audiences. read the report by user on the impact of hashtag ugc in news: url
5024,train,read an eyewitness account from hashtag hiroshima from this day in 1945 url url hashtag life
5025,val,interesting approach but doesn't replace eyewitness video. the ferguson case - video - url url
5027,train,hashtag climatechange eyewitness to extreme weather: 11 social media posts that show just how crazy things a... url hashtag anarchy
5028,train,user hamburg police chief gregory wickett has told 7 eyewitness news he 'can't confirm or deny' an investigation is underway.
5029,train,i liked a user video url mini pony packs a punch. live report from the salem county fair on cbs3 eyewitness
5032,train,lone survivor: the eyewitness account of operation redwing and the lost heroes of seal teamû_ url url
5033,train,the civil rights movement (eyewitness history series) wexler sanford hardcover url url
5034,train,how ûïlittle boyû affected the people in hiroshima ûò eyewitness testimonials url
5035,holdout,read a schoolboy's eyewitness account of hiroshima url
5037,train,read an eyewitness account from hashtag hiroshima from this day in 1945 url hashtag life
5038,train,wftv eyewitness news: tn school psychologist arrested in florida on child porn charges url
5039,train,wake up kern county eyewitness news mornings airing right now on kbak cbs29. url hashtag liveonkbak url
5040,val,on anniversary of hiroshima bombing illustrated timeline of bombings. eyewitness account particularly horrifying url
5041,holdout,aug. 06 2015 radio show articles ûò 1] eyewitness account of abortion organ harvesting by planned parenthood: url
5043,train,dk eyewitness travel guide: denmark: travel guide ebay auctions you should keep an eye on: url
5044,train,dk eyewitness travel guide: denmark: travel guide ebay auctions you should keep an eye on: url
5046,val,rt patrickjbutler: excellent damiengayle eyewitness account of kids company closure: 'you drop the bomb and expectû_ url
5047,val,monkeys abused by notorious laboratory dealer | a peta eyewitness invest... url via user
5049,train,a true hashtag tbt eyewitness news wbre wyou url
5050,train,dk eyewitness travel guide : chicago by dorling kindersley publishing staffû_: travel books ebay auctions you s... url
5052,train,it's lights out again with stage-two load shedding: stage-two load shedding will be in force between 5pm and 10pm. url
5055,train,dk eyewitness travel guide: denmark: travel guide ebay auctions you should keep an eye on: url
5056,train,wftv eyewitness news: fbi: man who stole us secrets 'married' honduran minors for sex url
5059,val,freed hashtag bokoharam captives speak up: ûïi will make sure she goes to school.' user url url
5060,holdout,'i tried to save mido macia': one of the murder accused has testified he tried to save mido macia's life. url
5061,train,russian 'food crematoria' provoke outrage amid crisis famine memories: moscow (reuters) - russian government ... url
5062,train,user guys these bitches ain't famine then ??
5063,train,'food crematoria' provoke outrage amid crisis famine memories... url
5064,train,hashtag russia 'food crematoria' provoke outrage in country w/soaring poverty +soviet famine memory url url
5065,train,hunger hits me and i can't function probably wouldn't last long in famine zones***thank god***
5067,train,according to a 2011 gallup poll the more money you have the more likely you are to suffer from time famine.? ariû_ url
5068,train,ppl like unu feast today and famine tomorrow
5069,train,top 3: * turn on the darkness * king redeem - queen serene * famine wolf
5071,train,russian 'food crematoria' provoke outrage amid crisis famine memories url
5072,train,user re: your example low food prices cause farmers to go broke= famine next year. means simple capitalism failed to feed people>
5073,val,a memorial to the millions who perished in the holodomor has been erected in the u.s. capital. url url
5074,train,exporting food wont solve the problem. africans will end famine n poverty by solving out of control tribal wars. url
5075,train,'food crematoria' provoke outrage amid crisis famine memories... url
5076,val,new article: russian 'food crematoria' provoke outrage amid crisis famine memories read more at here url
5078,train,building muscle with feast and famine feeding most diet plans are based around losing weight but what should youû_ url
5079,train,the famine is coming to an end hashtag bluebell url
5080,val,'she tasted like a feast after a famine. and he was starving.' trusting jack user url hashtag iartg hashtag rwa hashtag tw4rw hashtag rrbc
5082,train,russian 'food crematoria' provoke outrage amid crisis famine memories url
5083,train,russia destroys food while people go hungry. we're not the only ones with an insane government. url
5085,train,user ethiopian regimes continue receiving foreign aid when famine struck for 2 years eastern ethiopia url
5087,holdout,reuters: russian 'food crematoria' provoke outrage amid crisis famine memories url url
5088,holdout,a grade in black horse famine[mega]. score 0840728 url hashtag dynamix url
5089,train,russian û÷food crematoria' provoke outrage amid crisis famineåêmemories url
5092,val,bolshevik government monopolized food supply to seize power over hunhry population. artificial famine was the result url
5094,train,russian 'food crematoria' provoke outrage amid crisis famine memories url via user
5095,train,i've experienced the smell of rotting potatoes for the first time. the famine must have been awful if the whole country smelled like that.
5096,train,url russian 'food crematoria' provoke outrage amid crisis famine memories url
5097,train,when things become terrible more than the great ethiopian famine...
5098,train,user reminds me when the peasants destroyed their food when stalin's army came to 'redistribute the wealth'. it caused famine/death
5099,train,update 1-russian 'food crematoria' provoke outrage amid crisis famine memories: * russian society still recal... url
5101,holdout,the adventures of mineness hashtag 9 the famine is over url
5102,val,'food crematoria' in russia provoke outrage amid crisis famine memories url
5103,train,robert conquest famine museum kiev user user url
5104,train,hashtag russian food crematoria provokes outrage amid crisis famine memories url
5105,train,user the end of times are upon us. famine war death plague. the presence is growing stronger.
5106,train,maratha raiders scorched their lands & punjab refused them food aid during the 1943 famine wonder if bengalis harbor some 'hard feelings'
5107,train,images of famine ûò hope in christ - a blog on what happens when we forget god url hashtag hopeinchrist user
5109,train,user i squeezed a tear. famine plague tsunami no chance. lego - blubber!
5110,train,russian 'food crematoria' provoke outrage amid crisis famine memories - yahoo news url
5113,train,11-year-old boy charged with manslaughter of toddler: report: an 11-year-old boy has been charged with manslaughter over the fatal sh...
5114,train,roger goodell's fatal mistake: tom brady an innocent man url
5115,train,boy 11 charged with manslaughter in shooting death of elijah walker: the 11-year-old appeared wednesday in a... url
5116,holdout,fatal attraction is common n what we have common is 'pain'......
5117,train,apd investigating fatal shooting of 3 year old child in southeast anchorage url
5119,train,investigators shift focus to cause of fatal waimate fire url
5120,train,user ?????????? i'm sorry. but i'm out
5122,holdout,police: man in his early 30s dies after shooting on vermont st.: url url
5124,train,man accused in fatal hit-and-run to get new judge url via user
5125,val,winnipeg police seek witnesses in arlington and william fatal crash url
5126,train,user nearly-fatal pee in san francisco url
5127,train,11-year-old boy charged with manslaughter of toddler: report: an 11-year-old boy has been charged with manslaughter over the fatal sh...
5128,train,petition to remaster fatal frame 1 with a windwaker-style selfie mode
5130,train,11-year-old boy charged with manslaughter of toddler: report: an 11-year-old boy has been charged with manslaughter over the fatal sh...
5131,holdout,man charged over fatal crash near dubbo refused bail url via user
5132,train,california man facing manslaughter charge in sunday's wrong-way fatal crash in ... - url ca... url
5134,train,the five fatal flaws in the iran deal url via user
5135,holdout,stockton police are investigating a fatal drive-by shooting in north stockton url
5136,train,deputies: dog dispute leads to fatal shooting in person county url hashtag gunfail hashtag nra
5137,train,11-year-old boy charged with manslaughter of toddler: report: an 11-year-old boy has been charged with manslaughter over the fatal sh...
5138,train,ca cops: illegal immigrant with 4 prior arrests charged in fatal sex attack url
5139,holdout,user user i am okay thank you yes your kindness is fatal though it's like patrick stump level kindness.
5140,train,11-year-old boy charged with manslaughter of toddler: report: an 11-year-old boy has been charged with manslaughter over the fatal sh...
5141,train,success is not permanent & failure is not fatal.
5142,train,investigators shift focus to cause of fatal waimate fire url
5144,train,11-year-old boy charged with manslaughter of toddler: report: an 11-year-old boy has been charged with manslaughter over the fatal sh...
5145,train,11-year-old boy charged with manslaughter of toddler: report: an 11-year-old boy has been charged with manslaughter over the fatal sh...
5146,train,tell me why or why not to adopt in this way maybe i overlooked something fatal for me ?whyor why not?
5148,val,boy 11 charged with manslaughter in shooting death of elijah walker url
5149,holdout,robert ballew's log statements are always at the fatal level.
5150,holdout,fatal attraction
5152,train,hashtag news hashtag crimes police id victim in fatal crash that closed i-65 near franklin: one person is d... url hashtag justice hashtag courts
5153,train,11-year-old boy charged with manslaughter of toddler: report: an 11-year-old boy has been charged with manslaughter over the fatal sh...
5154,train,investigators shift focus to cause of fatal waimate fire url
5155,train,boy 11 charged in fatal shooting of 3-year-old url
5157,train,11-year-old boy charged with manslaughter of toddler: report: an 11-year-old boy has been charged with manslaughter over the fatal sh...
5159,train,11-year-old boy charged with manslaughter of toddler: report: an 11-year-old boy has been charged with manslaughter over the fatal sh...
5160,train,investigators shift focus to cause of fatal waimate fire url
5162,holdout,exclusive: in 179 fatalities involving on-duty nypd cops in 15 years only 3åêû_ url
5164,train,hashtag nyc hashtag news legionnaires death toll rises to 8 in new york city: all eight fatalities were of older adults with... url
5165,train,let's fraction the vital need for our fatalities. how would you break it down in hashtag education hashtag econom url
5166,train,las vegas in top 5 cities for red-light running fatalities - news3lv url
5168,train,we are totally unprepared for an emp attack. both china russia and probably isis possess them. 90% fatalities. why are we pushing them?
5169,train,city implores motorists not to speed after more reports of animal fatalities near nature reserves -> url
5170,train,user user who said veg and fruit was good for you. hope there's been no injuries or fatalities.
5171,train,understand that there are no fatalities as no one was trapped inside the wholesale market. 8 fire engines and 40 fire fighters on scene.
5172,train,as of the 6-month mark there were a total of 662 fatalities - 114 more than the first half of last year || url
5174,train,hashtag hse releases annual workplace facilities data. have a look | url url
5175,train,hashtag seattle's deadliest red light runner intersections revealed url
5176,train,5 rejected mortal kombat fatalities: mortal kombat has stretched the boundaries of itsû_ url url
5177,train,user minor train leaves rails. major = 1/13/82 smithsonian interlocking derails & crashes into barrier wall w/ fatalities.
5178,train,injuries illnesses and fatalities latest numbers : url
5179,train,url osage beach releases name
5180,train,i wonder how cool/weird it'll look to have all the characters in mkx do fatalities on skinless predator ;)
5181,train,hashtag saudi arabia: hashtag abha: fatalities reported following suicide bombing at mosque; avoid area url
5182,train,'use our roads wisely and prevent the carnage from continuing...let us have no fatalities over this holiday period..' hashtag ggindependencmessage
5183,train,mortal kombat fatalities are so gross but interesting
5184,val,the x-rays in mkx be looking like fatalities.
5185,holdout,user rt user : when you don't know how to do fatalities in mortal kombat url
5186,holdout,-??- ; kitana ? her fatalities slay me ûókody? (vine by user ) url
5187,train,osp concerned about mounting fatalities url url
5188,train,mortal kombat x: all fatalities on meat predator. url
5189,train,estimated damage and fatalities of an hiroshima-sized atomic bomb dropped on your hometown - url hashtag hiroshima70
5190,train,the rcmp are reporting fatalities and serious injuries as a result of the collision on the tch near whitbourne.
5191,train,govt allocating 1.3 bn for flood action: issue takes centre stage after fatalities in veneto url
5192,train,there have been zero spider bite-related fatalities in australia since 1979.
5193,train,i liked a user video url tremor is no joke!! [tremor dlc] [fatalities/x-ray]
5194,train,'motordom' lobbied to change our language around traffic fatalities. we need to go back to the future hashtag visionzero url
5195,train,sharing to help our cousin's family url
5196,train,'among other main factors behind pedestrian fatalities are people failing to yield to a car' url
5197,train,mortal kombat x is an excellent fatalities and the most fun i've ever had with a mortal kombat sega's version url
5198,train,uber reduces drunk driving fatalities says independent study url
5199,train,i liked a user video from user url mortal kombat x - pc gameplay - fatalities/x-rays (mkx)
5200,holdout,las vegas in top 5 cities for red-light running fatalities url
5201,train,rcmp confirm fatalities in two-vehicle crash: tch remains closed at whitbourne due to accident url
5202,train,...american casualties including 400000ûò800000 fatalities and five to ten million japanese fatalities.' url
5203,train,no uk train accident fatalities for 8th year running despite 4% increase in passenger journeys url user
5204,train,i fail to see how that would not bring the number of road fatalities down immensely
5206,train,policylab is at user 's last public hearing in nyc today and tomorrow to address child abuse and neglect fatalities url
5207,train,. user yep considering that *millions* of japanese fatalities were projected for downfall. user user
5208,holdout,hashtag shipping hashtag logistics enca | fatalities as migrant boat capsizes in med with hundreds onboard: û_ capsized as i... url
5209,train,message boards will display updated traffic fatalities (up from 582) and new message beginning today: traffic deaths 616 - slow for workers.
5210,train,driver fatalities down on irish roads but pedestrians and cyclists at more risk url
5211,train,user jay....big l....pun....biggie...wrap over...zero question....fatality...flawless victory url
5212,train,user user we are cuddling right now so.. ??
5213,train,user yo dm me
5218,train,so these savages leaked thomas brady gangstermail account and wonder why he was quick to fatality his samsung mobile? b real son.
5219,train,i liked a user video from user url s user 109 - sn | vabengal (zss) vs. sws | fatality (captain falcon)
5220,holdout,hibernating pbx irrespective of pitch fatality careerism pan: crbzfz
5221,train,fatality!
5222,holdout,dying of lyme disease: case fatality rate nearly 100% url
5223,val,user when u do a fatality and like the corpse is still jittering
5224,holdout,fatality
5226,train,wow fatality on 101 big rig hit motorcyclist blood everywhere ?? wow. i'm sick.
5227,train,user user nah you hit homie wit the fatality and then son'd him wit the babality. cold. cold as fuck lmfaoooo.
5228,holdout,kosciusko police investigating pedestrian fatality hit by a train thursday url
5229,train,fatality url
5230,train,user yes life has a 100% fatality rate.
5231,val,how many baskets did a charming fatality by user get? url hashtag mystery hashtag paranormal
5232,val,they are making a bad boys 3 and 4!! a must see
5233,train,user need a team? we need one.
5234,train,afghan soldier kills us general america's highest-ranking fatality since vietnam url
5235,train,that usually never happens
5236,val,user fatality!!!!!!!!!!
5238,val,08/3/15: cat fatality: utica ny; pleasant & holland ave:black cat with white paws. average size. on grass next to north side of road.
5242,train,user user fatality!
5243,holdout,[jax(mk2)] stage fatality:uud+lk (close)
5244,val,'seeing that there's a video of every fatality on mileena makes me sad.'
5245,val,user fatality ...
5247,holdout,kosciusko police investigating pedestrian fatality hit by a train thursday url
5248,train,fatality url
5249,train,fatality scary af. probably not the best falcon but still scary.
5251,train,i liked a user video from user url s user 109 - sn | vabengal (zss) vs. sws | fatality (captain falcon)
5252,train,truck crash on 40w at us70 in lebanon is a fatality. very sad. expect long delays through the morning.
5254,train,user user yes apparently. report of cow fatality as well sadly.
5255,train,i liked a user video from user url mk x tremors stalag might fatality on ermac tournament pharaoh
5256,val,i added a video to a user playlist url s user 109 - sws | fatality (captain falcon) vs. snow (fox) ssb4 losers
5257,train,death of loretta fuddy responsible for authenticating obama birth certificate the sole fatality of nine on plane url
5259,train,fatality ????
5260,train,everyday is a near death fatality for me on the road. thank god is on my side.??
5262,train,fear factory in december. done deal.
5263,holdout,i made a friend more interesting than all of y'all combined url
5264,train,the meaning i picked the one that changed my life: overcome fear behold wonder. tcc catch the light... endless... url
5265,train,user sometimes your cheekiness bleeds through my computer screen and i recoil in fear
5266,val,cause i know every man has a fear of a strong-minded woman but i say she's a keeper if she got it on her own and keeps it runnin
5267,train,my biggest fear is disappointing the people who believe in me
5269,train,i didn`t want to hurt you but the fear drove me to do it ............... midnight
5270,train,men fear the feeling of being 'controlled' by a woman. or passive aggressively being coerced into commitment before they're ready...
5271,train,the things we fear most in organizations--fluctuations disturbances imbalances--are the primary sources of creativity. - margaret wheatley
5272,val,fear factory - cars (official musicvideo) url
5273,val,user it's all about understanding umntu wakho. if you do and trust your partner then y ok u will know and won't fear to do anything.
5274,val,photo: referencereference: xekstrin: i thought the nostrils were eyes and i almost cried from fear partake... url
5276,train,user the fear of not looking like you know what you are doingû_ahhhû_that was a big one for me. hashtag perrychat
5278,train,the opposite of love is fear here's why url
5280,val,fear - youtube url
5281,train,help me win $$$$ by having the most shares on my article! a lifetime of fear url thanks! hashtag blackinamerica hashtag growingupblack
5282,val,user we must refuse to become a nation with everyone living in fear of being shot unawares by intoxicated &/or crazy people.
5283,train,horror films are made by incredibly creative artists. we interviewed 21 of them in depth for the anatomy of fear. url
5284,train,i want to be with you forever stay by my side on this special night fear and loathing in las vegas/solitude x'mas
5285,train,my worst fear. url
5286,train,user user user im shaking in fear he's gonna hack the planet
5287,train,when the world say finish god says: don't fear - url hashtag choosegod hashtag restoringpaths
5290,train,'by replacing fear of the unknown with curiosity we open ourselves up toû_ url
5291,train,love god more than you fear hell
5292,train,don't tell the bride gives me the fear
5293,train,user user user user i'm forfeiting this years fantasy football pool out of fear i may win n get my ass kicked
5295,train,'...as of right now i'm reopening the x-files. that's what they fear the most.' hashtag thexfiles201days
5296,train,live a balanced life! balance your fear of hashtag allah with hope in his mercy and love for him.
5297,train,my biggest fear is that eventually you will see me the way i see myself.
5298,train,couples having less sex... for fear it'll be a let down: internet movies and books saying how sex 'ought to be' pû_ url
5299,val,nothing to fear. it's all about taking risks.
5300,holdout,untangle yourself from requiring your partner to fill your needs and how to love without fear hashtag besttalkradio listen url
5301,train,the walking dead spin off fear the walking dead is on the 23rd ??????
5302,val,user i fear not for a while
5304,train,the fear of the lord is the start of knowledge: but the foolish have no use for wisdom and teaching (amsal 1:7)
5305,train,the number of people denying climate change on the polar bear article makes me fear for the future of the us but also humanity in general.
5306,val,user gd ideas. i'm 77 wrked hard now have almost nothing fear lives with poor fran reed 8437150124
5308,train,never let fear get in the way of achieving your dreams! hashtag deltachildren hashtag instaquote hashtag quoteoftheday hashtag disney hashtag waltdisney url
5309,train,fear is my motivator
5310,train,daily reflections august 6 driven driven by a hundred forms of fear self-delusion self-seeking and self-pity... url
5313,val,morganite gemstone white fire opal 925 sterling silver ring size 6 r1354 url url
5315,val,marquei como visto game of thrones - 3x5 - kissed by fire url hashtag bancodeseries
5316,train,save the date! saturday august 15 2015 is the salisbury fire department open house at 325 cypress st 10am to... url
5317,val,why put out a fire when it's still burning.
5319,train,user cause were on fire we are on fire were on fire now.. yeah were on fire we are on fire were on fire nowwwwww
5320,train,my avi and header combo is fire
5321,val,url hashtag auction hashtag shoes retro 5 fire red url
5322,train,my asshole is on fire url
5323,train,i'm crying that song just ended setting myself on fire url
5324,train,setting things on fire is always an option
5325,train,sitting around a fire sounds great right about now
5326,holdout,i see fire
5328,train,but put 'flood of fire' at the top of the list. url
5330,holdout,i'm on fire. url
5331,train,politifiact: harry reid's '30 percent of women served' planned parenthood claim is a 'pants on fire' lie url | hashtag tcot
5332,train,dear user i brought it ;) hashtag canonbringit hashtag fire hashtag canontattoo hashtag mn hashtag theresmorewherethatcamefrom url
5335,train,user user yeah just who we need another middle class hating republican out to get hard working cops fire fighters teachers
5336,val,this fire is way too close wtf is going on ???? url
5337,train,fire meet gasoline always gotta get played twice lol
5338,train,wcw user tha bitch is fire
5339,holdout,well it feels like im on fire.
5341,train,her eyes and words are so icy but she burns like rum on the fire
5342,train,hashtag news politifiact: harry reid's '30 percent of women served' planned parenthood claim is a 'pants on fire' lie... url
5343,holdout,nothing like a good fire url
5344,val,user tenshi activated yuki's fire card!
5345,train,california been shaking...catching on fire....and overcharging ppl on rent for the past 150+ years it ain't going nowhere.
5346,train,there's a fire in the catalinas. looks kinda cool. this picture doesn't do it justice. url
5347,val,user don't overwork yourself. your album is gonna be fire just don't overwork or stress! i love you take care
5349,train,user i promise not to tax pancakes or rainbows or not dying in a fire.
5350,train,this nigga cyhi diss was what meek was suppose to do. this shit actually fire
5351,val,i wanna set some shit on fire.
5352,val,in the words of charlie daniels 'fire on the mountain run boys run.'û_ url
5353,holdout,i just checked in! ûò at on fire on user hashtag lovefood url
5354,holdout,when your heart is bigger than the obstacles in front of you hashtag euro hashtag dontexpectnothing hashtag july hashtag fire user
5355,holdout,fire waves and darkness
5356,train,it may seem like our fire has been a little burnt out....
5357,train,smelling a bon fire while driving makes me wanna be sitting near one making s'mores ????
5359,train,will be dropping fire selfie tomorrow saying 'you're welcome' ahead of time.
5362,train,fire call: brant av / drummond rd for fire - *structure - single. units: car 6 on call truck url
5365,train,your psa for the day: if a fire truck is behind you with lights going move over!!! so they can get to their call.
5366,train,hashtag rfp: fire truck service body for f-450 (fire fighting rescue & safety equipment transporta... url
5367,val,hashtag reno truck trailer catches fire in reno url
5368,train,wild night in the village of pugwash every fire truck is out that the town has which is like a fire truck for every house -population:6
5371,train,'an 18-wheeler came along and struck the fire truck spinning it around 180 degrees and causing it to roll over' url
5372,train,sigalert update hashtag 3***n-133 closed at 5 fwy ufn***- trash truck fire
5373,train,user didn't look like a murder scene just 1 cops a fire truck and 2 fire assistance cars along with a helicopter
5375,train,former township fire truck being used in philippines - langley times url hashtag philippines
5377,holdout,former township fire truck being used in philippines: township of langley assistant fire chief pat walker spen... url
5378,train,our garbage truck really caught on fire lmfao.
5379,train,user on northgate by the taco truck that's fire.
5380,train,it's never a good sign when you pull up to work & there's five ambulances & a fire truck in the bay. wompppp at least it's friday
5381,train,fire truck and ambulance in k3 phase 3. hope everyone's okay. hashtag prayforsaipan
5382,train,hashtag sigalert: north & southbound 133 closed btwn 5 fwy and irvine blvd due to truck fire. chp is detouring traffic.
5383,train,user true because of the truck that caught fire?
5384,train,user ohgod xd i didn't mean it so =p but you have that fire truck in the back of you to make up for it so you good xd
5385,train,came across this fire video not mine..enjoy..babes way of saying hi to me while he's in the fire truck?? hashtag fireman #û_ url
5386,train,133 n past the 5 l lane is reopened. all other lanes are closed. all lanes are open on the 133 s. trash truck fire cleanup. user
5387,train,hashtag sigalert: north & southbound 133 closed btwn 5 fwy and irvine blvd due to truck fire. chp is detouring traffic.
5389,train,found this cool photo not mine 1952 dodge wayne bodied 4 window bus. ex libby mt fire department truck. all oriû_ url
5391,train,trident 90225 chevy fire truck w/ pumper ims fire dept. red ho 1:87 plastic url url
5392,val,toddler bedding firetruck bundle fire truck firefighter sticker decals sign wall url
5396,train,when a monster truck racer catches on fire at the fair
5397,train,truck fire clogs canyon road url
5400,val,rgj: truck trailer catches fire in reno url
5403,train,hashtag philippines former township fire truck being used in philippines: û_ of emergency equipment in cebu philippi... url
5404,val,theres a fire truck in this parking lot
5406,train,evening sun article on nno: url
5407,train,'choose to be happy. fire truck the rest.' url ????? review of kick push by user
5408,train,former township fire truck being used in philippines - langley times url hashtag filipino
5409,train,jacksonville fire & rescue engine 58 - awesome truck! - official jade fl... url via user
5410,train,hashtag njturnpike å_ hashtag njturnpike reopens hours after truck fire in? url url
5411,train,hashtag lukebox something about first responders/ military they are our true hero's!! besides your music
5412,train,i'm grateful for our first responders - user user and others - who acted so swiftly to save countless lives today.
5413,holdout,user . praying for god's healing and safety of first responders
5416,train,join hashtag charity 10k hashtag run event! user 11am start sun 20 sept 2015 castle donington community first responders url
5417,train,loved the way this book was written to include so many vantage points of first responders user hashtag kindle url
5418,train,first responders would never be sent to the wrong address again w/ hashtag smarttek's gps-based panic button hashtag mpers hashtag safety url
5420,train,û÷we can help' says denver firefighter working to curb first responder suicide url
5423,train,what's cool is that teens are becoming what i like to call 'digital first responders' for their friends who need a little help or support !!
5425,holdout,carmike cinemas on antioch shooting: 'we are grateful' for staff and first responders safety is 'highest priority' url
5426,train,rt roadid: thanks to alex for his story & to all first responders for being there when we need you. û_ url
5428,train,i just added 'sandy first responders lost their homes' to vip home page group on user : url
5430,train,thankful for our first responders especially user for life saving response today in antioch!
5432,train,juneau empire - first responders turn out for national night out url
5437,train,user i don't throw the word hero around lightly... usually reserved for first responders and military... but he's a hero...
5439,train,us wants future first responders to be more high-tech - url
5442,train,there's still room for you at our party for first responders from around the country! 3rd annual best ever. url
5443,holdout,incase of accident the first responders would know that there is a baby present url
5444,train,kirsten gillibrand url extend health care to 911 first responders !
5445,train,'we can help' says denver firefighter working to curb first responder suicide url
5446,train,first responders convene for national summit and awards on gis technology url hashtag gisuserpr hashtag geotech
5448,train,york co. first responders compete to save lives in û÷badges for blood' hashtag paramedic hashtag ems url
5449,holdout,some good info to help first responders cope- individual resilience: factsheet for responders- url
5450,train,user no lives lost except those of first responders or the public they're charged with protecting?
5452,train,first responders get int user free on saturday! details @ url
5454,holdout,at the hashtag 999day emergency services display! meeting the brave police firefighters and first responders that help keep us safe! ????????
5455,train,this week first responders and dart members are participating in a four day intensive technical large animal... url
5458,train,as firefighters make gains on hashtag rockyfire jerry brown is heading to the area to meet with first responders tomorrow morning
5459,train,after shooting event at the theater user is giving free coffee to all first responders police & firefighters. antiochhickoryhollowhashtag tn
5460,holdout,'no lender fees for veterans or first responders (past and present)' on user url
5461,val,new giant flames (giant full black pantofel) info/order sms:087809233445 pin:23928835 url pic.twitter.com/pnpizody
5462,train,*new* snap on tools black baseball hat/cap silver/gray embroidered s logo flames - full reû_ url url
5465,train,*new* snap on tools black baseball hat/cap silver/gray embroidered s logo flames - full reû_ url url
5466,train,vampiro going through the table of flames hashtag ultimalucha hashtag luchaunderground user url
5467,train,cabin fever 2 flames url
5468,holdout,'if you can't summon the flames directly from hell store bought is fine'-me mom-*dies*
5469,train,just added some more fire to the flames for saturday! rick wonder will be spinning a guest set along with chachi... url
5471,val,user user yoga flames!
5473,train,hashtag sbnation hashtag flames what makes a good penalty killer? url url
5475,train,i guess you can say ig's hopes went up in flames
5476,val,i'll cry until my pity party's in flames ????
5477,train,that new lil b x chance is nothing but flames
5479,val,user i wish i was good enough to add flames to my nails im on fire
5480,train,my gang walking round with them brown flames. & thats 100nd
5481,train,*new* snap on tools black baseball hat/cap silver/gray embroidered s logo flames - full reû_ url url
5482,train,user dude was just smoking and the fucking thing went up in flames i though a bomb went off omg scared
5484,train,maryland mansion fire that killed 6 caused by damaged plug under christmas tree report says - into the flames... url
5485,train,new giant flames (giant manly brown) info/order sms:087809233445 pin:2327564d url url
5486,val,ûïyou see the devastation & it's shocking.ûï firefighters continue to battle flames in california. benstracy reports û_
5487,train,watching it go up in flames
5488,train,rp said they can see smoke coming from the silo on 260th street in hartford but no flames.
5489,train,i chose you so if we can search for the joy of just the two of us we'll be near smiles no matter what cold flames burn our bod hashtag portgassdk
5491,val,maryland mansion fire that killed 6 caused by damaged plug under christmas tree report says - into the flames: firefighter's bravery...
5492,holdout,user everyone is setting flames upon me
5493,train,user that's the optimistic side of me. no doubt it's tough. but it can be done. i feel like the games will pivot on defense.
5494,train,maryland mansion fire that killed 6 caused by damaged plug under christmas tree report says - into the flames... url
5495,train,so pardon me while i burst into flames. i've had enough of the world and its people's mindless games
5496,train,user want to burst into flames! *anna hugged him tightly*
5497,train,user user user user selmo u not catching flames from me im just gonna be witnessing the slaughter
5498,train,'bloody 'ell! let it burn!' hashtag rubybot
5499,train,if you have an opinion and you don't put it on thh internet you will furst into flames.
5501,train,i have a rising follower graph! 2 more followers in the past week. get your stats right here url
5502,holdout,user user --just between gray and ophelia red flames blazing around her person setting nearly everything in the area--
5503,train,soloquiero maryland mansion fire that killed 6 caused by damaged plug under christmas tree report says - into the flames: firefighte...
5505,train,maryland mansion fire that killed 6 caused by damaged plug under christmas tree report says - into the flames... url
5506,val,user you better make all your shots tomorrow cause i'm recording and flames will be thrown tomorrow
5507,train,i added a video to a user playlist url nicki minaj - up in flames (official video)
5509,train,he better than sean bro. i can admit that sean is flames now. but he better than sean url
5510,train,the advantages apropos of in flames favorable regard mississauga ontario: pwhvgwax
5514,holdout,flattened all cartoony-like. 'whoa there papa!' url
5515,train,the road to success is paved with pennies that i flattened on the train tracks you're welcome.
5517,train,feel like i've been flattened by a sumo wrestler ???? no pain no gain hashtag muaytai hashtag wantmyabsback hashtag strong ????
5518,train,ideas in food: flattened url
5519,train,zouma has just flattened him there ?? hashtag cfc
5520,train,zouma has just absolutely flattened that guy ??
5521,val,flattened url
5522,holdout,70 years ago the first atomic attack flattened hashtag hiroshima 3 days later it was hashtag nagasaki both war crimes to put moscow in its place
5524,val,today (august 6th) is the 70th anniversary of a-bomb 'little boy' been dropped on hiroshima.70000 killed outright as the city was flattened
5525,holdout,would have just flattened the little midget ?? url
5526,train,who said this? yosemite sam or drumpf? ûïnobody û÷ill vote for a flattened out rabbit skin a-huh huh û_ i always sayû
5528,val,user user when he flattened machida...did he lose that fight..nope he lost fights to guys he shouldn't of lost to also
5529,train,hashtag floored4 hashtag flattened early birds does get de cups .... so lag bout pun de dock and watch ppl drinkû_ url
5531,train,conklin being flattened. shuffled feet instead of kick slide. didn't get hands up into chest. url
5532,train,flattened thee striker
5534,train,picking up flattened hay men (@ masonite in wahpeton nd) url
5535,train,zouma just flattened that guy??
5538,val,fylde building set to be flattened: one of preston's city centre iconic buildings is disappearing from the skyline. url
5539,holdout,user hide your kids hide your wife. he's on the loose. i thought i flattened you with a ball ????
5540,holdout,would've been great if mbiwa just flattened that little rat.
5541,train,user puck=flattened ball lol
5544,train,i don't doubt it. but it was his implicit statement in doing it that makes me want him flattened by a bus. url
5545,train,user user user and flattened raynor. raynor was a balding imperfect biker marine not a emo generic western hero.
5547,train,user user user user i think the risk of losing and getting her nose flattened has a lot to do with it
5548,train,mum's literally just picked up her new car today and flattened the battery already trying to sort out the bluetooth ???? hashtag muppet
5552,train,user user notley flattened harper in his heartland harper imported tens of thousands of tfw slaves cost albertans jobs
5553,val,user flattened frog?
5554,holdout,imagine getting flattened by kurt zouma
5555,holdout,'the fallacy is it is up to the steam roller. it's up to the object whether it will be flattened or not.' hashtag robertcalifornia hashtag thereisonlysex
5556,train,photo: beach earrings beach jewelry vacation earrings keep calm and beach on earrings made with flattened... url
5557,train,100 1' mix new flat double sided linerless bottle caps you choose mix flattened - full reû_ url url
5558,holdout,user flat footballs!!?? more like he flattened the spartans from crushing them back in the day!!!! hashtag hail
5559,train,user ever seen by far. a dreamy look came over his face and his ears flattened as he started to walk slowly toward her.* you'd-
5560,train,100 1' mix new flat double sided linerless bottle caps you choose mix flattened - full reû_ url url
5561,holdout,when fizzy is sitting in the regular flood seats ...... and no one knows who she is.....
5563,train,jkl cancels flash flood warning for bell harlan knox [ky] url hashtag wx
5564,train,spot flood combo 53inch 300w curved cree led work light bar 4x4 offroad fog lamp - full reû_ url url
5565,train,spot flood combo 53inch 300w curved cree led work light bar 4x4 offroad fog lamp - full reû_ url url
5567,train,a [small] flood with bigåêconsequences url url
5569,train,homecoming queen killed on way home from the prom by flood waters! hashtag socialnews url
5570,train,2pcs 18w cree led work light offroad lamp car truck boat mining 4wd flood beam - full reaû_ url url
5573,train,it's been raining since you left me now i'm drowning in the flood you see i've always been a fighter but without you i give up
5575,train,user user user user user yet still why did so many fish die in the worldwide flood? i wonder.
5576,train,and please don't flood poor user 's mentions. he's put in his work!
5577,train,spot flood combo 53inch 300w curved cree led work light bar 4x4 offroad fog lamp - full reû_ url url
5578,train,user but he didnt
5579,train,12' 72w cree led work light bar alloy spot flood combo diving offroad 4wd boat - full readû_ url url
5580,train,2pcs 18w cree led work light offroad lamp car truck boat mining 4wd flood beam - full reaû_ url url
5581,train,user cue the flood of people 'ironically' calling you that
5582,train,motors hot deals hashtag 452 >> url 10x 27w 12v 24v led work light flood lamp tractor truck suv utv aû_ url
5584,train,85v-265v 10w led warm white light motion sensor outdoor flood light pir lamp auc url url
5586,train,iembot_hfo : at 10:00 am 2 nnw hana [maui co hi] county official reports coastal flood #û_ url url
5587,train,1 pair new 27w 4'' round led work driving flood light off-road atv utv - full read by ebay url url
5588,train,2pcs 18w cree led work light offroad lamp car truck boat mining 4wd flood beam - full reaû_ url url
5589,train,internet basics: the flood defective intertissue is soul mate the milk trench host: guabxfv url
5590,train,bmx issues areal flood advisory for shelby [al] till aug 5 9:00 pm cdt url
5592,train,2pcs 18w cree led work light offroad lamp car truck boat mining 4wd flood beam - full reaû_ url url
5593,train,flood advisory in effect for shelby county in al until 9 pm hashtag alwx url
5594,train,rt grant_factory: hashtag grants hashtag funds weymouth meeting on seawalls and flood grants set for thursday night û_ url
5595,train,spot flood combo 53inch 300w curved cree led work light bar 4x4 offroad fog lamp - full reû_ url url
5598,train,spot flood combo 53inch 300w curved cree led work light bar 4x4 offroad fog lamp - full reû_ url url
5599,train,spot flood combo 53inch 300w curved cree led work light bar 4x4 offroad fog lamp - full reû_ url url
5600,train,flood advisory issued august 05 at 4:28pm edt by nws url hashtag wxky
5602,train,survived the plague floated the flood just peeked our heads above the mud no one's immune deafening bells my god will we survive ourselves?
5603,train,spot flood combo 53inch 300w curved cree led work light bar 4x4 offroad fog lamp - full reû_ url url
5604,train,flood prone waterways in westchester county now eligible for millions in state aid hashtag newyork - url
5605,train,chinese rescue team arrives in myanmar to help flood victims url sittway url
5608,train,flood advisory issued august 05 at 7:10pm cdt until august 05 at 8:00pm cdt by nws: ...the urban and ... url hashtag weather
5609,train,12' 72w cree led work light bar alloy spot flood combo diving offroad 4wd boat - full readû_ url url
5611,train,rock springs ûò residents living off elk street continue to battle flooding issues after monday's rain storm. whileû_ url
5612,train,cuban leader extends sympathy to vietnam over flooding at url
5613,train,business at the sponge docks washed out by rain flooding: url
5614,train,user he thrusts a little more before he jams his cock deep inside her flooding her womb and pussy with his hot thick cum
5617,holdout,severe thunderstorms and flash flooding possible in the mid-south and midwest url hashtag weather hashtag environment hashtag climate hashtag nature
5618,train,11:30a radar update: widespread showers/storms but moving over the same areas-minor flooding possible hashtag hunwx url
5619,holdout,tips to prevent basement leaks - create control joints to eliminate random cracking. hashtag homeimprovement hashtag flooding url
5620,holdout,flooding ???? url
5621,val,user no reported flooding po in the area. ten-4. hashtag mmda
5622,holdout,flooding kills 166 displace over one million in pakistan - daily news & analysis url hashtag yugvani
5624,train,flooding kills 166 displace over one million in pakistan - daily news & analysis url
5625,train,hashtag laos flooding -10 villages underwater world vision responding url
5626,train,hashtag floods hashtag ukfloods - british trekkers rescued amid flash floods in himalayas: a group of british tr... url - hashtag flooding
5627,train,user maybe the plan is to dilute until they can safely say 'we have to start charging or it's over'. longs would come flooding in.
5628,train,cuban leader extends sympathy to vietnam over flooding at url
5629,train,ill only dm hotel info because people are flooding my notifications asking me for info
5631,train,when the waves are flooding the shore and i can't find my way home anymore that's when i look at you url
5632,holdout,if flooding occurs in your home - how to stop mold growth via user url
5633,holdout,url flooding of tracks caused derailment sa hashtag insubcontinent user url
5634,train,the chinese are flooding nyc market like never before url
5635,val,obama keeps 27 iraqi christian asylum seekers ndetention while flooding u.s. w/unscreened muslims: url via user
5638,train,so grateful for all the support flooding in from user dinner guests! thank you all! url
5641,train,there some flash flooding in madison hashtag valleywx
5642,holdout,user is it too soon to start flooding your comment section with 'come to brazil' comments? bc i will
5644,train,and last year it was just a lot of 'the drums are flooding' and 'janice i'm falling'
5645,train,ûï user : a burst water main causes major flooding at a birmingham hospital url url omg.
5646,train,heavy rainfall and flooding in northern hashtag vietnam | situation report no.2 url url
5647,train,user oh my god the memories are flooding back
5650,holdout,hashtag flood hashtag disaster burst water pipe floods apartments at nycha senior center - ny1: ny1burst water pipe floods a... url
5651,train,lrt look at all my tom feels flooding back
5652,train,myanmar: msf assisting thousands as worst flooding in decades hits parts of myanmar url
5653,train,residents in the central part of ocean city heard from engineers about flood mitigation options tuesday hashtag ocnj... url
5654,train,wen i finally get the girl i want i'm flooding yall wit all pics of us rs tho
5655,train,user i see her flooding at mad decent
5656,val,monsoon flooding kills dozens in myanmar prompting calls for help - url
5657,val,memorial unveiled for travis county deputy killed in sept. flooding: travis county sheriff greg hamilton joinedû_ url
5658,train,flooding kills 166 displace over one million in pakistan url at least 166 people have been killed and nearly 11 lakhû_
5659,train,thankkk u all soo much for flooding my notificationsu my fella parsholics r superb & jus soo awesomelove love u all always hashtag frvrgrateful ??
5661,train,slip sliding away - flash floods info for writers w/tony nester user hashtag writingtips url
5662,train,who is bringing the tornadoes and floods. who is bringing the climate change. god is after america he is plaguing her hashtag farrakhan hashtag quote
5663,train,myanmar flooding: heavy monsoon rains during the month of july have caused flooding flash floods and landsli... url
5664,holdout,in hashtag india 119000 people have taken shelter in the 966 relief camps the government has set up after the hashtag floods: url
5665,train,user don't worry i'm sure climate has nothing to do with hail floods tornados in alberta & ontario. i'm sure god's just mad at you.
5668,train,user i never thought it would be a wtf moment yet it's here after months of 90 degree heat next we will have flash floods..
5669,train,granted like half my town floods when it rains but still whatever
5670,holdout,user rspca site multiple 7 story high rise buildings next to low density character residential in an area that floods
5671,train,user i hope that mountain dew erodes your throat and floods your lungs leaving you to drown to death
5672,holdout,disaster group stunned by floods url
5673,train,there's this person & they reckon when you're dying your brain floods with dmt causing you to relive your life in real time in a simulation
5674,train,have you ever remembered an old song something you haven't heared for years? words that carry floods of memories all along. hashtag priceless
5675,train,floods fishing finally sunshine & fab deals from albertsons anniversary sale |lauren paints | a beautiful life url
5676,train,hashtag flood hashtag disaster bengal floods: cm mamata banerjee blames dvc bjp claims state failed to use ... - economic t... url
5677,val,69 dead due to floods in myanmar: naypyidaw aug 5 (prensa latina) the death toll rose today to 69 in myanmar... url
5680,holdout,typhoon soudelor approaches after 7 killed 2 missing in floods in philippines url via user
5683,train,user when it rains in nj it flash floods. otherwise its just a desert of grief and taxes.
5684,train,download @ itunes url 'floods of glory' by luiz santos hashtag jazz hashtag art hashtag music
5685,train,user yep. during floods of 1999 or 2000 - clyde dam releasing every bit of water it could. most speccy! ev charging your way?
5686,train,bamenda floods kill animals birds - url url
5687,val,i hope it rains throughout the whole weekend i hope it floods and the portaloos become sentient.
5688,train,apc chieftain tasks dickson on n15b floods donation to bayelsa url
5689,val,pagasa 7:12am: yellow warning - panay island guimaras negros. possible floods in low-lying areas & landslides in mountainous areas.
5690,train,rt: 40hourfamine: in hashtag bangladesh government has not declared floods an emergency. hashtag worldvision will continue to mû_ url
5692,train,nearly 50 thousand people affected by floods in hashtag paraguay ? url url
5693,val,etp bengal floods: cm mamata banerjee blames dvc bjp claims state failed to use relief funds: even as flood w... url
5694,train,may allah help all those suffering from the hashtag pakistan floods! you and your families are in our hashtag dua
5695,train,children in myanmar face a 'double catastrophe' as floods hit the most ... url
5698,train,love when drake floods instagram. makes you feel real in tune with everything he did like you was there or sumn.
5699,train,who is bringing the tornadoes and floods. who is bringing the climate change. god is after america he is plaguing her hashtag farrakhan hashtag quote
5703,val,69 die in myanmar floods 250000 affected url | url
5704,train,typhoon soudelor approaches after 7 killed 2 missing in floods in philippinesû_ url hashtag typhoon
5705,train,memphis always floods
5706,train,floods cause damage and death across asia | all media content | url | 05.08.2015 url
5707,val,>as soon as maintenance ends everyone floods the servers >servers destroyed by extreme load >maintenance starts anew
5710,train,who is bringing the tornadoes and floods. who is bringing the climate change. god is after america he is plaguing her hashtag farrakhan hashtag quote
5711,train,e1.1.2 particulate=break up of solid combust fossil fuel voltaic active forest fire biological voc=petroleum ch4 bacteria decomposition
5712,train,be careful anyone who lives west of beaverton. forest grove has a rapidly spreading fire heading east
5713,train,i added a video to a user playlist url ori and the bind forest ep 6 'fire and death'
5714,train,how is it one careless match can start a forest fire but it takes a whole box to start a campfire?
5715,train,our little forest fire wardens url
5716,train,fire in pisgah national forest grows to 375 acres url
5717,train,ashenforest floorburnt manzanita & timber on johnson fire along ridge on forest road 1. hashtag routecomplex url
5719,holdout,user -runs at her for setting my forest on fire and bites the shit out of her neck-
5720,train,user -sets the forest on fire-
5721,train,i liked a user video url j. cole - fire squad (2014 forest hills drive)
5722,train,view of smoke column rising above the south end of the blake fire along forest road 1. hashtag routecomplex url
5724,train,it starts a forest fire that cannot be put out. url
5726,train,fire in pisgah national forest grows to 375 acres url
5727,train,i had to grill for a school function. one of the grills we had going was pretty much either off or forest fire. no inbetween! made it work
5729,train,5:15p for those who watch over me forest fire smoke has lifted 'nuff f/me t/make a run t/the pet store on the hwy (n). i'll b/home by 7p.
5730,train,we are having forest fires out here in hashtag socal but the only fire you should watch for is user hashtag realhiphop url
5732,holdout,u.s. forest service firefighter david ruhl 38 died in the 'frog fire' in the modoc national forest. he had been temporarily reassigned
5733,train,usfs an acronym for united states fire service. url
5734,train,how is it one careless match can start a forest fire but it takes a whole box to start a campfire
5736,train,only you can prevent forest fires. ???? url
5739,train,hashtag naturaldisasters as california fires rage the forest service sounds the alarm about rising wildfire costs: û_... url
5740,train,q: why do ducks have big flat feet? a: to stamp out forest fires. q: why do elephants have big flat feet? a: to stamp out flaming ducks.
5741,train,user wow. where is this? for the rest of the summer i usually have to worry about forest fires. calgary is about 8 hours away.
5743,train,as california fires rage forest service sounds the alarm about sharply rising wildfire costs url url
5744,train,a little concerned about the number of forest fires where i'll be living
5745,train,user trump is a climate denier- algae bloom in the pacific from calif to alska- seeweed in caribean forest fires- snowball inhofe
5746,val,the forest service now spends >50% of its budget fighting fires url
5748,train,cartoon bears. without them we would qave no knowlddge of forest fires or toilet paper.
5751,train,this is the first year the forest service spent more than half its annual budget on fighting fires. hashtag climatechange url
5752,train,as california fires rage the forest service sounds the alarm about rising wildfire costs url
5753,train,reddit: url lightning sparks new fires in boise national forest /r/stormcoming
5754,val,the spread of conflict hashtag palmoil has sparked an increase in fires destroying hashtag forest throughout hashtag indonesia url
5757,train,photo: blue by user .fires source: url url
5758,train,i'm about to cook your smokey the bear saving forest fires face ass url
5759,train,forest fires & dying salmon: time 2 act not deny. climate change nightmares are here url hashtag bcpoli hashtag canpoli hashtag vanpoli
5760,train,tales of the hashtag trees hashtag deep water loving hashtag lake tahoe. and no hashtag forest fires url
5763,train,8-5-2015 - 4:30 p.m. - progress being made on boise forest fires url url
5764,val,a group of florida forest service firefighters could be deployed to california to help contain fires. details at 10! url
5765,holdout,pray! for east coast forest fires! pray! that they be put out. pray! for rain!
5766,train,user user user instead of dumping water on yourselves please send it to british columbia to help with the forest fires
5769,train,hashtag heartdisease u.s. forest service says spending more than half of budget on fires url
5771,train,' no pharrell only you can prevent forest fires ' ??
5772,val,climate consequences: u.s. forest service says spending more than half of budget on fires url url
5775,val,u.s. forest service says spending more than half of budget on fires url
5776,train,property losses from northern california wildfire nearly double url via user
5777,train,inciweb or update: rogue river-siskiyou national forest fires 8/5/15 12:00 pm (rogue river-siskiyou nf areaû_ url
5778,train,forest fires could delay user but officials say it could be a good thing url
5780,train,u.s. forest service says spending more than half of budget on fires: by ian simpsonû_ url
5781,train,campsite recommendations toilets /shower pub fires no kids pizza shop forest pretty stream no midges no snakes thanks ??
5783,train,when ur friend and u are talking about forest fires in a forest and he tells u to drop ur mix tape out there... hashtag straightfire
5784,train,firefighting consumes forest service budget sparks political clash: forest service report cites increasing cost ofû_ url
5789,val,great michigan technique camp b1g thanks to user user . user hashtag goblue hashtag wrestleon url
5790,train,hashtag np avenged sevenfold - hail to the king
5791,train,all hail shadow (hybrid mix feat. mike szuter): url user #hashtag youtube
5792,val,user we like big hail and we cannot lie!! hashtag sirmixalot
5793,val,lzk issues severe thunderstorm warning [wind: 60 mph hail: 0.75 in] for sharp [ar] till 8:15 pm cdt url hashtag wx
5794,train,two great 'dawgs' dak and jak !!! hail state !!! url
5795,val,strong thunderstorm 4 miles north of japton moving se at 25 mph. large hail and wind gusts up to 50 mph poss... hashtag arwx url
5797,holdout,rnk issues severe thunderstorm warning [wind: 60 mph hail: 1.00 in] for rockingham stokes [nc] till aug 5 10:00 pm edt û_
5798,train,thank you so so much to everyone for posting the rain and hail outside ... i had no idea guys ????????
5799,holdout,user everyone hail to the pumpkin king!!!!
5800,val,cue storm with massive wind and hail!! now a power outage user in davidson county.
5801,train,user enjoy! hopefully there will be no epic hail storms where you are going!
5803,val,strong thunderstorm 4 miles north of japton moving se at 25 mph. large hail and wind gusts up to 50 mph poss... hashtag arwx url
5804,train,all hail lady cheryl!! 24 reasons you should be obsessed with cheryl cole url
5805,train,user user looks like a bowl of weather cereal. new! kellogg's sugar hail! stays crunchy even in milk...
5807,train,hail mary full of grace the lord is with thee. blessed art thou among women and blessed is the fruit of thy... url
5808,train,seen on fahlo:hashtag wcw all hail the queenåê?? url hashtag mtvhottest justin bieber url
5812,val,user the hail is ruining everything. plus my car i haven't even gotten yet. have yet another killer migraine and i lost my glasses. ??
5814,val,user all hail the cloud
5815,train,new warning for central hills 1' hail 60 mph winds. not affecting sturgis but could later tonight. hashtag kotaweather url
5816,train,user man you kno i'm there !
5817,train,hail! [pic] ûó url
5818,train,heavy rain and lightning overhead in oakridge sw calgary - at least it will melt the hail......hashtag yycstorm hashtag abstorm
5819,train,user heavy rain and hail
5821,train,user here comes the hail!
5822,val,user coming atcha from boston. had golfball sized hail yesterday sunny amazing skies today! hashtag parkchat
5824,train,central mass. fruit trees escape heavy damage after wind hail url
5825,train,new warning for central hills 1' hail 60 mph winds. not affecting sturgis but could later tonight. hashtag kotaweather url
5826,holdout,unr continues severe thunderstorm warning [wind: 60 mph hail: <.75 in] for weston [wy] and custer fall river pennington [sd] till 7:15 pû_
5827,train,kevin tan says hail to the chefs - û_ and green pastures which features sustainable and organic cooking.... url
5828,train,hail the new caesars! url url
5829,train,calgary pounded with hail on second day of storms url
5832,train,user pull up holmes!
5833,train,hi-res doppler showing storm just ne of edmond is now severe with 1.25' hail and 60mph wind possible. hashtag okwx url
5834,train,unr issues severe thunderstorm warning [wind: 60 mph hail: 0.75 in] for weston [wy] and custer fall river lawrence meade pennington [sû_
5835,train,well so much for outdoor postering user hashtag mothernature hashtag hailstorm hashtag rain hashtag yycfringe hashtag killhard
5836,train,user hailstorm hey there is a secret trick to get 375.000 gems clash ofclans check them now on my profile
5837,val,nice job calgary transit ! url
5840,train,freak hashtag boston hashtag hailstorm produces a hailstorm of business ... for auto-body repair specialists. user 6:30/8:30 tonight user
5841,train,omg nixon lives! that is richard m. nixon tricky dicky right there in the picture isn't it. hiding in calgary he... url
5842,train,hail:the user summons a hailstorm lasting five turns. it damages all pokemon except the ice type.
5843,train,calgary news weather and traffic for august 5 * ~ 90 url url
5845,train,user : hailstorm day 2.... hashtag round2 hashtag yyc hashtag yycstorm url
5847,val,~ more wicked weather rolls through calgary and surrounding areas url url
5848,train,gotta love hashtag summer in hashtag calgary. hashtag yyc hashtag hailstorm hashtag crazyweather url
5849,train,severe weather and a rare hailstorm pummel boston - url
5850,train,we the free hailstorm maxi url
5853,train,those that i have sworn to defend have proven themselves to be friends of the house hailstorm.
5854,train,twin storms blow through calgary ~ 1 url url
5855,train,summer heat drives bobcats to calgary backyards ~ 35 url url
5856,train,ready for my close up... errrr nope!! hashtag notgoingoutinthat hashtag hailstorm hashtag alberta user user user url
5858,holdout,ig: url 'it's hailing again! hashtag abstorm hashtag yyc hashtag hail hashtag hailstorm hashtag haildamage hashtag yycweather hashtag calgary hashtag captureyyc hashtag alberta hashtag stoû_
5861,train,summer heat drives bobcats to calgary backyards ~ 3 url url
5863,train,sadly the tent fly did not survive this hailstorm and now i have tears in the roof and water in the tent. only... url
5864,train,this was boston yesterday after an intense hailstorm [x-post from /r/cityporn] [4608ìñ2474] (û_ url url
5867,holdout,my favorite text url
5868,train,canada: hailstorm flash flooding slam calgary knocks out power to 20k customers url url
5869,val,if you're gonna take a break at work.... you gotta do it right! hashtag carlilescanoelivery hashtag lovemyjob url
5870,train,severe hailstorm in progress over northeast logan county... hashtag cowx url
5873,train,user it does say hailstorm
5874,train,this is why i am scared to leave my car under trees in a storm hashtag jamaicaplain hashtag boston hashtag hailstormû_ url
5875,train,calgary news weather and traffic for august 5 * ~ 45 url url
5876,train,the stephen ave flower pots got a little ripped up in the hailstorm today hashtag yyc hashtag abstorm hashtag calgary hashtag iamdowntown url
5881,train,grow calgary avoids worst of city's wicked weather * ~ 16 url url
5882,train,photo: this is why i am scared to leave my car under trees in a storm hashtag jamaicaplain hashtag boston hashtag hailstorm... url
5883,train,calgary transit reviewing policy after leaving hundreds of commuters stranded during hailû_ url url
5884,holdout,600 passengers abandoned at lrt station during tuesday's hailstorm url hashtag yyc hashtag yycstorm hashtag abstorm
5885,train,quality metrics penalties may harm patient care pcps say: primary care physicians generally hold positive vi... url
5886,train,user i think a lot of celebrities have to treat ppl as if they could harm them
5887,holdout,sticks and stones may break my bones but words will never harm me
5888,train,i s2g if anyone tries to harm my cupcake i'll fucking hunt you down to the end of the earth hashtag harrybecareful
5889,val,vanderbilt: first do no harm url
5890,train,user love what you picked! we're playing worth it by fifth harm/kid ink because of you! listen & vote: url
5891,holdout,imagine a doctor treating an hashtag ebola patient without ever placing himself in harm's way. url
5892,train,'but right now you're only annoyed by them. if you actually hung out with them you'd see that they mean no harm.' user
5893,train,i've burned myself before not in the self harm way in the i'm a dumbass and i shouldn't be allowed to be around fire way
5894,holdout,i concur. the longer you spend with your child the more harm? mmk url
5896,val,people keep not tagging self harm and it's fucking me up
5898,train,user love what you picked! we're playing worth it by fifth harm/kid ink because of you! listen & vote: url
5899,train,i don't pray harm on members of isis.i pray they experience the life-rebooting love of god & become 'paul's' in gods mind-blowing final act
5900,val,are the safety improvements being made to route 198 in buffalo doing more harm than good? url
5901,train,is inner man wayward on route to harm spent replacing online surveys?: qzloremft
5902,train,if anything happens i will fucking fly 2 metlife which is 3 hours away from me&beat d crap out of any1 who tries 2 harm d boys hashtag otratmetlife
5903,val,you can never escape me. bullets don't harm me. nothing harms me. but i know pain. i know pain. sometimes i share it. with someone like you.
5904,train,how standardized tests harm children of color and what we can do about it url via user cc: user
5905,train,ûïfor i know the plans i have for youû declares the lord ûïplans to prosper you and not to harm you plans to... url
5906,val,user she won't harm you
5907,train,user obama should feel responsible bringing in these illegals he- his family well protected from harm. no feeling or heart 4 others
5908,train,i've been meaning to harm you in the best way i see fit??
5909,train,user i trickshot with a regular controller fucking infinite fading is so harm >:(
5911,train,sex workers say credit card bans on online ads do more harm than good url
5912,train,how can someone harm this angel!! url
5913,train,if anyone were to harm the boys they would get taken down immediately not by security but by the fans real quick
5916,train,so many security gards this is good. i dare them to let someone harm harry hashtag otrametlife
5918,val,someone just reblogged a picture of self harm scars oh please its 2015 can we stop
5919,train,user what's the harm?? they're collectibles
5920,val,interview with actor randy irwin a.s.k what could be the harm url
5921,train,user love what you picked! we're playing worth it by fifth harm/kid ink because of you! listen & vote: url
5922,train,all i got in this world is my bros i don't wanna see no harm come they way ima lil upset right now ??
5923,train,user talk to please don't harm your self in any way shape or form please we care about you and if i saw u right now u better
5925,train,user sunnis continue to believe they are more righteous and they continually harm shias. defeats the ideals of islam.
5927,train,user yes a lot more harm then good if there are guardrails up now why cant we go 50. their will be a big problem when school starts
5928,holdout,user no harm no foul and somebody needed to say it.
5929,train,user lmfaooo hell nawh ?? yo ass thought ??
5930,train,self harm// i'm so angry please tag your scars on tumblr jesus christ i dont wanna get triggered
5932,train,user idk....i feel like his movies have done more harm than good. they make us look sterotypical annddd colorism is prevalent sort of
5933,train,quality metrics penalties may harm patient care pcps say - primary care physicians generally hold positive views... url
5934,train,politicians are using false allegations to attack hashtag plannedparenthood & harm women. we aren't fooled we hashtag standwithpp url
5935,train,user thorgan hazard made his move permanent go gladbach this summer lmao
5937,train,hashtag lifestyle û÷it makes me sick': baby clothes deemed a û÷hazard' url url
5938,train,user yeah i don't think he's elite either i think hazard is the better player too. but not by much
5939,train,choking hazard prompts recall of kraft cheese singles url
5942,holdout,seeing hazard without the beard like... url
5943,holdout,get that hazard pay
5944,train,i liked a user video from user url battlefield 4 funny moments - dukes of hazard undercover soldier
5947,train,user not if theres a choking hazard!!! ???? dont die before i get there!!
5949,holdout,road hazard @ cascade rd sw / childress dr sw url
5950,train,road closures remain in effect due to hazard trees falling tree torching and uphill runs of the fire. forest service road hashtag 1 remains close
5952,train,so now that di maria has left my dear hashtag mufc back to the hazard-di maria argument.... i'd say hazard is way better ?? idc
5953,train,davis's drug guide for nurses by judith hopfer deglin and april hazard vallerand url url
5954,train,the eden hazard of hockey url
5955,train,confirmed: sanchez hazard and bolasie will be out for the rest of the season. url
5956,holdout,user user ?? eden hazard as harden is spot on flopping is identical
5957,train,i rate hazard very highly but his fanboys are among the worst accounts on twitter.
5958,holdout,user not bad personally i'd get rid of either hazard or aguero for a better striker than berahino
5959,train,choking hazard prompts recall of kraft cheese singles url
5960,train,breaking: arsenal's hector bellerin has been arrested for questioning regarding the disappearance of eden hazard.û_ url
5961,train,freak accident? sure. looking for someone to blame? maybe. remember that player broke his leg cuz cart was at back of end zone? common sense
5962,train,december 2011 court dismissed the group charge of rape victims saying 'getting raped was an occupational hazard..!' us military = isis!
5963,train,95-03 bmw 528 530 540 740 emergency warning hazard switch button oem 20177-707d url url
5964,train,kenya news (chelsea talisman eden hazard keen to match cristiano ronaldo and lionel messi.) mipasho url
5965,train,'biggest lead hazard in new england history.' yeah let's nail these guys. url
5966,train,user ...because if it were on fire that'd be a safety hazard
5972,val,precious cargo onesie recalled for choking hazard. url
5974,holdout,user he's alright but hazard/willian ain't gonna be shifted easily.
5975,train,8/6/2015 user :32 pm: hazard in high traffic area at 5000 deans bridge rd url
5978,val,battlefield 4 funny moments - dukes of hazard undercover soldier mav t... url via user
5979,val,user hi ..is there an email that people can use to report s'thing they think is a fire hazard/dangerous?
5980,train,our tipster previews chelsea v swansea & there's a 48/1 double! url hashtag chelsea hashtag hazard url
5981,train,user girl you still lickin' public donuts??? health hazard....u should be in jail.
5982,holdout,fair enough we have two of the best attacking wingers in the prem in hazard and willian who will basically start every game 100%
5983,train,8/6/2015 user :08 pm: hazard in high traffic area at 1500 wrightsboro rd url
5985,holdout,wholesale hashtag we gon rep that $hit at all costs- hazardous hashtag wholeteam3 hashtag wholesaleent url
5987,train,i-10 eb at ms line update: offloading the hazardous material is going much slower than expected. road could stay closed until tomorrow am.
5988,val,hashtag taiwan grace: expect that large rocks trees mud unstable and/or saturated land may slide ..very hazardous in hilly/mountain areas...
5989,train,dlh issues hazardous weather outlook (hwo) url
5990,train,jax issues hazardous weather outlook (hwo) url
5991,train,url risk assessment and optimization for routing hazardous waste collection hashtag sustainable environmental
5992,train,jax issues hazardous weather outlook (hwo) url hashtag wx
5995,train,user aren't dangling piercing crystals potentially hazardous to the eyes? :)
5996,holdout,hashtag foodscare hashtag offers2go hashtag nestleindia slips into loss after hashtag magginoodle hashtag ban unsafe and hazardous for hashtag humanconsumption
5997,train,hashtag what hashtag tribal olap hashtag world pres: url how to recognize a hazardous waste and the multidimensi url
5998,train,skinny jeans are hazardous for your health! hashtag socialnews url
5999,train,from recycling to only using non-hazardous chemicals holland 1916 continually strives to maintain an eco-friendly existence.
6000,val,hashtag dam hashtag gms olap hashtag world pres: url how to recognize a hazardous waste and the multidimensional url
6001,train,never fear quarrels but seek hazardous adventures. url
6002,train,09:13 pm: hazardous weather outlook ( url no hazardous weather is expected at this time.... url
6003,train,jkl issues hazardous weather outlook (hwo) url hashtag wx
6004,train,user also pls help us w/ our campaign to warn the public about the hazardous keratin treatments. the brazilian blowout copycats.
6007,train,meg issues hazardous weather outlook (hwo) url hashtag wx
6009,train,user also pls help us w/ our campaign to warn the public about the hazardous keratin treatments. the brazilian blowout copycats
6012,val,caution: breathing may be hazardous to your health.
6013,holdout,is it possible to sneak into a hospital so i can stab myself with a hazardous needle and inject some crazy disease into my veins until i die
6015,train,user user too toxic...cancer....disease...hazardous waste...noxious...
6017,val,caution: breathing may be hazardous to your health.
6019,holdout,meg issues hazardous weather outlook (hwo) url
6020,train,it's getting to be hazardous getting into this world alive. url
6022,train,user not tweeting and driving joshua. typos are hazardous.
6023,holdout,hashtag foodscare hashtag offers2go hashtag nestleindia slips into loss after hashtag magginoodle hashtag ban unsafe and hazardous for hashtag humanconsumption
6024,holdout,url eversafe emergency auto kit for all weather unsafe hazardous rush-hour gridlock jumper-caû_ url
6026,train,mtr issues hazardous weather outlook (hwo) url
6027,val,hazard - hazardous condition at sb i5 fwy at / sw terwilliger blvd portland or [portland police hashtag pp15000266858] 17:26 hashtag pdx911
6030,train,skinny jeans are hazardous for your health! hashtag socialnews url
6031,holdout,hashtag foodscare hashtag offers2go hashtag nestleindia slips into loss after hashtag magginoodle hashtag ban unsafe and hazardous for hashtag humanconsumption
6032,train,hashtag psd hashtag special olap hashtag world pres: url how to recognize a hazardous waste and the multidimensi url
6033,holdout,dlh issues hazardous weather outlook (hwo) url hashtag wx
6034,train,skinny jeans are hazardous for your health! hashtag socialnews url
6036,train,rt user : homeless vulnerable during north texas heat wave url url
6037,train,user i'm in the middle of a humid heat wave and a patch on my forehead flared up. i take olive oli extract and 4 tbs olive oil
6038,train,heat advisory is in effect from 1 pm through 7 pm thursday. a building heat wave and increasing humidity... hashtag lawx url
6039,train,many thx for share and your comment alex lightman - what evidence did it take or will it take for you or your... url
6041,train,apocalpytic iran heat wave nearly breaks world record url
6043,train,japan heat wave intensifies ûò death toll surges to 55 url
6045,train,user i remember the heat wave the year i went bruh and they don't have ac ????
6047,train,user condemning of deaths more than 1000 due to heat wave in karachi. may allah gv patience to their heirs. url
6048,train,something frightening is happening to the weather in the middle east url
6049,train,user cork city in ireland...we got to 17 degrees today...that is a heat wave for us haha
6050,train,user mini heat wave apaz
6051,train,arnhem weather - an unrelenting and dangerous heat wave will expand across the south central united statesû_ url
6053,train,uae cool to mideast heat-wave; rain watch latest [video] ncms issues warning of thundering rain poor visibility.... url
6055,holdout,user well i have seen it now! that's a bummer. we've had this heat wave tho... 43'c!! i'd prefer the rain... :p
6056,train,it's a heat wave. hashtag squad hashtag revitup hashtag pizzarev url
6057,holdout,hashtag jackson hashtag ms longest streak of triple-digit heat since 2013 forecast in dallas url
6058,holdout,must read forecast! longest streak of triple-digit heat since 2013 what happens next? url url
6059,train,user pete when will the heat wave pass? is it really going to be mid month? frisco boy scouts have a canoe trip in okla.
6060,train,not.. ready for this heat wave .. i don't want the sun to come back out.. i'm enjoying this break of cooler temps..
6061,train,it's kinda cool tonight. is the heat wave finally over?? ???? 7amdollela 3la kulli 7aal
6064,holdout,heat wave is ending! watching a big area of rain though...will impact part of the area. details now on nbc10 at 5pm
6065,train,user the weatherit needs to make it minds up. first snow tornadoes now would you say a heat wave?
6066,train,chilli heat wave doritos never fail!
6069,val,heat wave in wb heavy losses and no compensations (report) - url (via palinfoen) hashtag palestine
6070,train,heat wave adding to the misery of internally-displaced gazans url via user url
6071,train,cherry print + matching lipstick (just rediscovered nars' û÷heat wave').?? by user url
6072,holdout,longest streak of triple-digit heat since 2013 forecast in dallas: an unrelenting and dangerous heat wave will... url
6073,train,heat wave gotta be over 9000 today
6074,train,user it's hotter there than phoenix this week with 3x the humidity. >.>; heat wave.
6075,train,hashtag greatbritishbakeoff love to know where i was when all this nice weather happened! did miss the heat wave ?? ??
6076,holdout,user yay good cooler weather for pdx..abq nm is feeling the heat wave now bcuz my rain dances aren't working :-)
6078,train,longest streak of triple-digit heat since 2013 forecast in dallas url url
6083,train,have you heard û÷05 love to love you....heat wave vol 5' by george deejayempiresound on hashtag soundcloud? hashtag np url
6084,holdout,weather warfare follow the money this government is what our founding fathers were warning us about the weather... url
6085,train,orchid - sign of the witch url
6086,train,day 3 without my phone and due to my slow shite computers it is utter hellfire :'( plez send help
6087,train,the prophet (peace be upon him) said 'save yourself from hellfire even if it is by giving half a date in charity.'
6088,holdout,hellfire is surrounded by desires so be careful and don't let your desires control you! hashtag afterlife
6090,train,the prophet (peace be upon him) said 'save yourself from hellfire even if it is by giving half a date in charity.'
6091,train,user been on tour in the day to hellfire caves! would love to investigate the place though!
6092,train,beware of your temper and a loose tongue! these two dangerous weapons combined can lead a person to the hellfire hashtag islam!
6093,train,hellfire ep - silentmind & user url
6094,train,hashtag allah describes piling up hashtag wealth thinking it would last hashtag forever as the description of the people of hashtag hellfire in surah humaza. hashtag reflect
6096,train,beware of your temper and a loose tongue! these two dangerous weapons combined can lead a person to the hellfire hashtag islam!
6097,train,the prophet (peace be upon him) said 'save yourself from hellfire even if it is by giving half a date in charity.'
6098,val,hellfire! we don't even want to think about it or mention it so let's not do anything that leads to it!
6099,train,hellfire is surrounded by desires so be careful and don't let your desires control you! hashtag afterlife hashtag islam
6100,train,user you said it's rude based on an experience. kind of a next level sub tweet in a way lol. either way you got worked up
6102,train,user my good you stay in ny??? ?
6103,val,user user then i do this to one of them ????
6104,train,(also i dont think sewing thought a leather belt would work out that well lol)
6105,train,hashtag allah describes piling up hashtag wealth thinking it would last hashtag forever as the description of the people of hashtag hellfire in surah humaza. hashtag reflect
6106,train,user i got it for the mistake but boss got it worse cause their job was to oversee my work. boss didn't change after that...
6108,train,that hellfire song from the hunchback of notre dame reminds me a lot of my house
6109,train,the message you sent and they don't reply. i see that you saw my message the least you can do is tell me to 'fuck off' or something.
6110,train,beware of your temper and a loose tongue! these two dangerous weapons combined can lead a person to the hellfire hashtag islam!
6111,train,the prophet (peace be upon him) said 'save yourself from hellfire even if it is by giving half a date in charity.'
6112,holdout,hellfire is surrounded by desires so be careful and don't let your desires control you! hashtag afterlife
6113,train,hellfire! we don't even want to think about it or mention it so let's not do anything that leads to it hashtag islam!
6115,val,new cocktail on the list! el diablo mas verde: mezcal yellow chartreuse honey cucumber hellfire bitters.... url
6116,train,hellfire is surrounded by desires so be careful and don't let your desires control you! hashtag afterlife hashtag islam
6118,train,the prophet (peace be upon him) said 'save yourself from hellfire even if it is by giving half a date in charity.'
6119,val,hellfire! we don't even want to think about it or mention it so let's not do anything that leads to it!
6120,val,user user oh okay i just got the message twice and got suspicious. sorry. i'll check it out!
6123,train,hashtag allah describes piling up hashtag wealth thinking it would last hashtag forever as the description of the people of hashtag hellfire in surah humaza. hashtag reflect
6125,holdout,hellfire is surrounded by desires so be careful and don't let your desires control you! hashtag afterlife
6126,train,fel lord zakuun is about to die ! hashtag hellfire hashtag wod url
6127,train,hellfire gargoyle hoof coil url
6128,train,user wow bet you got blamed for that too huh?
6130,holdout,user again not really. do you have any idea how many times i have been ignored for fadc. you can't expect anything.
6132,train,the prophet (peace be upon him) said 'save yourself from hellfire even if it is by giving half a date in charity.'
6133,holdout,user has entered into the hashtag jagm project to replace hashtag tow and hellfire missiles. check it out here: url
6134,train,hellfire! we don't even want to think about it or mention it so let's not do anything that leads to it hashtag islam!
6135,train,tension in bayelsa as patience jonathan plans to hijack apc pdp - url
6137,train,hashtag gamergate 'our entire attempt to hijack your community destroy your industry and scam everyone in sight was just sarcastic'. drop dead.
6138,train,bayelsa poll: tension in bayelsa as patience jonathan plans to hijack apc pdp: plans by former first lady and... url
6140,train,user user not to hijack but as a bona fide cislady i can confirm this as true; incidental homosexuality =/= gay/bi for women.
6141,train,0-day bug in fully patched os x comes under active exploit to hijack macs url
6145,train,0-day bug in fully patched os x comes under active exploit to bypass password ... - ars technica url
6146,train,revealed: everton hijack united bid for 14-year-old wonderkid! - url
6147,val,i've just posted on my blog about: criminals who hijack lorries and buses arrested in enugu (photo) url
6148,train,criminals who hijack lorries and buses arrested in enugu (photo) user user hashtag humanrights url
6150,train,criminals who hijack lorries and buses arrested in enugu (photo) url
6151,val,tension in bayelsa as patience jonathan plans to hijack apc pdp url url
6152,train,plans by former first lady and wife of ex-president goodluck jonathan dame patience jonathan to hijack the all... url
6153,train,user user what if he slammed her against the wall for the wrong reason but then he came out of hijack mode and it
6154,holdout,patience jonathan on the move to hijack apc in bayelsa state url url
6156,train,criminals who hijack lorries and buses arrested in enugu: according to the nigerian police force... url via user
6159,train,patience jonathan on the move to hijack apc in bayelsaåêstate url
6160,val,swansea ?plot hijack transfer move for southampton target virgil van dijk? url
6162,train,jeep cherokee owners file lawsuit against fiat chrysler harman after hackers ... - the consumerist url hashtag mcgsecure
6163,train,0-day bug in fully patched os x comes under active exploit to bypass password ... - ars technica url
6164,holdout,{:en}tension in bayelsa as patience jonathan plans to hijack apcåêpdp{:} url url
6165,train,swansea û÷plot hijack transfer move for southampton target virgil van dijk' url
6166,train,user click on the tag there's lots of them. rt them to hijack the hashtag
6167,train,another mac vuln! url
6169,holdout,[latest post] bayelsa poll: tension in bayelsa as patience jonathan plans to hijack apc pdp url
6170,val,hashtag latestnews: tension in bayelsa as patience jonathan plans to hijack apc pdp
6171,val,tension in bayelsa as patience jonathan plans to hijack apc pdp url url
6173,train,stay cautious. url
6174,train,bayelsa poll: tension in bayelsa as patience jonathan plans to hijack apc pdp: plans by former first lady and... url
6175,train,user fuck u2 specially there new shit. first they hijack itunes now all sirius chan. fuck off already haha just sayin
6178,train,tension in bayelsa as patience jonathan plans to hijack apc pdp - url
6181,train,swansea û÷plot hijack transfer move for southampton target virgil van dijk' url
6183,train,bayelsa poll: tension in bayelsa as patience jonathan plans to hijack apc pdp plans by former first lady and... url
6184,train,user chelsea need to hijack man utd deal for pedro..20 mill bargain adam driving home in oregon usa cmon blues!!!
6185,val,governor allows parole for school bus hijacker url liveleakfun ? url
6187,holdout,governor allows parole for california school bus hijacker who kidnapped 26 children in 1976. url url
6188,train,gov. brown allows parole for 1976 chowchilla school bus hijacker james schoenfeld. url url
6191,holdout,remove the url and linkury browser hijacker url url
6192,train,san jose mercury: governor brown allows parole for california school bus hijacker url
6193,holdout,remove the url and linkury browser hijacker url url
6195,val,the hijacker-turned-sat-tutor who evaded authorities for three decades url via user
6196,train,governor allows parole for school bus hijacker url
6197,train,governor allows parole for school bus hijacker url via user i remember this crime sent chills through parents
6198,train,school bus hijacker given parole after 39 years url
6199,holdout,remove the url and linkury browser hijacker url url
6200,holdout,remove the url and linkury browser hijacker url url
6201,train,governor allows parole for school bus hijacker url
6202,train,how to remove url browseråêhijacker url url
6203,holdout,complete solution to get rid of url ûò [browser hijacker removal guide]! - url
6206,holdout,remove the url and linkury browser hijacker url url
6207,holdout,remove the url and linkury browser hijacker url url
6208,train,medieval airplane hijacker testa: earnings the distinction divers: htarvrgly
6211,train,governor allows parole for california school bus hijacker | fresno linked local network url url
6213,val,california school bus hijacker parole stands url hashtag sacramento
6215,train,governor allows parole for california school bus hijacker: local... url url
6216,train,û÷hijacker cops' back in the dock - url url
6217,train,governor weighs parole for california school bus hijacker url url
6218,train,governor allows parole for school bus hijacker url
6219,train,governor weighs parole for california school bus hijacker url url
6220,train,rt notexplained: the only known image of infamous hijacker d.b. cooper. url
6222,train,governor allows parole for california school bus hijacker url hashtag fresno
6223,train,rt notexplained: the only known image of infamous hijacker d.b. cooper. url
6224,train,user user url change password through that link it'll kick the hijacker off.
6226,train,user update jag enabled but a hijacker has access might be what i was looking for. fingers crossed.
6227,holdout,demco 8550013 hijacker 5th wheel hitch 21k ultra series double pivot url url
6230,train,medieval airplane hijacker hard shell: casting the star deviating: dyxtmrydu
6232,holdout,remove the url and linkury browser hijacker url url
6233,val,how to remove softenza hijacker? softenza anthelmintic nature book drawing out help sea
6234,val,governor allows parole for california school bus hijacker - santa cruz sentinel url
6240,train,the murderous story of america's first hijacking url
6241,train,user the example i used is even worse in that it's a cafì© trying to market itself w/hashtag hijacking.
6243,train,hashtag hot funtenna: hijacking computers to send data as sound waves [black hat 2015] url hashtag prebreak hashtag best
6244,train,hashtag hot funtenna: hijacking computers to send data as sound waves [black hat 2015] url hashtag prebreak hashtag best
6245,train,hashtag hot funtenna: hijacking computers to send data as sound waves [black hat 2015] url hashtag prebreak hashtag best
6246,train,hashtag hot funtenna: hijacking computers to send data as sound waves [black hat 2015] url hashtag prebreak hashtag best
6247,train,the murderous story of america's first hijacking: earnest pletch's cold-blooded killing ofû_ url
6248,train,hashtag hot funtenna: hijacking computers to send data as sound waves [black hat 2015] url hashtag prebreak hashtag best
6253,train,hashtag hot funtenna: hijacking computers to send data as sound waves [black hat 2015] url hashtag prebreak hashtag best
6254,train,the murderous story of america's first hijacking url
6255,train,hashtag hot funtenna: hijacking computers to send data as sound waves [black hat 2015] url hashtag prebreak hashtag best
6256,train,hashtag hot funtenna: hijacking computers to send data as sound waves [black hat 2015] url hashtag prebreak hashtag best
6257,train,hijacking electric skateboards to make them saferåê | user url
6258,train,û÷good samaritans' shot in horror hijacking johannesburg. &mdash; four men were shot dead in bronville free stateû_ url
6259,train,hashtag hot funtenna: hijacking computers to send data as sound waves [black hat 2015] url hashtag prebreak hashtag best
6261,train,hashtag hot funtenna: hijacking computers to send data as sound waves [black hat 2015] url hashtag prebreak hashtag best
6262,train,hashtag hot funtenna: hijacking computers to send data as sound waves [black hat 2015] url hashtag prebreak hashtag best
6263,val,the ship has arrived safely. so it was quite unnecessary to sign the waiver that we won't sue microsoft if any hijacking occurred.
6265,train,hashtag hot funtenna: hijacking computers to send data as sound waves [black hat 2015] url hashtag prebreak hashtag best
6267,train,hashtag hot funtenna: hijacking computers to send data as sound waves [black hat 2015] url hashtag prebreak hashtag best
6268,train,user koreans are performing hijacking of the tokyo olympic games. url
6269,val,vehicle hijacking in vosloorus gauteng on 2015-08-05 at 23:00 white toyota conquest bkb066gp url
6271,train,user come on. ik will face mcourt for attacking parliment and hijacking tv station.
6272,train,hashtag hot funtenna: hijacking computers to send data as sound waves [black hat 2015] url hashtag prebreak hashtag best
6273,val,to whomever is hijacking my wifi hotspot. i have a very specific skill set. i will create a character and perform a one-man show about you
6274,train,hashtag hot funtenna: hijacking computers to send data as sound waves [black hat 2015] url hashtag prebreak hashtag best
6276,train,hashtag hot funtenna: hijacking computers to send data as sound waves [black hat 2015] url hashtag prebreak hashtag best
6277,train,the murderous story of america's first hijacking url
6278,train,û÷good samaritans' shot in horror hijacking url hashtag 263chat hashtag twimbos zimpapersviews
6281,train,the murderous story of america's first hijacking url
6282,train,mom is hijacking my account to earn mcr status!!! get your own account snort! url hashtag flavorchargedtea
6283,train,hashtag hot funtenna: hijacking computers to send data as sound waves [black hat 2015] url hashtag prebreak hashtag best
6292,train,egyptian militants tied to isis threaten to kill croatian hostage (new york times) url (1717 gmt)
6293,train,û÷ransomware' holds b.c. man's computer files hostage: a virus locked andrew wilson's family photos and otherû_ url
6294,train,i always tell my mom to bring me food or i will hold her cat hostage??
6296,val,that moth that held me hostage yesterday has been chilling on the bathroom windowsill all day and i'm not okay with this
6297,val,islamic state group threatens to kill hostage if û÷muslim women' aren't let go - url
6299,train,quoted here-->cnn: purported isis video threatens croatian hostage url
6300,train,i'm hungry as a hostage
6301,train,who is tomislav salopek the islamic state's most recent hostage? - url
6302,train,user user user it's like watching a hostage video sometimes ... but not always ( at least not yet)
6303,train,islamic state group in egypt threatens to kill croat hostage url
6304,train,you will be held hostage by a radical group.
6305,train,when u get mugged with ur gf u come up with the best excuses not to look like a bitch 'i wanted to fight but what if he held u hostage?'
6306,val,who's that shadow holdin me hostage i've been here for days
6310,train,related news: 'isis video' threatens hostage - europe - cnn | url
6311,train,user user great times until the bus driver held us hostage in the mall parking lot lmfao
6312,train,the horrific story of being a hostage - the horrific story of being a hostage it's 1974 and on a british... url
6314,train,islamic state group in egypt threatens to kill croat hostage url
6315,holdout,murfreesboro peeps- i'm hearing walmart on s rutherford is on lockdown with a hostage is that true or a rumor?
6317,train,islamic state group in egypt threatens to kill croat hostage url
6318,train,i sent my emails why are the trinna hold me hostage rapping me up ??
6320,holdout,wtf? her biological father is holding her hostage and her adoptive parents haven't even looked for her. criminal minds got me fucked up.
6322,train,user user user user much of which has to do with lebanon 80s attack/ iran hostage crisis/ libya pan am
6323,holdout,if you fill your mind with encouragement and positivity then it won't take you hostage. be careful of your content
6325,train,i went to pick up my lunch today and the bartender was holding my change hostage because he wanted my number. ??
6326,train,user content is held hostage by network due to affiliation fees.
6328,train,new isis video: isis threatens to behead croatian hostage within 48 hours - tlvfaces - tlvfaceshashtag auspol url
6329,holdout,sydney hostage crisis has now been recovered from the airasia wreckage.
6330,train,wut a lonely lunch. i got ditched. and i'm hungrier than a hostage!
6331,train,nearly 35 years after their release from captivity legislation is being introduced in congress to compensate 53û_ url
6332,train,user have you been held hostage?
6334,train,dysfunctional mcconnell plans on holding judicial nominations hostage. another example of how gop can't govern. url û_
6335,train,2 hostages in libya remain unharmed: government sources on wednesday denied reports that two indian nationals whoû_ url
6336,val,hashtag hot c-130 specially modified to land in a stadium and rescue hostages in iran in 1980 url hashtag prebreak hashtag best
6337,val,hashtag hot c-130 specially modified to land in a stadium and rescue hostages in iran in 1980 url hashtag prebreak hashtag best
6338,train,user read: american lives first | the chronicle hashtag freeamirnow hashtag freeallfour hashtag hostages held by hashtag iran hashtag irandeal url
6339,train,c-130 specially modified to land in a stadium and rescue hostages in iran in 1980 url url
6340,train,russia stood down cold war nuke ban or face ocean superiority unconditional surrender next putin game set match release the hostages
6341,holdout,broadcast journalism: hostages to fortune otherwise quot-television blind else quot-operations since-3g superv...
6342,holdout,sinjar massacre yazidis blast lack of action overåêhostages url url
6343,holdout,holmgren describing 96 world cup: we were lou's hostages.
6344,val,hashtag hot c-130 specially modified to land in a stadium and rescue hostages in iran in 1980 url hashtag prebreak hashtag best
6345,val,hashtag hot c-130 specially modified to land in a stadium and rescue hostages in iran in 1980 url hashtag prebreak hashtag best
6346,train,natalie stavola our co-star explains her role in love and hostages. check it out! hashtag lh_movie hashtag indiefilm hashtag comingsoon url
6347,train,render assistance gain as proxy for your hostages to fortune: ssu url
6348,train,c-130 specially modified to land in a stadium and rescue hostages in iran in 1980... url url
6349,holdout,user user hostages are meaningless might as well just play cod search and destroy.
6350,train,'well guess what young girls. you aren't damsels in distress. you aren't hostages to the words of your peers.' url
6354,train,no hashtag news of hashtag hostages in hashtag libya url hashtag india hashtag terrorism hashtag africa hashtag ap hashtag ts hashtag nri hashtag news hashtag trs hashtag tdp hashtag bjp url
6355,train,user user user user never thought i could have that much fun saving (and shooting) teddy bear hostages. lol
6356,train,sinjar massacre yazidis blast lack of action over hostages url
6358,train,c-130 specially modified to land in a stadium and rescue hostages in iran in 1980: submitt... url hashtag aviationaddicts
6361,train,holmgren: we referred to those 35 days as 'the hostage situation.' we were lou's 'hostages.'
6362,train,barak will tell the american people that the lives of the hostages in iran depends on congress voting to give terrorist a nuke for hostages.
6363,train,user great job done by village hostages
6365,val,hashtag hot c-130 specially modified to land in a stadium and rescue hostages in iran in 1980 url hashtag prebreak hashtag best
6366,val,hashtag hot c-130 specially modified to land in a stadium and rescue hostages in iran in 1980 url hashtag prebreak hashtag best
6369,holdout,hashtag sinjar massacre hashtag yazidis blast lack of action over hostages url portland hashtag phoenix hashtag newyork hashtag miami hashtag atlanta hashtag casper hashtag iraq
6370,train,new hashtag free hashtag porn hashtag clip! taking of hostages dangerous for favors free: url hashtag rt hashtag adult hashtag sex hashtag tube
6371,val,user i also loved the episode 'bang' in season 3 when caroline bigsby(?) took hostages in the supermarket.
6372,train,no hashtag news of hashtag hostages in hashtag libya url hashtag india hashtag terrorism hashtag africa hashtag ap hashtag ts hashtag nri hashtag news hashtag trs hashtag tdp hashtag bjp url
6373,holdout,cruz: iran deal û÷leaves 4 american hostages languishing in iran' url - hashtag noirandeal hashtag tedcruz2016 url
6374,train,nigerian military rescue 178 hostages from boko haram - florida sentinel bulletin: florid... url hashtag security hashtag terrorism
6375,train,no hashtag news of hashtag hostages in hashtag libya url hashtag india hashtag terrorism hashtag africa hashtag ap hashtag ts hashtag nri hashtag news hashtag trs hashtag tdp hashtag bjp url
6376,train,one year on from the sinjar massacre hashtag yazidis blast lack of action over hostages url
6380,val,hashtag hot c-130 specially modified to land in a stadium and rescue hostages in iran in 1980 url hashtag prebreak hashtag best
6382,val,hashtag hot c-130 specially modified to land in a stadium and rescue hostages in iran in 1980 url hashtag prebreak hashtag best
6383,train,cont'd- hashtag sinjar: referring to a 40-pg document the group put together on the movt of hashtag yazidi hostages in the days following hashtag is massacre [2]
6384,train,user as per previous behaviour jan/aq would deal with the kidnapped hostages not particularly pleasantly if div 30 fought jan/aq.
6385,val,you messed up my feeling like a hurricane damaged this broken home
6386,val,user listen to hurricane
6387,val,everyone's wonder who will win and i'm over here wondering are those grapes real ?????? hashtag bb17
6388,holdout,hurricane guillermo live noaa tracking / looping wed.aug.5th ~ url ~ url url
6389,val,user haha i love hurricane because of you
6391,holdout,hurricane guillermo live noaa tracking / looping wed.aug.5th ~ url ~ url url
6392,train,user happy birthday big bruh
6393,holdout,user lol more than welcome ??????
6394,train,user ???????? i don't have them they out here
6395,train,bluedio turbine hurricane h bluetooth 4.1 wireless stereo headphones headset blk - full reû_ url url
6396,train,user did you see hashtag hurricane hashtag guillermo with hashtag meteoearth? url
6397,train,user user this here is very true >:33333
6398,holdout,they should name hurricanes with black people names. i'd be terrified of hurricane shanaynay!
6399,train,them shootas be so hungry with bodies on they burner ??
6400,train,hurricane 30stm quem lembra
6402,train,hurricane?? sick!
6403,train,ad miles 'hurricane of fun : the making of wet hot' url
6404,val,hurricane dancers: the first caribbean pirate shipwreck margarita engle - henry holt and co. (byr). url
6405,train,cape coral city leaders take part in mock hurricane training url url
6406,train,be careful during hurricane season ???? url
6407,train,my back is so sunburned :(
6410,train,user you stay in houston?
6412,train,nowplaying rock you like a hurricane - scorpions url
6413,train,the hurricane mixxtail kinda tastes like the watermelon four loko. ???????? user
6414,train,bluedio turbine hurricane h bluetooth 4.1 wireless stereo headphones headset blk - full reû_ url url
6415,train,user did you see hashtag hurricane hashtag guillermo with hashtag meteoearth? url
6416,train,grace: here are damage levels usa style.. hashtag taiwan hashtag china hashtag world hurricane/typhoon ratings/categories defined again url
6417,holdout,angelriveralibû_ hashtag snowden 'may have' broken laws? hurricane katrina may have caused some damage. url without snowden hû_
6418,holdout,hwrf absolutely lashes taipei with hurricane force winds high storm surge and 20' of rain. not good news at all!!! url
6420,train,user user wait i thought fecal hurricane was on scifi? maybe that was turdnado. i've been forgeting up a shit storm lately.
6421,holdout,hurricane guillermo live noaa tracking / looping wed.aug.5th ~ url ~ url url
6422,train,entertain this thought for a moment: diarrhea hurricane
6423,train,bluedio turbine hurricane h bluetooth 4.1 wireless stereo headphones headset blk - full reû_ url url
6425,train,stream hype hurricane
6427,train,hashtag kick hashtag hurricane seriously hashtag simple websites: url looking for a seriously simple program to url
6429,train,user no prob
6430,val,mr. t stopped wearing gold chains in 2005 because he thought it would be an insult to the people who lost everything after hurricane katrina
6434,train,ashley and i on going to hurricane harbor friday. ?? url
6436,holdout,militants attack police post in udhampur; 2 spos injured suspected militants thursday attacked a police post in... url
6438,train,update:m.e. confirms 2 women pulled from burning house died last friday. 91 yr old edna jefferson&doris sherfield72. url
6440,train,unlicensed teen driver among 2 killed in nc crash url
6441,train,and you wonder why he's injured every year url
6443,train,experienced urogyn trying to help mesh injured women talks the worst offenders. url user
6445,train,yelp bolsters health care reviews with investigative journalism: sick and injured patients at a local er are t... url
6446,train,terrorists attack police post; 2 spos injured url hashtag yug
6448,val,check this user udhampur terror attack: militants attack police post 2 spos injured:û_ url hashtag suryaray hashtag india
6449,train,arian foster does keep his promise... and that's to get injured every yeat
6450,val,hashtag wakeupflorida... hashtag floridians more likely to be killed/injured by a hashtag trophyhunt killer's gun than by isis. url
6451,train,user the only surprise is that they aren't all injured.
6452,train,user you're not injured anymore? ??
6453,train,top stories - google 4 dead dozens injured in gaza blast near house leveled in summer warû_ url
6454,train,photos: 17 people killed and over 25 injured in deadly saudi mosque suicide attack url
6455,holdout,url seems they declared war against government..
6458,holdout,udhampur terror attack: militants attack police post 2 spos injured url
6459,train,if i could i would have been by at work but got injured and we have security concerns they must settle. this is torture.
6461,train,i can't believe blevins got injured falling off a curb. that's something that would happen to me never it expected for a pro player
6462,train,injured barcelona full-back alba out of super cup url
6463,val,user how come scott rice doesn't get another shot. holding lefties to a 184. average. is he injured?
6464,train,udhampur terror attack: militants attack police post 2 spos injured: suspected militants tonight attacked a p... url
6465,train,so paulista injured wilshere
6466,train,offers : url hashtag 8392 deluxe toilet safety support/health/home/bathroom/support/elderly/injured/sû_ url
6467,train,washington post - 4 dead dozens injured in gaza blast near house leveled in summer war url
6469,train,ogun smugglers engage customs in shootoutåê: several persons were allegedly injured on wednesday when men o... url hashtag rt
6470,val,user please support this please cosponsor s. 928 and support aid for sick and injured 9/11 responders! hashtag renew911health
6472,train,4 dead dozens injured in gaza blast near house leveled in summer war - washington post url hashtag world
6473,holdout,4 dead dozens injured in gaza blast near house leveled in summer war - url via url
6474,val,user user alsowhat if some of the 1st team players got injured?then bilic would get slated for playing themhe can't win
6477,train,udhampur terror attack: militants attack police post 2 spos injured: suspected militants tonight attacked a p... url
6478,holdout,hashtag golf mcilroy fuels pga speculation after video: injured world number one rory mcilroy fueled speculatio... url hashtag news
6480,val,hashtag breakingnews militants attack udhampur police post; 2 spos injured url
6481,val,user please support this please cosponsor s. 928 and support aid for sick and injured 9/11 responders! hashtag renew911health
6482,train,user he was injured. he is a pro bowl back.
6484,train,udhampur terror attack: militants attack police post 2 spos injured: suspected militants tonight attacked a p... url
6485,train,injuries may be forgiven but not forgotten. aesop
6486,train,official kinesiology tape of ironmanå¨ long-lasting durability effectiveness on common injuries url url
6490,train,user user possibly he's had injuries on both ankles though. 2011 one worse but regardless both.
6491,train,in fact if y'all could tag like small creeping or self inflicted injuries of the skin as derma (with brackets) that would be nice
6492,train,last time i checked lots of injuries over the course of time = injury prone. user am i wrong?
6493,train,if you're slating user for user 's injury then you're a disgrace to the hashtag afc fan base. injuries happen you cunts!
6494,train,next man up---ah screw this! i'm so tired of injuries. what happened to camp cupcake? more like camp cramp and break.
6495,train,my baby girls car wreak this afternoon thank god no serious injuries and she was wearing her seatbelt!!!... url
6497,val,i'm only experienced with injuries below the waist
6499,train,user u can't blame it all on coaching management penalties defence or injuries. cursed is probably a good way to put it! hashtag riders
6500,val,tonight we have attended a fire in romford with user thankfully no injuries url
6501,train,peel police say male cyclist struck near southdown road and royal windsor drive in mississauga. serious but non life-threatening injuries.
6504,train,user user being' injury prone' isn't actually just suffering injuries often.
6505,train,user as a health care professional that deals all gun violence sequalae i consider suicides injuries accidents and homicides
6506,train,west nyack pineview road railroad crossing off western highway. units on scene of a csx train vs. truck no injuries.
6510,val,accident with injuries on hashtag nj36 sb at cr 516/leonardville rd url
6511,train,user look what shad forsythe has done in 1 year we won't have as many injuries as before we will inevitably have injuries like others
6512,train,a new type of adhd? head injuries in children linked to long-term attention problems url
6513,holdout,user user right?? yep you're a witness to his injuries haha it's a gauze!
6514,train,user i knew mo not doing much would bite us he was influenced by that shitty staff and injuries are not acquisitions
6515,train,forsure back in the gym tomorrow. body isn't even at 50%. don't wanna risk injuries.
6516,train,why is hashtag gop blocking chance for hashtag disabledveterans w/ groin injuries to have children? hashtag thepartyofmeanness url
6518,train,here we fucking go with the injuries again who's next? url
6519,val,carterville high school coaches prepare for game-day injuries url
6520,train,the injuries are starting!!! please user stay healthy!!! ????????????
6523,train,health fact: 75% of muscle mass is made up of fluid. drink water to prevent strains sprains and other injuries. url
6525,train,all injuries pre foster/floyd. those will be covered next week. url
6527,val,user what a fucking idiot. he had a gun & a hatchet yet there were still no serious injuries. glad police terminated him.
6528,train,trauma injuries involving kids and sport usually cycling related: director trauma ns url hashtag ns url
6529,train,user user o-line and pass rush. rest of roster is stout barring injuries
6530,train,diego costa needs to stop getting injuries urg
6532,train,4 common running injuries and how to avoid them url
6534,train,enjoying a little golf this summer? take care to avoid injury -- back and shoulder injuries can happen quickly url
6535,holdout,nflexpertpicks: michael floyd's hand injury shouldn't devalue his fantasy stock: michael floyd's damaged digits won... û_
6536,train,rory mcilroy to test ankle injury in weekend practice hashtag chinadotcom hashtag sports url url
6537,train,cleared:incident with injury:i-495 inner loop exit 31 - md 97/georgia ave silver spring
6540,train,joboozoso: usat usatoday_nfl michael floyd's hand injury shouldn't devalue his fantasy stock url
6541,train,jack wilshere has poor injury recordand his off field behaviors doesn't help.hashtag arsenal
6542,train,user texans hope you are wrong. radio in houston have him as starter after foster injury
6543,train,traffic collision - no injury: i5 s at i5 s 43rd ave offramp south sac url
6545,train,user 'i'd worked so hard to get to that level that i wasn't going to let the injury define me. i was going to define it.û cool
6546,train,enter the world of extreme diving ûó 9 stories up and into the volga river url
6547,val,california lawûónegligence and fireworks explosion incidents url
6548,train,cleared:incident with injury:i-495 inner loop exit 31 - md 97/georgia ave silver spring
6549,train,greg garza not in the 18 for atlas tonight vs leones negros in copa mx play. he left the previous game w/ an injury. hashtag usmnt
6550,val,hashtag poster hashtag ergo rotator hashtag cuff injury recovery kit: url super high converting rotator cuff inj url
6551,train,live cricket score in all match international domestic team tour team squad profile & injury lamha ba lamha update + follow user
6552,val,my prediction for the vikings game this sunday....dont expect a whole lot. infact i think zimmer goal is....injury free 1st game
6553,val,dal news: wednesday's injury report: rb lance dunbar injures ankle is listed as day-to-day url
6554,train,dante exum's knee injury could stem jazz's hoped-for surge back to ... url
6555,holdout,user familia: arm injury or head case?
6556,holdout,dr jack stern interview ending back pain for hashtag military hashtag injury. listen now: url
6559,holdout,had a nightmare and was about to jump out of bed when i remembered my injury alas it was too late and i screamed in my bedroom
6560,train,tennis: defending champ svetlana kuznetsova withdraws from citi open cites injury to her lower left leg (espn) url
6561,holdout,hashtag pft barkevious mingo missed browns practice with a mystery injury url
6565,holdout,user any update on the mcclain injury from today's practice?hashtag nyg
6566,train,cleared:incident with injury:i-495 inner loop exit 31 - md 97/georgia ave silver spring
6567,holdout,follownflnews: michael floyd's hand injury shouldn't devalue his fantasy stock url hashtag nfl hashtag news hashtag playoffs
6568,train,'mcfadden reportedly to test hamstring thursday' via user url
6569,train,new level of tita-dom: bowling injury. url
6570,train,user just being linked to arsenal causes injury.
6571,train,incident with injury:i-495 inner loop exit 31 - md 97/georgia ave silver spring
6572,train,hashtag cowboys: wednesday's injury report: rb lance dunbar injures ankle is listed as day-to-day: url
6573,train,user user user oh gio was my backup. but with skc next and bwp getting a crack at nycfc + injury i went bwp. lol wrong
6575,train,enter the world of extreme diving ûó 9 stories up and into the volga river url
6576,holdout,quirk injury law's news is out! url stories via user
6577,train,hashtag cowboys: george: injury woes took claiborne from first round to trying to stick around; can he do it?: url
6579,train,enter the world of extreme diving ûó 9 stories up and into the volga river url
6580,holdout,our big baby climbed up on this thing on wheels-(io hawk)!his knee injury!!!!! where's my belt?mr srk cook ur beautiful ass for punishment!
6582,train,incident with injury:i-495 inner loop exit 31 - md 97/georgia ave silver spring
6583,train,ngata on injury list at start of practice for lions url
6585,holdout,a laois girl advertised for a new friend to replace her loved-up bff and has been inundated url url
6586,val,user probably. we are inundated with them most years!
6588,train,most of us ddnt get this english rt user : the world is inundated with ostentatious people stay woke!
6591,train,1st wk of rainier diet and my street seward park ave is inundated w/ bypass traffic so user what's your plan? user
6593,train,body shops inundated with cars dented by hail... good news insurance pays... bad news : you are stuck with deductible ! hashtag wcvb
6594,train,hi user sorry for the delay. slightly inundated with applications at the mo but we have yours and will get back to you asap!
6596,holdout,a laois girl advertised for a new friend to replace her loved-up bff and has been inundated url url
6597,train,i presume my timeline will be inundated with 'soggy bottom' & lashings of 'moist' tweets now! :-d
6598,holdout,user do texts use data? she was inundated by a group text yesterday.
6601,train,user brother you don't want my friendship-you want to add your commercials on my posts. frankly i'm inundated with this crap daily.
6602,train,user user thanks! i know you all get inundated. have a good one!
6603,train,user perhaps you should change you name to yahoo doesn't care. are you so inundated with complaints that you cannot respond to me??
6604,val,let people surf! hi is no waimea bay. it's not like the beach is or ever will be inundated with surfers url
6605,train,fb page of bushman safari's zimbabwe the company that palmer used 2 kill cecil is inundated with negative commentes url
6607,val,kids are inundated with images and information online and in media and have no way to deconstruct. - kerri sackville hashtag tms7
6608,train,user i'm amazed you have not been inundated mistress.
6610,holdout,user that sounds like the perfect bread! i'll hit up trader joes this wknd ??. not really lol already being inundated with
6611,train,listening to my grandad talk about his holiday is great but i don't want to be inundated with train photos ????
6613,train,user user you'll be inundated with gifts of banana malt loaf now ?? hashtag worm
6614,train,as a result of heavy rains in hashtag bangladeshaffected lands are inundated by flood waters-land looks like rivers at high tide hashtag bangladeshflood
6616,train,user probably being inundated with this question now but who's coming to creamfields??? (please say all 3) hashtag mainstage
6617,train,user user can see you and inundated atm so just wanted to say well done. you are doing a grand job hashtag kro
6619,train,inundated with westeros between storm of swords as a book on tape & finishing s5 of game of thrones i don't know my starks from my greyjoys.
6621,train,myanmar's president urged people to leave a low-lying southern delta region on thursday with rain water that has inundated much of the counû_
6622,train,user you would get inundated!!
6624,val,this is set to become a huge one month wonder. (and then pornhub will be inundated....) url
6625,train,inundated with employee holiday request paperwork? our cloud based hr software user will help simplify your staffing logistics.
6626,train,brace yourself user by sunday evening you will inundated with thousands of calls from depressed user fans url
6627,train,user as you can imagine we're inundated with requests each week for samples & as much as we'd love to be able to send sweets 1/2
6628,train,user pfft! i wish i had a bot like that. instead i'm daily inundated with 140 characters of the same unhinged machismo bullshit.
6629,holdout,hashtag tech data overload: the growing demand for context and structure: in a world inundated with information... url hashtag news
6630,train,[withering] to death. is an album found when he [undermine]d his backyard because his cat [inundated] the floor [mustering] cat food.
6631,train,user and suddenly i'm inundated with research. user
6632,train,already expecting to be inundated w/ articles about trad authors' pay plummeting by early next year but if this is true it'll be far worse
6634,train,user you're correct it is coming from both sides. maybe i'm just friends on fb w more rep so my feed is inundated w false claims...
6635,train,megalpolis area petting party shiver fear instant .... global inundation overflow was commencement write ?? ?
6636,train,user there are a few reasons for that but one of them is the constant drake inundation. extremely annoying. if drake lands us a
6637,train,oh no. the boots & hearts social media inundation is starting . please no
6638,train,potential storm surge flooding map by national hurricane center url url
6642,train,punjab government flood relief platform: url realtime information on inundation damages rescue efforts & travel alerts
6643,val,well unfortunately for my followers stage pics came in today. advanced apologies for the inundationû_ url
6644,train,user plus you're well out of the inundation zone amirite?
6646,train,sorry but that mousse inundation was fuckin hilarious url
6647,train,beyond all bounds; till inundation rise
6648,holdout,sprinklers: faq about lawn inundation systems answered ebb
6649,train,user caught in a landslide
6653,val,.sink holes earth slides and avalanches>> url hashtag allah hashtag islam hashtag sinkhole hashtag landslide hashtag avalanche hashtag usa hashtag france hashtag uk hashtag usgs hashtag emsc
6654,train,user user when did a 12 seat majority with 36% of the vote become a landslide?
6655,val,user you fucking better berlatsky. if i don't win this fucking thing in a landslide i'm holding you personally fucking responsible.
6656,train,landslide (live) by fleetwood mac hashtag nowplaying hashtag q99
6658,train,army veteran fears loose rocks from dundee landslide could kill him at any moment: he has faced a hail of bulletsû_ url
6660,val,hashtag landslide! trump 25.5% bush 12.5% url via user user
6661,train,inbounds/ out of bounds: while many picked the nats to win the nl east in a landslide they currently sit 2... url
6662,train,user enjoy the impending landslide todd. hehe.
6663,val,11:30bst traffic: a10>paris a40 geneva a7 mons a1 hamburg a2>hanover a5 karlsruhe gotthard n/b url
6664,train,my lifelong all-time favorite song is 'landslide'. this song has gotten me through a lot of though times &... url
6665,train,speaking of memorable debates: 60-second know-it-all: ronald reagan's landslide romp on election day in 1980 m... url
6667,train,user user a capitalist would win biggest landslide in history people who haven't voted in years even old school dems would elect him.
6668,train,latest: landslide kills three near venice after heavy rain url
6669,train,freebesieged: .martinmj22 yougov which 'hashtag tory landslide' ... you can't possibly mean the wafer-thin majority of hashtag gû_ url
6670,train,now playing: landslide by smashing pumpkins url hashtag 89x
6672,train,got it winning by a landslide those the perfect words cause i got it out the mud.....
6675,train,dundee news: army veteran fears loose rocks from dundee landslide could kill him at any moment url
6676,train,so cool user in the news! cutest indot worker but i might be a little bias ?? url
6678,train,user user you just keep ur head in the sand john. the best place for it. lbr after 97 landslide. couldnt imagine situ now
6679,holdout,method in contemplation of incident an leading bridal landslide: wiwnpfxa url
6681,holdout,being stuck on a sleeper train for 24 hours after de-railing due to a landslide was most definitely the pit of the trip
6682,train,'since1970the 2 biggest depreciations in cad:usd in yr b4federal election coincide w/landslide win for opposition' url
6683,val,hashtag flashflood causes hashtag landslide in gilgit hashtag pakistan damage to 20 homes farmland roads and bridges hashtag 365disasters url
6686,train,italy: three dead after landslide in the italian alps: url via user
6687,train,so when you're caught in a landslide i'll be there for you and in the rain give you sunshine i'll be there for you
6688,holdout,hashtag landslide while on a trip in hashtag skardu url
6689,train,listen to landslide by oh wonder hashtag soundcloud url
6690,val,user democrats restricted blacks from voting. in 48' landslide lyndon johnson won senate election by 67 votes of dead people in texas!
6693,train,this govt of hubris has small maj yet acts as if it has a landslide. opposition req'd with vision rigour & hunger to serve this democracy.
6694,holdout,*nominates self but user wins by a landslide* url
6695,train,landslide kills three near venice after heavyåêrain url
6697,holdout,user user user joe ur so smart u should run 4 president ur perfect !the american people love assholes u'd win by a landslide
6699,train,perfect night for a soak! lava here i come?? url
6700,train,seriously these two tracks (one new one old) are amazing. fond memories with tears. url url
6701,train,imagine a room with walls that are lava lamps.
6702,train,the sunset looked like an erupting volcano .... my initial thought was the pixar short lava url
6703,val,my hands are cold but my feet are warm. that's where i keep my lava
6706,train,user lava blast & power red hashtag pantherattack user user
6707,train,neighbor kids stopped to watch me play disney's i lava you song on my uke. left as i got into journey's don't stop believing hashtag kidsthesedays
6708,holdout,user user so she puts on a different face for you ?? her heart broke after buying me lava cakes smh
6709,train,i may have gotten a little too exited over my (home made) lava lamp. through source url url
6711,val,lava dragon breeder! i just bred a lava dragon in dragonvale! visit my park to check it out! url
6712,train,waiting for my chocolate lava cakes to get here ??????
6714,train,contemplating going to chilis just to get a molten lava cake ....??
6716,holdout,'i may have gotten a little too exited over my (home made) lava lamp.': url url
6719,train,lava cakes are my fav.
6721,train,i lava you ?????? url
6722,holdout,user lava blast & power red user user hashtag pantherattack
6723,train,i liked a user video from user url minecraft ps4 - 3 x 2 lava door - how to - tutorial ( ps3 / xbox
6724,val,url son of savior lava video
6725,train,deal of the day : url brand new dserialpcilp lava computer pci bus dual serial 16550 board hashtag eû_ url
6726,train,bleachers' entire set has been one big game of the stage is lava url
6727,holdout,i lava you! ????
6729,val,check out my lava lamp dude ???? url
6730,train,shark boy and lava girl for the third time today. i guess this is what having kids feelings like. ??????
6731,holdout,user lava blast dan power red hashtag pantherattack user user
6734,train,i lava you.
6735,train,a river of lava in the sky this evening! it was indeed a beautiful sunset sky tonight. (8-4-15) url
6736,val,user 4. lava blast power red hashtag pantherattack
6737,train,there is a hashtag baby in oliver's hashtag swim class that cries the entire class. it's like his hashtag parents are hashtag waterboarding him or dipping him in hashtag lava
6738,train,let's play the floor is lava but instead of just the floor let's play with the whole world and never get out of bed url
6742,holdout,check this deal : url sivan health and fitness basalt lava hot stone massage kit with 36 pieceû_ url
6744,holdout,user lava you.?? quit actin up
6745,holdout,user lava blast dan power red hashtag pantherattack user user
6746,holdout,i wish that the earth sea and sky up above would send me someone to lava????
6748,train,i tried making a chocolate and peanut butter lava cake using my hashtag shakeology protein shake mix and aû_ url
6749,train,thunder and lightning possible in the pinpoint foothill forecast. url
6751,train,dogs lightning reshapes rocks at the atomic level - a lightning strike can reshape a mineral's crystal structure ... url
6754,train,what you gonna do now puppies?! no more destroying my hashtag iphone lightning cables! url
6756,val,the lightning out here is something serious!
6757,train,couple storms near guthrie ok. leaving norman for an evening lightning op. hashtag okwx url
6758,train,nws says thunderstorms with deadly lightning will move across the black hills this evening. that assumes there's a safe type. hmm?
6759,train,phones offers >> url hashtag 034 8-pin lightning connector 2.1a car charger for apple 5 5s 5c 6 6+ ipû_ url
6760,train,user it rained. some guys tree hit by lightning and some jackholes drove onto flooded streets.
6762,train,expect gusty winds heavy downpours and lightning moving northeast toward va now. url
6764,holdout,science daily: lightning reshapes rocks at the atomic level - a lightning strike can reshape a mineral's crystal s... url
6765,train,icaseit - mfi certified lightning cable - 1m url url
6766,train,don't blink ?? won't see the lightning take the w ?? url
6767,train,wolforth with a two-out single up the middle. fourth hit of the night for altamonte springs.
6769,holdout,user thanks thanks :3
6772,train,heavy rain gusty winds and vivid lightning moving east through the triad now. url
6773,train,lightning causes six new fires on vancouveråêisland url
6774,train,expect gusty winds heavy downpours and lightning moving northeast toward va now. url
6775,train,world war ii book lightning joe an autobiography by general j. lawton collins url url
6776,val,dry thunderstorms with lightning possible in the pinpoint valley forecast. url url
6779,train,. user shuts the door on the boom in the bottom half. hashtag lightning coming up in the top of the eighth.
6781,train,hashtag nowplaying 'the lightning strike' de snow patrol de a hundred million suns ? url
6783,train,user i am being subjected to unwarranted sexual conversation.
6784,train,user you really have activity directory? :p
6785,holdout,yeah tonight i ride the lightning to my final resting place ??????
6787,train,cell phone shop : url hashtag 629 8-pin lightning connector 2.1a car charger for apple 5 5s 5c 6 6+ iû_ url
6788,train,world war ii book lightning joe an autobiography by general j. lawton collins url url
6789,holdout,lightning strike in the distance via /r/pics url hashtag pics
6790,train,some crazy lightning outside
6792,train,corey robinson having some solid reps at rt although as i type this he got beat on lightning dip by t. walker
6793,train,lightning strike in the distance via /r/pics url hashtag pics url
6794,train,check out this amazing footage of lightning filmed while lifting off from chicago... url url
6795,train,check this out! lightning reshapes rocks at the atomic level url hashtag scichat hashtag science
6796,val,'when you walk away nothing more to say see the lightning in your eyes see û÷em running for their lives'
6799,train,kabwandi_: breaking news! unconfirmed! i just heard a loud bang nearby. in what appears to be a blast of wind from my neighbour's ass.
6800,train,tkyonly1fmk: breaking news! unconfirmed! i just heard a loud bang nearby. in what appears to be a blast of wind from my neighbour's ass.
6801,val,hashtag actionmoviestaughtus things actually can explode with a loud bang...in space.
6802,train,user user [loud groaning] let us bang.
6804,train,ercjmnea: breaking news! unconfirmed! i just heard a loud bang nearby. in what appears to be a blast of wind from my neighbour's ass.
6806,train,user --head. it hit the wall behind him with a loud bang. 'language!' drake shouted at him before getting up. 'i'm going out stay--
6807,holdout,kotolily_: breaking news! unconfirmed! i just heard a loud bang nearby. in what appears to be a blast of wind from my neighbour's ass.
6808,train,tarmineta3: breaking news! unconfirmed! i just heard a loud bang nearby. in what appears to be a blast of wind from my neighbour's ass.
6809,train,shawie17shawie: breaking news! unconfirmed! i just heard a loud bang nearby. in what appears to be a blast of wind from my neighbour's ass.
6810,train,there was a loud bang outside earlier and i check to find my dad on the floor after the chair he was sitting on broke url
6811,train,who the fuck plays music extremely loud at 9am on a tuesday morning?? bruv do they want me to come bang them??
6813,train,tianta_: breaking news! unconfirmed! i just heard a loud bang nearby. in what appears to be a blast of wind from my neighbour's ass.
6814,train,nearly had a heart attack just now; loud bang against window next to meû_turns out it was two birds flying into the glass.
6815,train,hashtag auspol can you see the resemblance between abbott & campbell both are loud and came in with a big bang!! out the same way; lets see !
6817,train,the chick i work with chews chewing gum so loud ?? feel to bang her
6819,holdout,nikoniko12022: breaking news! unconfirmed! i just heard a loud bang nearby. in what appears to be a blast of wind from my neighbour's ass.
6820,val,what the fuck was that. there was a loud bang and a flash of light outside. i'm pretty sure i'm not dead but what the hell??
6821,holdout,user strange loud impact bang noises under train to epsom about to arrive hashtag wimbledon
6823,train,jrowah: breaking news! unconfirmed! i just heard a loud bang nearby. in what appears to be a blast of wind from my neighbour's ass.
6824,train,k_matako_bot: breaking news! unconfirmed! i just heard a loud bang nearby. in what appears to be a blast of wind from my neighbour's ass.
6828,holdout,i was peacefully sitting in my room and i heard this loud bang of something falling
6830,val,kijima_matako: breaking news! unconfirmed! i just heard a loud bang nearby. in what appears to be a blast of wind from my neighbour's ass.
6832,val,matako_3: breaking news! unconfirmed! i just heard a loud bang nearby. in what appears to be a blast of wind from my neighbour's ass.
6833,val,it's was about 2:30 in the morning&i went downstairs to watch some telly&i accidentally made a loud bang&my dad(who has a broken leg)walked-
6834,train,ykelquiban: breaking news! unconfirmed! i just heard a loud bang nearby. in what appears to be a blast of wind from my neighbour's ass.
6835,holdout,user -a loud bang. he froze on the spot as slowly every head turned towards him. one of the things he hated the most was to be -
6837,val,daviesmutia: breaking news! unconfirmed! i just heard a loud bang nearby. in what appears to be a blast of wind from my neighbour's ass.
6839,train,user he was ;-; like he was singing so loud ;-;
6841,val,moved on to 'bang bang rock and roll' by user . it's been too long since i've played this one loud. art brut top of the pops.
6843,train,st steel coffee cafetiere exploded this am with loud bang hot coffee & grounds shot over table clean crockery phone tablet. how?
6844,train,matako_milk: breaking news! unconfirmed! i just heard a loud bang nearby. in what appears to be a blast of wind from my neighbour's ass.
6845,train,need to work in an office i can bang all my fav future jams out loud
6847,train,colnharun: breaking news! unconfirmed! i just heard a loud bang nearby. in what appears to be a blast of wind from my neighbour's ass.
6848,train,i don't laugh out loud at many things. but man i really lol @ the big bang theory.
6849,train,user it was... nagaski another act of mass murder sanctioned and forgiven cause the allies won... not by me.
6850,val,user it's not an 'impulse' and it doesn't end in mass murder. correlation does not imply causation.
6852,holdout,user you up to commiting mass murder tonight?
6854,train,the media needs to stop publicizing mass murder. so many sick people do these things for the eyes of the world & the media is not helping.
6855,train,user iit may logically have been the right call... maybe... but it's an act of mass murder and i can't sanction it.
6857,train,we have different moral systems. mine rejects the mass murder of innocents yours explicitly endorses such behavior. url
6858,train,user mass murder here we come
6860,train,rt owenrbroadhurst rt juanmthompson: at this hour 70 yrs ago one of the greatest acts of mass murder in world histû_ url
6861,train,if abortion is murder then blowjobs are cannibalism and masturbation is mass genocide.
6862,train,user that's where the concentration camps and mass murder come in. every. fucking. time.
6863,train,user user what if he committed a mass murder?
6864,train,user user cruise industry supports mass murder of whales in hashtag faroe islands!! 'everything the (cont) url
6867,train,hiroshima - one of history's worst examples of mass murder url hashtag hiroshima hashtag war hashtag atombomb hashtag japan
6870,train,user has japan ever truly come to terms with devastation and mass murder of millions of chinese and others with traditional weapons?
6872,holdout,oh the usual. mass murder and world domination plans over coffee. how's your day going?
6874,holdout,url user do your passengers know about the mass murder that takes place in the hashtag faroeislands every year?
6875,val,user the utopian impulse inevitably ends in gulags and mass murder.
6876,train,urgent! save the salt river hashtag wildhorses! mass murder by the very ppl supposed to protect them? --> url user user
6877,train,this attempted mass murder brought to you by the obama administration url
6878,val,he made such a good point. white person comings mass murder labelled as criminal minority does the same thing... url
6879,val,url user please take the hashtag faroeislands off your itinerary until the mass murder of dolphins & whales stops.
6880,val,user we allow farrakhan to to challenge 10000 males to rise up & commit mass murder as he just did in miami? url
6881,holdout,url user do your passengers know about the mass murder that takes place in the hashtag faroeislands every year?
6882,train,the media needs to stop publicizing mass murder. so many sick people want the eyes of the world and the media... url
6883,train,user controlled murder is fine. mass murder to a crowd of undeserving people isn't. case closed.
6884,train,user i'm always up for mass murder
6885,train,user the mass murder got her hot and bothered but at heart she was always a traditionalist.
6890,train,user user sadly suicide by cop. wed 2pm @ dollar movie does not a mass murder make.
6892,train,user aurora theater shooting trial: gunman expected notoriety for mass murder and nothing else url
6893,val,hashtag debatequestionswewanttohear why does hashtag saudi arabia and hashtag israel get away with mass murder? hashtag wahhabism hashtag zionism
6896,val,okay not sure the word 'mass murder' applies during this war but it was horrendous none the less. url
6897,train,another white guy trying to mass murder people for no apparent reason just because let me guess he's mentally ill blah blah blah hashtag antioch
6898,train,hiroshima: 70 years since the worst mass murder in human history. never forget. url
6900,train,user hillary a mass murderer.
6903,train,kach was a group to which belonged baruch goldstein a mass murderer who in 1994 shot and killed 29 palestinianû_ url
6905,train,user i think we've only had like one black mass murderer in the history of mass murders white people do that shit.
6907,holdout,mass murderer che guevara greeting a woman in north korea url
6908,train,[creel:you must think i'm a real moron flag man! a brainless mass of muscle!] i do...but i don't think you're a mass murderer!
6909,holdout,hashtag gunsense answer to hashtag gfz's: break law on the minuscule chance a mass murderer shows up. url
6910,holdout,hashtag theatershooting defendant/mass murderer chose not 2 testify in final phase 3 so he won't therefore b subject 2 cross-exam or jury questions
6911,holdout,it's like god wants me to become a mass murderer with how many dickheads i have to deal with on a daily basis.
6912,holdout,user user fine line btw mass murderer and terrorist. yes we don't know if there's polit. or social aspect yet; however he went to a
6913,train,white people i know you worry tirelessly about black on black crime but what are you going to do about your mass murderer problem?
6914,train,user i look like a mass murderer in it
6915,holdout,. user something about kissing the ass of mass murderer doesn't sit right with me. user feels this is ok. url
6916,val,you happen to conveniently 'forget' about how you zionists revere and 'honour' mass murderer baruch goldstein. url
6917,train,seeing as how this person is a mass murderer and has like fbi cia grade equipment to do evil shit.
6918,train,hey hashtag movietheatre mass murderer wanna-be we don't play that shit in the hashtag 615!
6919,train,julian knight - user dismisses mass murderer's attempt to increase prisoner pay. challenged quantum of 5% increase 2013.
6920,val,user user hillary mass murderer.
6921,train,reminder: mass murderer and white supremacist anders breivik was also unsurprisingly an anti-feminist. url
6925,val,user step one: get that mass murderer's portrait off the yuan.
6926,train,if your friends really were your friends they'd support you regardless of your decisions. unless you become a mass-murderer or something
6928,train,user what do you take me for i'm not a mass murderer! just the one...
6929,train,happy boy to mass murderer url
6930,train,user if you take the suit off him i wouldn't be surprised to hear this is the face that belonged to another democrat mass-murderer
6931,holdout,has gun law ever dissuaded a potential mass murderer?
6932,train,another white mass murderer. thank god i live in california. url
6933,train,user lets hope it's a upper class white mass murderer....''' mmmm
6935,train,another white mass murderer. thank god i'm from california. user
6936,val,not only are you a mass murderer but at a movie theatre where niggas dropped bread to see a movie? cmon man.
6937,holdout,user user hillarymass murderer.
6939,holdout,nazi mass murderer became chairman at vaccine drug company in... url
6940,holdout,another white mass murderer. hashtag antioch url
6943,train,user and when will you be commenting on ian taylor's dealings with mass - murderer arkan?
6945,train,user user isis are orchs. but they don't have the ability to massacre civilians far from the frontlines like the tyrant.
6946,holdout,user parents of colorado theater shooting victim fear copycat massacre url hashtag antioch url
6948,train,uk police link tunisian beach massacre with bardo museum attack url
6949,train,baby elephant dies just days after surviving massacre of his family url
6950,holdout,user parents of colorado theater shooting victim fear copycat massacre url hashtag antioch url
6951,train,i just bought tickets to death bed / dude bro party massacre iii w/ user live at user ! url
6953,train,this friday!! palm beach county hashtag grindhouse series one night screening of hashtag texaschainsawmassacre url user
6954,train,user lotg smoothed out once blue bird and moth were caught and let go. chalked up mouse massacre to a subtle disney diss.
6955,train,3 years after the sikh temple massacre hate-violence prevention is key | user user url url
6956,train,massacre at hashtag sinjar : has the world forgotten the hashtag yazidi ? url #??_????_????? hashtag yazidi_shingal_genocide hashtag ezidigenocide
6959,holdout,colorado movie massacre trial jurors reach verdict on mitigating factors url url
6960,train,still uninvestigated after 50 years: did the u.s. help incite the 1965 indonesia massacre? url
6961,train,user user never dies a big crime like rabaa massacre as long the revolution is being observed. hashtag rememberrabaa
6962,val,bad day
6963,train,user are you serious?
6965,train,bestie is making me watch texas chainsaw massacre ????????
6966,train,petition/no medals for 1890 massacre justice for wounded knee killings of native americans! url url
6967,holdout,i see a massacre!!
6970,holdout,headed to the massacre bodies arriving everyday what were those shells you heard picking the bones up along the way
6971,train,user favourite youtube channel going right now. love everything you guys do and thank you introducing me to dude bro party massacre
6972,train,the fake of nanking massacre-4 eyewitnesses (english): url hashtag obama hashtag clinton hashtag bush hashtag gop hashtag abc hashtag cbs hashtag bbc hashtag cnn hashtag wsj hashtag wpo
6973,train,remember this was a massacre of civilians. hashtag hiroshima url
6974,train,don't mess with my daddy i can be a massacre. hashtag becarefulharry
6975,train,tunisia beach massacre linked to march terror attack on museum url
6977,train,user hey you guy's i stopped a massacre so you send the cops to my house to make this town permanently hate me wtf?
6978,train,user user then you have rise of coates charleston massacre walter scott and black twitter more broadly as well.
6979,holdout,review: dude bro party massacre iii url by patrick bromleythe title sa url
6980,train,user iof murdered over 513 palestinian children (70% under 12) during gaza massacre where was zionist morality-zionism is a world evil!
6981,val,sousse beach massacre linked to tunis museum attack url
6983,holdout,soap and education are not as sudden as a massacre but they are more deadly in the long run. -- mark twain
6984,val,tell user to rescind medals of 'honor' given to us soldiers at the massacre of wounded knee. sign now & rt! url
6985,holdout,user parents of colorado theater shooting victim fear copycat massacre url hashtag antioch url
6988,holdout,user parents of colorado theater shooting victim fear copycat massacre url hashtag antioch url
6990,train,user it's a well-known fact that the st valentine's day massacre could have been avoided with some 'oompah-period' tom waits.
6992,train,the martyrs who kept udhampur terrorists at bay averted a massacre: it was two youngû_ url spså¨
6994,holdout,is this the creepiest youth camp ever?. url
6996,train,beach reads in august hashtag giveaway hop & user is giving away any book in mayhem series! url
6998,train,user thank you! drove by the mayhem. how scary! -stacy
6999,val,slayer reflects on low mayhem festival attendance king diamond & jeff hanneman's passing url
7001,train,i guess ill never be able to go to mayhem...
7002,train,i liked a user video from user url gun range mayhem!
7005,train,user editor in chief user releases issue hashtag 7 url of hashtag ramag. hashtag fashion hashtag models and hashtag mayhem
7006,train,user i do it just seemed like the pages were out of order
7008,train,user editor in chief user releases issue hashtag 7 url of hashtag ramag. hashtag fashion hashtag models and hashtag mayhem
7009,train,tonight it's going to be mayhem @ hashtag 4playthursdays. everybody free w/ text. 1716 i st nw (18+) url
7010,train,mayhem is beautiful
7012,train,user are you reading right to left
7013,train,anyone else think that stephen sounds like andy dick when he gets excited? the difference being... i actually like stephen. hashtag masterchef
7015,val,hashtag nosurrender results: full metal mayhem world title match bully ray taken out a career comes to an end and more! url
7018,holdout,user well now i know lol
7019,train,hashtag tbt to that time my best friend and i panicked at the disco. url
7021,train,magic city mayhem: kissimmee adventures ? aug. 5 2015 url
7023,train,_ ?????retweet ??????? ?????follow all who rt ??????? ?????followback ??????? ?????gain with ??????? ?????follow ? user hashtag rt_4_a_mention hashtag ty
7024,train,user editor in chief user releases issue hashtag 7 url of hashtag ramag. hashtag fashion hashtag models and hashtag mayhem
7025,val,they are the real heroes... rip brave hearts... url
7026,train,the campaign: will ferrell and zach galifianakis commit comic mayhem in this hilarious political farce. 4* url
7027,train,tonight it's going to be mayhem @ hashtag 4playthursdays. everybody free w/ text. 1716 i st nw (18+) url
7029,train,asbury park shooting reported url via user
7030,val,i've seen lots ask about this mt user hashtag pitchwars i asked for magic realism but not fantasy. what's the diff? url
7031,val,slayer reflects on low mayhem festival attendance king diamond & jeff hanneman's passing url
7032,train,the best. mind is clear content and observations for days. url
7036,train,user editor in chief user releases issue hashtag 7 url of hashtag ramag. hashtag fashion hashtag models and hashtag mayhem
7037,val,user bit of both. going to venture out once i've chosen suitable music for the mayhem...
7039,train,breaking: authorities respond to ocean fire url
7043,train,i liked a user video from user url gun range mayhem!
7044,val,hashtag nosurrender results: full metal mayhem world title match bully ray taken out a career comes to an end and more! url
7046,train,<meltdown of proportions commences i manage to calm myself long enough to turn the waters to hot and wait for the steam to cloud my vision-
7047,holdout,the straight bass dubloadz droppd when they opened @ meltdown had everyone meelllttting url
7048,train,deepak chopra's epic twitter meltdown url
7050,holdout,the ol' meltdown victory for the mets.
7051,val,user 'a simple meltdown!' areva have you ever seen an out of control kid?
7052,train,user user user meltdown mwednesday
7053,train,user im sorry for my meltdown last night lmao but i'm getting my tooth fixed friday ??????????????????????????????????
7054,train,one of these candidates is going to have a frank grimes level meltdown with how voters love trump no matter what. url
7056,train,i had a meltdown in demi's instagram comments url
7058,val,user have a meltdown he noticed you
7059,val,whenever i have a meltdown and need someone user is always like 'leaving in 5' and i don't know how i got so lucky hashtag blessed
7060,holdout,looks like it may have been microsofts anti virus trying to update causing the meltdown
7061,train,dfr ep016 monthly meltdown - on dnbheaven 2015.08.06 url hashtag drum and bass hashtag heavy hashtag nasty url
7063,train,the global economic meltdown is out! url stories via user user user
7065,train,user most respected in world best job recovery g7 and g20 best led during 2008 world meltdown what exactly have you done ??
7068,train,user user omg i remember the meltdown the day i did her hair like elsa and not anna.... ohhhh the horror!!! lol hashtag tangletalk
7069,train,user i had my meltdown yesterday. i'm going to miss you so much. you are forsure my dtb for life. when i get back watchout ??
7070,train,why must i have a meltdown every few days? ??
7071,train,user i really can't believe he is skipping out before the republican meltdown...i mean 'debate'.
7073,train,commoditiesåêare crashing like it's 2008 all over again url via user
7074,holdout,a back to school commercial came on and my sister had a meltdown. ??????????
7075,train,?? ice age: the meltdown
7076,holdout,url e-mini sp 500: earnings letdown equals market meltdown! url hashtag amazon
7077,train,def louis is tired plus the meltdown of fans when he confirmed he's a dad but some fans are reaching making conclusions and stuff
7078,val,ever since my facebook hashtag mets meltdown after the padres fiasco- mets are 6-0. you're welcome
7080,train,currently: uncontrollable meltdown number 2
7081,train,pam's barry island wedding meltdown ??????????
7086,val,user user people near meltdown comics who have free time to wait in line on sunday nights are not a representative sample. hashtag 140
7088,train,meltdown
7089,val,have you read this awesome book yet? the two trillion dollar meltdown url
7091,train,byproduct of metal price meltdown is a higher silver price url
7092,val,president barack obama has on air meltdown over opposition to iran nuclear deal url via user
7093,val,lol warthen in the midst of bullpen meltdown reaching for double bubble. hashtag mets
7095,val,hashtag 3: titan warriorcord 100 feet - authentic military 550 paracord - mil-c-5040-h type iii 7 strand 5/16' di... url
7097,train,user then find cougars who look like her even better if they're in military uniform!
7098,train,russian hashtag ushanka hashtag winter hashtag military fur hat (xl61-62) with soviet badge link: url url
7104,val,senator 'alarmed' by reports u.s. military families harassed: a u.s. senator said on wednesday he was alarmed byû_ url
7105,train,user thank you for understanding the gov. only tells us about 5% of whats really going on i have military house & cia connects !!!
7106,val,user for the people who died in human experiments by unit 731 of japanese military url url
7108,train,mike magner discusses a trust betrayed: url via user hashtag military hashtag veterans hashtag environment
7109,holdout,hat hashtag russian soviet army kgb military hashtag cossack hashtag ushanka link: url url
7111,train,user us military and nato are fighting talibans too
7112,train,army names 10th mountain units for iraq afghanistan deployments (deeds) url
7114,train,ford : other military very nice m151a1 mutt with matching m416 trailer - full read by ebay url url
7115,train,thank you senator user for your leadership on hashtag irandeal our military deserves nothing less. thank you!! url
7116,train,mike magner discusses a trust betrayed: url via user hashtag military hashtag veterans hashtag environment
7118,train,i strongly support our military & their families just not the cock suckers in dc they work for
7120,val,user for the people who died in human experiments by unit 731 of japanese military url url
7121,train,13 reasons why we love women in the military - lulgzimbestpicts url url
7122,holdout,online infantryman experimental military training tutorials shower down upon assertative intelligence as regard...
7124,val,user for the people who died in human experiments by unit 731 of japanese military url url
7125,train,how do you call yourself a base conservative when u think it's okay 2 duck military service & contribute thousands 2 hashtag hillaryclinton 2012?
7126,val,we're hashtag hiring! read about our latest hashtag job opening here: registered nurse - call-in - military program - url hashtag nursing
7128,holdout,courageous and honest analysis of need to use atomic bomb in 1945. hashtag hiroshima70 japanese military refused surrender. url
7129,train,13 reasons why we love women in the military - lulgzimbestpicts url url
7130,train,listen live: url hashtag author hashtag interview beth underwood of hashtag gravity on hashtag military hashtag mom hashtag talkradio
7131,train,user user user fingers crossed that there will be a driver from hendricks in military hospitality w/ user !
7132,train,13 reasons why we love women in the military - lulgzimbestpicts url url
7134,train,13 reasons why we love women in the military - lulgzimbestpicts url url
7135,val,user for the people who died in human experiments by unit 731 of japanese military url url
7136,train,lot of 20 tom clancy military mystery novels - paperback url hashtag tomclancy
7137,val,user for the people who died in human experiments by unit 731 of japanese military url url
7138,val,i remember when i worked at mcdonalds i use to be hours late because we used military time and i use to mess up when i had to be there :/
7140,train,pakistan supreme court oks military courts to try civilians: the supreme court ruling would empower the milita... url
7141,train,bad news for us: china russia bolstering military cooperation in asia / sputnik international url via user
7142,train,study: wider variety of therapies could help vets troops with ptsd | url url via user
7144,train,the mofo in dc will leave our military unarmed to be gunned down by terrorist & a lot worseits not their sorry asses
7146,holdout,stu dorret's mudslide rubber tyre cake may have saved you hashtag gbbo
7147,train,'it looks like a mudslide!' and hashtag gbbo is back with a belter!
7148,holdout,sterling-scott on the red carpet at a fundraiser for 'oso mudslide' url url
7149,train,stu put beetroot in his cake and even lost to a mudslide
7150,holdout,user user i think the mudslide cake lady will go and the hipster will unfortunately stay.
7154,train,hope dorett's 'mudslide' cake wins?? hashtag gbbo
7155,train,'it looks like a mudslide' 'it's like chewing on rubber' hashtag gbbo ??????
7157,train,the 19 year old's smug face when dorret brings out her mudslide black forest gateau hashtag priceless hashtag gbbo
7158,train,user user user user user it's not pretty ??hashtag disaster hashtag gbbo hashtag mudslide
7159,train,looks like a mudslide and tastes like rubber oh how i love the bake off! hashtag britishbakeoff hashtag paulhollywood
7160,train,'it looks like a mudslide' poor thing! ?? hashtag greatbritishbakeoff
7161,holdout,god bless you and your mudslide cake dorret ????
7163,train,flood and mudslide warning for east fjords | iceland review url hashtag icelandreview via user
7164,train,someone split a mudslide w me when i get off work
7165,holdout,loved the opener and still feeling guilty for gasping and giggling at the mudslide - dorret we live you hashtag gbbo
7166,train,2 great new recipes; mudslide cake and so sorry stew! hashtag gbbo
7167,train,user i couldn't. hashtag mudslide
7168,val,hashtag gbbo the difference between paul and mary my dears paul: 'it looks like a mudslide' mary: 'i have a feeling it's going to taste great'
7169,train,dorette thats the name of the mudslide cake maker
7171,train,rt rabidmonkeys1: ah the unique mudslide cake ??hashtag gbbo url
7173,train,user looks like mudslide????
7174,train,user it's a mudslide. it's like chewing on a rubber tyre. and with those i'm done. hashtag vaginaorcake hashtag gbbo
7175,train,you've 100% fucked up when paul says your cake looks like a 'mudslide' and tastes like 'rubber'
7176,train,first impressions: glad hat man is leaving in lieu of more interesting ladies. hope mudslide lady triumphs next week.
7178,train,user ooh now i feel guilty about wishing hatman out. i bet the mudslide was delicious!
7179,train,user a mudslide?
7180,train,british bake off was great pretty hilarious moments hashtag mudslide
7183,train,user hashtag mudslide... nuff said hashtag gbbo
7184,train,oso washington mudslide response interview ûò part 1 url
7185,holdout,hashtag bakeofffriends the one with the mudslide
7186,train,he called it a mudslide aw
7187,holdout,user rubber mudslide! still laughing!
7188,val,hashtag bakeofffriends hashtag gbbo 'the one with the mudslide and the guy with the hat'
7191,train,when bae soak you in mudslide at backroom???? hashtag thisiswhywecanthavenicethings url
7192,train,her cake looks like a mudslide hah
7193,train,first time getting into hashtag gbbo2015 and physically gasped at the cake 'mudslide' incident already way too emotionally invested...
7194,val,user even the one that looked like a mudslide?
7195,train,she's a natural disaster she's the last of the american girls ??
7196,val,'up to 40% of businesses affected by a natural or man-made disaster never reopen' url
7197,train,user they're refugees: 'people who have been forced to leave their country in order to escape war persecution or natural disaster'
7198,val,on the sneak america has us spoiled. a natural disaster will humble niggas.
7199,holdout,raì¼l sends a message of condolence to vietnam following natural disaster url
7201,train,user lol natural disaster/hospital crisis something is needed to get rid of some cast members....
7202,train,rationing of food and water may also become necessary during an emergency such as a natural disaster or terror attack.
7203,train,some people are really natural disaster too
7204,train,what natural disaster are you when you get angry? url
7205,train,coming later this year~ 'the man that tattooed women.' a novel based on a real serial killer from hashtag arkansas & a natural disaster. hashtag nola
7206,train,raì¼l sends a message of condolence to vietnam following natural disaster: on behalf of the cuban government an... url
7208,train,user make natural disaster reporting more interesting by adding 'the' to headlines such as 'rescuers are sifting through the wreckage'
7210,holdout,expert prepper: financial collapse natural disaster failed grid... url url
7211,train,rise up like a natural disaster we take the bat and then we take back the town????
7213,val,its only getting colder and colder and faster and faster and when i first realized it it was like a natural disaster
7214,train,anyway 2 me? mateo just doesnt exist? hes a mirage a pointless addition to our generation. a human natural disaster. im sorry but its true
7215,train,natural disaster ûò news stories about natural disaster - page 1 | newser url
7218,train,and you're loving me like water slipping through my fingers such a natural disaster love
7221,val,i added a video to a user playlist url natural disaster survival - hug by a guest!! on roblox
7223,holdout,this is the natural and unavoidable consequence of socialism everywhere it has been tried. url a
7224,train,suncorp net profit rises to $1.13 billion in worst year of natural disaster claims url
7226,train,of course the one day i have to dress professionally aka unsensibly for class is the day i have try and outrun a natural disaster!
7227,train,*books a flight to burma when country is enduring political unrest and a natural disaster* no wonder it was so cheap ay
7228,train,user hashtag askconnor if you were a natural disaster what would you be?
7229,train,we have overrun a natural disaster survival server!
7230,holdout,this is the natural and unavoidable consequence of socialism everywhere it has been tried. url e
7231,val,top insurer blasts lack of australian govt action on disaster mitigation url via user
7232,val,hello natural hazards/disaster recovery & emergency management ppl can u recommend good hashtags to follow or send me links of good reads?
7234,val,user a world in which people aren't dying from natural and supernatural disaster and war most likely.
7235,train,savings and sewing in guatemala: savings and sewing in guatemala. when a natural disaster hit seamstress elvia... url
7236,train,patriot survival guide: do you know how survive when the governments collapse or other natural disaster happens? url
7241,train,this is the natural and unavoidable consequence of socialism everywhere it has been tried. url f
7242,train,what natural disaster are you when you get angry? url
7244,train,is your team ready for a natural disaster a violent client or power outage? contact ready vet to design... url
7247,train,beforeitsnews : 3 former executives to be prosecuted in fukushima nuclear disaster û_ url url
7248,train,alarming rise in dead marine life since the hashtag fukushima nuclear disaster: url url
7250,holdout,nuclear deal disaster. hashtag irandeal hashtag nonucleariran hashtag badirandeal user user url
7251,train,if i tweet daily hashtag fukushima hashtag japan global nuclear disaster& hashtag chernobyl ppl dont care there is no hope 4 humanity c> url
7252,train,?hashtag fukushima?hashtag tepco? fukushima nuclear disaster | increased thyroid cancer in hashtag us - integrative cancer answers url
7253,train,though serious hashtag natural hashtag disaster increased in hashtag japanjapan hashtag nuclear safety standard is far inferior to hashtag us standard.hashtag anonymous hashtag nytimes
7254,train,physical sense helps preserve memories of 2011 triple disaster (8/4 ajw) url hashtag jishin_e hashtag nuclear hashtag minamisoma
7255,train,url another disaster waiting to happen and your allowing it???
7256,train,user then have the biggest nuclear disaster to ever have happened
7260,train,hashtag obama signed up to a deal that far from making the world a safer place url via user hashtag iran hashtag nuclear hashtag irannucleardeal
7261,train,3 former executives to be prosecuted in fukushima nuclear disaster url
7264,train,user can we have a public vote for the next annual village disaster? i want an isis strike or a nuclear accident & end this forever
7265,train,3 former executives to be prosecuted in fukushima nuclear disaster url
7266,holdout,fukushima nuclear disaster | increased thyroid cancer in u.s. url
7267,train,the people who tweet and care about hashtag japan hashtag fukushima nuclear disaster are not the problem those who ignore are the problem.
7268,holdout,we want to see no more hiroshima and nagasaki nuclear bomb disaster in this beautiful world.lets be peaceful & save this human civilization.
7270,train,hashtag japan hashtag fukushima the most serious man made disaster in human history... ûïa marker of radiation brain damageû url
7272,holdout,hashtag refugees of hashtag nuclear disaster in western hashtag japan will be beyond 500 thousand at least. hashtag afp hashtag guardian hashtag wps hashtag nytimes
7274,train,3 former executives to be prosecuted in fukushima nuclear disaster url
7275,train,user trump can say nice things about nuclear power but 'drill baby drill!' + agw denial = policy disaster for nuclear power.
7277,train,closing their eyes to disaster! state department unaware of reports iran is sanitizing nuclear sites url
7278,train,3 former executives to be prosecuted in fukushima nuclear hashtag disaster. the story: url via user
7280,train,any disaster impairs mental health especially in vulnerable individuals... url
7281,train,fukushima 'mutant vegetable' images sweep across the region two years after nuclear disaster url via user
7283,train,bombing hashtag iran would result in a never-ending game of hashtag nuclear whack-a-mole. here's why: url url
7285,holdout,fukushima: the story of a nuclear disaster url url
7286,holdout,the president spoke of kennedy's diplomacy to avert nuclear disaster during the cold war to bolster his own pitch for congress' approval
7287,train,573 deaths have been certified by the government as û÷nuclear disaster-related deaths'
7288,train,3 former executives to be prosecuted in fukushima nuclear disaster url
7289,train,70 years ago today 1945 hashtag hiroshima was the first nuclear atomic bomb leaving a major disaster in the wake. url
7290,train,if u care about life on land sea & in air then dont pretend & ignore the nuclear disaster in hashtag japan hashtag fukushima this is a hashtag global problem
7291,train,hashtag nuclear policy of hashtag japan without responsibility about nuclear hashtag disaster will repeat same hashtag failure. hashtag annonymous hashtag guardian hashtag nytimes hashtag reuters
7292,train,over half of poll respondents worry nuclear disaster fading from public consciousness url #hashtag fukushima
7294,val,chernobyl disaster - wikipedia the free encyclopedia don't you just love the nuclear technology it's so glorious url
7295,train,err:509
7296,holdout,check out this awesome profile on hashtag ge's swimming hashtag robot used in hashtag nuclear reactors! url hashtag innovation url
7297,val,finnish nuclear plant to move ahead after financing secured-> url
7299,val,global nuclear reactor construction market grew 4.5% between 2013 and 2014 url
7300,train,has an ancient nuclear reactor been discovered in africa? ûò your... url
7301,train,salem 2 nuclear reactor shut down over electrical circuit failure on pump: the salem 2 nuclear reactor had bee... url
7302,val,quick fact: no hashtag nuclear reactor has come into operation in the hashtag us for over 43 years. url
7306,train,us navy sidelines 3 newest subs - url defensenews.comus navy sidelines 3 newest subsd... url hashtag navy
7307,train,germany has 39 gigawatts of installed solar capacity _one gwatt is about equal to the capacity of a nuclear reactor. url
7309,val,us navy sidelines 3 newest subs url
7310,holdout,'nuclear reactor is like a woman. you just have to read the manual and press the right button.'
7311,val,nuclear reactor railguns would be a great way to deliver t1000s.
7312,val,user user crazy to use the netanyahu argument iran can flush a nuclear reactor down the toilet
7315,val,government under pressure to abandon plans to construct uk's first nuclear reactor for more than 20 year url
7316,val,nuclear-deal: indo-japan pact lies at the heart of two us reactor-based projects: if japan were to go ahead an... url
7317,train,nuclear hashtag solar power hashtag japanese hashtag fukushima reactor energy japan temperature no. fuel pool more url url
7318,train,japan's restart of nuclear reactor fleet fast approaches url
7319,train,if i'm also not mistaken we're sitting right next 2 a nuclear reactor. not smart when we have a cataclysmic event & that reator melts down.
7320,train,user user i would cry in to my nuclear reactor cooling tank! hashtag winechat
7323,train,magnetic and electrostatic nuclear fusion reactor url
7324,val,user user user ...i'm no expert but raw uranium and nuclear reactor fuel rods are 2 very different creatures...
7325,val,finnish ministers: fennovoima nuclear reactor will go ahead via /r/worldnews url
7326,train,navy sidelines 3 newest subs url
7328,holdout,us navy sidelines 3 newest hashtag subs url
7329,train,rolling sandunes the gentle lapping of the sea the call of gulls and a nuclear reactor hashtag sizewell url
7330,train,finnish nuclear plant to move ahead after financing secured url via user
7331,train,us energy department offers $40mln for new nuclear reactor designs / sputnik international url
7332,train,a little filming inside a nuclear reactor at hashtag chernobyl user user user user user url
7334,train,salem 2 nuclear reactor shut down over electrical circuit failure on pump url
7335,train,finnish ministers: fennovoima nuclear reactor will go ahead url hashtag worldnews hashtag news hashtag breakingnews
7337,train,salem 2 nuclear reactor shut down over electrical circuit failure on pump - url url
7338,val,finnish ministers: fennovoima nuclear reactor will go ahead url
7340,train,aug. 5: the fort calhoun nuclear station is at 100% capacity today according to the nrc: url
7342,train,user user besides would you rather shut down a whole nuclear reactor for maintenance or a wind turbine at a time?
7343,train,hamptonroadsfor.me us navy sidelines 3 newest subs - url url
7344,train,a 17 year boy scout created a mini nuclear reactor in his home
7345,train,user user this makes sense. paper beats rock paper comes from wood so wood should be able to support and obliterate rock.
7348,train,the people's republic of china ( proc ): abandon the west philippine sea and all the ... url via user
7350,train,user to obliterate notion & pattern political style seemly lead voter beliefs sarcasm narcissism hashtag richhomeydon hashtag swag hashtag usa hashtag likes
7352,train,hashtag fun hashtag instagramers url jeb bush said earlier this week that not only does he want to obliterate planned parenthood buû_
7354,train,souda leave lady sonia alone or i shall obliterate you hashtag kneelbot
7355,train,user doesn't so lvg is forced into the market. may beat spurs and smaller teams with blind lcb. top 4/ cl teams will obliterate us.
7356,holdout,whereas jez will obliterate the national debt - and give lots of new benefits - by simply printing money! genius! url
7357,train,hashtag lol plymouth (û÷let's obliterate litter') url
7358,train,according to prophecy and also cnn a mac tablet will completely obliterate the need for other gadgets. combiningû_ url
7359,val,user i'm obliterate you to the shadow realm.
7360,train,gop debate tonight but no jon stewart next week to obliterate them ?? hashtag jonvoyage
7361,train,user think how spectacular it will look when the stonewall riots obliterate the white house.
7362,train,watch sarah palin obliterate planned parenthood for targeting minority women! ûò bb4sp url
7365,holdout,user how is this scum still alive obliterate this cancer
7366,train,wwe 2k15: universe mode - part 149 - obliterate!!: url via user
7367,train,time to obliterate this sin!
7369,train,know them recognize them......then obliterate them! hashtag gym hashtag gymflow hashtag gymtime hashtag team hashtag assassinsû_ url
7371,val,dc i love you but please obliterate power girl
7372,train,user good sir i did not wish to but now i am forced to. i must obliterate you
7373,val,user user focus on me is going to obliterate careers tea
7374,holdout,do you ever just want to obliterate an entire species off the face of the earth? i vote for mosquitoes
7377,holdout,someone teaching you that obedience will obliterate trials in your life is trying to sell you a used car. jesus's life blows that theory.'
7378,train,wondering if gold could gap up $50 on the jobs numbers tomorrow and just obliterate the shorts. a big player with guys could smash them
7380,train,it should be our duty to obliterate superstition from our society : swami agnivesh
7381,val,meek mill begging nicki minaj to let him obliterate... hashtag ovofest hashtag nowplaying url url
7383,train,world of warships makes me mad sometimes but it's soooo satisfying when you cross the t on a battleship and just obliterate it
7386,train,watch sarah palin obliterate planned parenthood for targeting minority women! ûò bb4sp url
7390,val,'but time began at last to obliterate the freshness of my alarm;...' url
7391,train,user i know what it means.it means i'll go on twitter and obliterate any chance of ever winning another election for pres.bad at math.
7392,train,watch sarah palin obliterate planned parenthood for targeting minority women! ûò bb4sp url
7393,train,'we are now prepared to obliterate more rapidly and completely every productive enterprise the japanese have above ground in any city.'
7395,holdout,user i played online last night and got my ass obliterated
7397,train,rizzo is on ???????? that ball was obliterated
7400,holdout,obliterated
7402,train,damnnnn $gmcr got obliterated -26% ;that should pay huge to whomever played accordingly
7403,val,air sunrays obliterated on its hairy head like a dried wire spiderweb
7405,train,i'm about to be obliterated
7407,train,user user watch cnn's the seventies terrorism episode. iran has always hated the u.s. they want us obliterated.
7408,holdout,me- don't bother calling or texting me because my phone is obliterated *has 7k missed calls and messages*
7410,train,wackoes like hashtag michelebachman predict the world will soon be obliterated by a burning firey inferno but can't accept hashtag globalwarming!! hello!!
7412,holdout,this the same dude that obliterated meek mill. dont judge a book by its cover. url
7413,train,drunk meals 101: what to cook when you're totally obliterated url
7414,train,user i came in! had he fucking moved his entire existence would've been obliterated.
7415,train,drunk meals 101: what to cook when you're totally obliterated url
7416,train,we destroyed the hashtag zimmerman fan club on twitter user and we obliterated renewsit reduced her to a sock acc. url
7418,train,user as a kid i remember hearing rules about 30 to 90 days wo a defense and you're stripped. brock obliterated that
7419,train,so it looks like my user profile shall be no more! nothing left to offer! dj mixes obliterated ?? hashtag byebyesoundcloud
7421,holdout,god the user are so cocky right now and i love it. uribe obliterated that ball then strutted the fuck out of the batters box...
7424,train,i was obliterated last night??
7425,holdout,wackos like hashtag michelebachman predict the world will soon be obliterated by a burning firey inferno but cant accept hashtag globalwarming!! hello!!!
7426,train,drunk meals 101: what to cook when you're totally obliterated url
7428,train,uribe just obliterated a baseball.
7430,val,user shtap! before your town is obliterated and the earth is salted t_t
7431,train,i can't wait to be beyond obliterated this weekend
7433,train,obliterated my phone screen today with a drum stick. hashtag blessed
7434,train,poway hcg diet- ensures mole obliterated whensoever nevermore comes above: sizygwwf
7437,train,user it's the closest structure to the hypo centre that wasn't completely obliterated.
7438,train,drunk meals 101: what to cook when you're totally obliterated url
7439,train,very glad that you got obliterated in x men first class. you fully deserved it after all user soz
7442,val,& on the rare occasion i do go out i'm complete obliterated the next day. throwing up and passing out. my body is accustomed to alcohol
7443,train,just absolutely obliterated a moth my new purchase is boss
7444,val,i think i'll get obliterated tonight
7446,train,kontrolled media say 'us good. putin bad. hashtag ww3 good peace bad'. total bs! leave russia alone. don't dice with obliteration. hashtag demonization
7447,train,this is interesting!--why did god order obliteration of ancient canaanites? url via user
7451,train,user i would say i'm dead but i'm not that right there was obliteration
7452,holdout,why did god order obliteration of ancient canaanites? url via user
7453,train,oh. hashtag teamhennessy hashtag nj obliteration user round 1 happy birthday user colombian festivalû_ url
7456,holdout,i need an arcade shooter fix but cte is empty & only running obliteration. i'd even buy a cod title if they weren't all overpriced on steam
7457,train,user you get me sis. this planet could do with a huge dose of obliteration.
7458,train,are people not concerned that after hashtag slab's obliteration in scotland hashtag labour uk is ripping itself apart over hashtag labourleadership contest?
7459,val,user user user user not if one side is set on obliteration of govt and the other on fixing it. that's too far
7461,val,why did god order obliteration of ancient canaanites? url
7463,holdout,user why only squad obliteration?
7465,val,why did god order obliteration of ancient canaanites? url
7467,train,back in 02 to 03 would never said that 50 would have ended ja like obliteration
7470,val,user there aren't many obliteration servers but i always like to play when there are :d
7473,train,what a win by kerry. 7-16..... hashtag obliteration
7474,train,user user the removal of all traces of something; obliteration.
7475,val,why did god order obliteration of ancient canaanites? url
7476,train,why did god order obliteration of ancient canaanites? url via user hashtag homosexuality is the downfall of a society.
7477,holdout,i added a video to a user playlist url gta 5 funny moments - 'obliteration!' (gta 5 online funny moments)
7478,train,there are no four truths-of pain of desire that is the origin of pain of the obliteration of that desire of the pain to that obliteration.
7479,train,alhaji putin is far from being a good person sha. at least i had front row seat to his complete obliteration of ibeto cement a competitor.
7480,train,dead space - obliteration imminent [2/2]: url via user
7481,train,which is true to an extent. the obliteration of white privilege would reduce unfair favoritism.
7482,train,does renovation mean obliteration? url hashtag entrepreneur hashtag management hashtag leadership hashtag smallbiz hashtag startup hashtag business
7488,holdout,for maximum damage! activate [big band mode] for old-timey obliteration!
7490,holdout,why did god order obliteration of ancient canaanites? url via user
7491,val,he is justifying why this quarrel would one day end in d obliteration of what remains as the state of pakistan. url
7493,train,fear is the mind killer. fear is the little-death that brings total obliteration. bene gesserit litany against fear dune user
7494,train,path of obliteration back from the dead story by user user url
7496,holdout,sb57 [new] deepwater horizon oil spill distribution of funds from bp settlement road and bridge projects in bal... url
7497,train,california oil spill might be larger than projected: url url
7498,train,refugio oil spill may have been costlier bigger than projected: a plains all american pipeline oil spill off ... url
7501,holdout,la times: refugio oil spill may have been costlier bigger than projected url
7502,train,'california: spring oil spill estimate grows ' by the associated press via nyt url
7503,train,refugio oil spill may have been costlier bigger than projected url
7504,train,refugio oil spill may have been costlier bigger than projected url
7505,train,refugio oil spill may have been costlier bigger than projected url
7507,train,refugio oil spill may have been costlier bigger than projected url
7510,train,refugio oil spill may have been costlier bigger than projected url
7512,train,sydney traffic hazard oil spill - bankstown stacey st at wattle st hashtag sydtraffic hashtag trafficnetwork
7513,train,plains all american pipeline company may have spilled 40% more crude oil than previously estimated hashtag ksbynews user url
7514,holdout,syd traffic hazard oil spill - bankstown stacey st at wattle st url
7515,train,watch our video of wendell berry speaking about the bp oil spill in the gulf of mexico. it's the birthday... url
7517,train,national briefing | west: california: spring oil spill estimate grows: documents released on wednesday disclos... url
7518,train,dtn brazil: refugio oil spill may have been costlier bigger than projected: a plains all american pipeline oi... url
7519,train,hannah: 'hiroshima sounds like it could be a place in china. isn't that where the oil spill was?'
7520,train,refugio oil spill may have been costlier bigger than projected url
7521,train,refugio oil spill may have been costlier bigger than projected (la times) url
7522,train,california: spring oil spill estimate grows: documents released on wednesday disclosed that an oil sp... url hashtag osi2016
7523,train,refugio oil spill may have been costlier bigger than projected url hashtag losangelestimes hashtag latimes hashtag news
7525,train,national briefing | west: california: spring oil spill estimate grows: documents released on wednesday d... url (nyt)
7526,train,plains all american pipeline company may have spilled 40 percent more crude oil than previously estimated.... url
7527,train,user can'twon't tell user how they'd respond to an oil spill. trust them? see sec 4.2 hashtag kamloops url
7528,train,news@@ refugio oil spill may have been costlier bigger than projected url
7529,train,user slicker than an oil spill
7530,train,plains: calif. oil spill could be larger than estimated. url
7531,train,refugio oil spill may have been costlier bigger than projected url
7532,train,refugio oil spill may have been costlier bigger than projected url
7533,val,user @ refugio oil spill may have been costlier bigger than projected url
7534,train,refugio oil spill may have been costlier bigger than projected url hashtag news
7535,train,refugio oil spill may have been costlier bigger than projected url | url
7536,train,news@ refugio oil spill may have been costlier bigger than projected url
7537,val,refugio oil spill may have been costlier bigger than projected url a plains all american pipeline oil spill off the sû_
7540,train,refugio oil spill may have been costlier bigger than projected url
7542,holdout,la times: refugio oil spill may have been costlier bigger than projected url
7543,holdout,senator voices concerns over bp oil spill settlement url
7544,train,'california: spring oil spill estimate grows ' by the associated press via nyt url
7545,train,families to sue over legionnaires: more than 40 families affected by the fatal outbreak of legionnaires' disea... url
7547,train,families to sue over legionnaires: more than 40 families affected by the fatal outbreak of legionnaires' disease in edinburgh are to ...
7548,train,families to sue over legionnaires: more than 40 families affected by the fatal outbreak of legionnaires' disea... url
7550,val,legionnaires' disease: what's being done to stop deadly outbreak url
7551,val,10th death confirmed in legionnaires' outbreak in south bronx; total cases reaches triple digits url
7552,train,more than 40 families affected by the fatal outbreak of legionnaires' disease in edinburgh are to sue two comp... url
7553,holdout,a mad catastrophe : the outbreak of world war i and the collapse of the... url url
7554,train,families to sue over legionnaires: more than 40 families affected by the fatal outbreak of legionnaires' disea... url
7555,train,wow-the name hashtag legionnairesdisease comes from an outbreak of pneumonia at the user convention in philly in 1976--29 died from it.
7556,train,'legionnaires' disease: what's being done to stop deadly outbreak' url #????_?????
7557,train,families to sue over legionnaires: more than 40 families affected by the fatal outbreak of legionnaires' disea... url
7558,train,families to sue over legionnaires: more than 40 families affected by the fatal outbreak of legionnaires' disea... url
7559,train,families to sue over legionnaires: more than 40 families affected by the fatal outbreak of legionnaires' disease in edinburgh are to ...
7560,train,families to sue over legionnaires: more than 40 families affected by the fatal outbreak of legionnaires' disea... url
7561,train,families to sue over legionnaires: more than 40 families affected by the fatal outbreak of legionnaires' disea... url
7563,train,families to sue over legionnaires: more than 40 families affected by the fatal outbreak of legionnaires' disea... url
7565,train,families to sue over legionnaires: more than 40 families affected by the fatal outbreak of legio... url hashtag muhamadjabal
7566,train,dtn italy: families to sue over legionnaires: more than 40 families affected by the fatal outbreak of legionna... url
7568,train,user let's try to do our best to prevent another outbreak of violence by talking to each other both the people and the politics
7569,train,families to sue over legionnaires: more than 40 families affected by the fatal outbreak of legionnaires' disea... url
7570,train,families to sue over legionnaires: more than 40 families affected by the fatal outbreak of legionnaires' disea... url
7571,holdout,new york city outbreak: what is legionnaire's disease? url
7573,train,families to sue over legionnaires: more than 40 families affected by the fatal outbreak of legionnaires' disea... url
7576,train,user where did you get that pic from where it shows that there is 2 trophies for outbreak? or did they photoshop it?
7577,train,families to sue over legionnaires: more than 40 families affected by the fatal outbreak of legionnaires' disea... url
7578,train,families to sue over legionnaires: more than 40 families affected by the fatal outbreak of legionnaires' disea... url
7579,train,families to sue over legionnaires: more than 40 families affected by the fatal outbreak of legionnaires' disea... url
7580,train,families to sue over legionnaires: more than 40 families affected by the fatal outbreak of legionnaires' disea... url
7581,holdout,8th person dies in ny legionnaires' disease outbreak url hashtag sebee
7582,train,legionnaires' disease: what's being done to stop deadly outbreak: the worst-ever outbreak of legio... url hashtag losangeles
7583,train,families to sue over legionnaires: more than 40 families affected by the fatal outbreak of legionnaires' disea... url
7584,holdout,families to sue over legionnaires' disease outbreak in edinburgh - bbc news url
7585,train,hashtag news families to sue over legionnaires: more than 40 families affected by the fatal outbreak of legionnaires'... url
7587,train,families to sue over legionnaires: more than 40 families affected by the fatal outbreak o... url hashtag news hashtag check hashtag follow
7588,train,families to sue over legionnaires: more than 40 families affected by the fatal outbreak of legionnaires' disea... url
7589,train,families to sue over legionnaires: more than 40 families affected by the fatal outbreak of legionnaires' disea... url
7590,train,an outbreak of legionnaires' disease in new york has killed at least 8 people ûó now officials think they've fo... url
7591,train,families to sue over legionnaires: more than 40 families affected by the fatal outbreak of legionnaires' disea... url
7593,train,an outbreak of legionnaires' disease in new york has killed at least 8 people user url url
7594,val,hashtag breaking 10th death confirmed in legionnaires' outbreak in south bronx; total cases reaches triple digits url
7595,train,tube strike = absolute pandemonium
7598,holdout,pandemonium in aba as woman delivers baby without face (photos).... url url
7600,train,element of freedom: the biggest party of the summer @ mirage saturday! tickets at url
7601,train,user place out. it was ex pars defender andy tod in full uniform. it was instant pandemonium. utter mayhem ensued!
7602,train,pandemonium in aba as woman delivers baby without face (photos) - url
7603,train,user i'm going to put the ffvii ones out at the weekend so i think pandemonium! (don't forget the exclamation mark) would be midweek.
7604,train,user would love to see a diablo map themed after places like westmarch or mt. arreat or pandemonium.
7605,train,user govt should pass the bills in the pandemonium. upa used to do it why cant nda?
7607,train,i'll be at sfa very soon....hashtag pandemonium url
7608,train,proud of you user for watching the hashtag copalibertadores and the argentinean pandemonium... url
7609,train,pandemonium in aba as woman delivers baby without face (photos) url
7610,train,hashtag pandemonium.iso psp url
7611,val,pandemonium use to be my fav cd ?? i had to get it url
7612,train,pandemonium in aba as woman delivers baby without face (photos) url
7613,train,pandemonium in aba as woman delivers baby without face (photos) - url
7614,train,world class tgirl ass 02 - scene 4 - pandemonium url
7616,train,hey all take a look at my review of 'pandemonium' & 'requiem' by lauren oliver. enjoy! url
7617,train,element of freedom at mirage saturday! 21+ ladies free before midnight!' url
7619,train,world class tgirl ass 02 - scene 4 - pandemonium url
7621,train,user mate they've taken another 2 since i posted this tweet it's pandemonium
7622,train,pandemonium in aba as woman delivers baby without face (photos) - url
7623,val,>> user shock in aba as woman delivers û÷faceless' baby [photo]: there was pandemonium... url hashtag bennycapricon
7626,train,pandemonium in aba as woman delivers baby without face (photos) - url
7627,train,user user user user on the christie hillside: game 4: pandemonium at the pits. url
7628,train,if she don't know bout that pandemonium album hashtag shestooyoung
7630,holdout,pandemonium in aba as woman delivers baby without face (photos) @... url
7631,train,exquisite asian in sto... url hashtag cumshot hashtag sex hashtag porn hashtag video hashtag porno hashtag free
7633,train,pandemonium in aba as woman delivers baby without face (photos) - url
7634,train,my workplace is going to be pandemonium when the season starts ??
7635,val,pandemonium in aba as woman delivers baby without face (photos) url url
7638,train,- pandemonium in aba as woman delivers baby without face url url
7639,val,cyclists it is pandemonium on the roads today. drive carefully!
7640,train,user probably a dead boring 1st hour and a half after the pandemonium of the last test..... hashtag justaguess
7641,train,photo: deadgirltalking: unfortunemelody: jaylenejoybeligan: tarynel: dredougie: santanico-pandemonium:... url
7642,train,pandemonium in aba as woman delivers baby without faceåê(photos) url
7643,val,truly a scene of chaos unprecedented in frenzy. pandemonium even. utter disorder. that anyone survived such mania is astounding. user
7644,holdout,url -pandemonium! playstation one ps1 retro classic original platform platinum rarehashtag deals_uk url
7645,train,it's don't panic
7647,train,obligatory middle of the night panic attack
7648,train,user i just though about panic! at the disco when i said that
7649,val,drake spokes rep for the raptors.beg to differ the other night when shots rang out at musik wasn't a goodlook.running in panic no fun
7650,train,the cool kids asked me if i wanted to hang out after school so i had a panic attack and had to go to the hospital hashtag autismawareness
7651,train,love it when jesse suffers a panic attack. url
7652,train,user when do u think yankees hit the panic button? hashtag troubleonmymind
7653,val,user here's part 2 of teamo supremo pogo panic! i want you make it better! ok! :) url via user
7654,train,is it time to panic now? url
7656,train,plane panic what kind of douchebag. bubble gum
7657,train,'if plan a does not work don't panic bc there are 25 more letters.' i like this but feel like i may be running out of letters- thoughts?
7659,train,i added a video to a user playlist url panic! at the disco: girls/girls/boys [official video]
7661,holdout,i just drove with both my parents in the car lmao that was a panic attack waiting to happen
7662,train,user just watching the streams was bad - i don't think i could actually walk in there i'd panic and get sick
7663,train,we was all just laughing and talking junk now everyone in panic mode
7668,train,the good thing is that the hashtag royals won't face a newbie in the playoffs. no real reason to panic.
7669,train,despite the crippling anxiety and overwhelming panic attacks i'd say i'm fairly well-adjusted.
7670,train,panic over: patient in alabama tests negative for ebola url
7671,train,i added a video to a user playlist url panic! at the disco: miss jackson ft. lolo [official video]
7672,val,every time i feel a new pain or strain in my body i panic because i need it for my career ??
7674,train,panic! at the disco is the best song by this is gospel (acoustic) url
7675,train,lose bus card. panic. kind bus driver. replace bus card. find bus card. headdesk.
7677,train,savs contact fell out but she was convinced it didnt & went on to guage her eyeball out & now shes having a panic attack over caused damage
7678,train,user *returns her* relax. you know i always return her so no need to panic. i just gave her some of those corn flakes. :p
7679,train,user user user i say concern but not panic. too many games left. and some games left against each other.
7680,val,user awesome thanks.
7681,train,user user user user user user user no panic from hashtag natsnation but concern for sure
7683,train,user looks like george was having a panic attack. lol.
7685,train,hashtag dream hashtag magic the hashtag linden method lite version - hashtag 1 anxiety panic cure program: url the lind url
7686,val,someone asked me about a monkey fist about 2 feet long with a panic snap like the one pictured to be used as a... url
7687,train,tomorrow's going to be a year since i went to the panic! concert dressed as afycso ryan do u guys remember that
7688,holdout,romantic dramatic but never panic original sensei write rhymes in the attic
7689,train,i added a video to a user playlist url panic! at the disco: collar full (audio)
7691,val,just had a panic attack bc i don't have enough money for all the drugs and alcohol i wanted to buy this year let alone my fall bills
7692,holdout,i had school today and i've already had a panic attack. thank you high school for sucking !!!
7693,train,panic attacks are the worst ????
7694,train,panic at the disco te amo
7695,holdout,have to laughtraders panicking over market down 1%. some see these as positive capitulation. that's a joke. more to come may be ugly
7696,holdout,user save the panicking for when you get to helios. ;)
7698,train,user yea but if someone faints why are they panicking?.. thats basic stuff ??
7699,train,okay i can't find it so i'm kinda panicking
7701,train,new post: 'people are finally panicking about cable tv' url
7702,val,i hear the mumbling i hear the cackling i got em scared shook panicking
7703,train,you made my mood go from shitty af to panicking af istg
7707,holdout,okay now i am panicking
7711,val,idm if you burn the whole gotham city bcs i'm just gonna laugh at everyone while theyre panicking.
7712,train,you certainly are user ! great to see all you hashtag hs2 astroturfers panicking at the thought of cross party support crumbling.
7714,train,new post: 'people are finally panicking about cable tv' url
7715,val,it's 11:30 and i'm already panicking and crying bc i'm so stressed nice
7717,train,people are finally panicking about cable tv url
7718,holdout,user oh that's not too bad then haha. i would've been panicking tho.
7719,train,user nah man he's panicking. he just found out his brothers had it off with his now wife debbie is in hospital he's stressed
7720,train,panicking because maybe my bff left me at china bar or maybe tindering on the toilet for 20mins
7721,train,user i may be panicking a little i wasn't as fast submitting the form as i usually am
7722,val,all that panicking made me tired ;__; i want to sleep in my bed
7723,holdout,yet brits are panicking about the uk url
7724,train,?you should be scared. you should be screaming and panicking.? this redeemer url hashtag romanticsuspense
7725,train,my dad is panicking as my weight loss means he needs to hurry up with my new clothes fundwhen i reach my goal. ??
7727,train,already panicking about school starting again :-)
7728,train,people are finally panicking about cable tv url url
7731,train,i feel like i should be panicking more as idk i get my results back in a week... i'm alarmingly calm
7733,train,just realized that maybe it not normal to sit up front with an uber driver? panicking
7735,val,user i see people are panicking about orpik all over again.
7736,train,ay i am fully panicking lol
7737,train,when he lets you drive his truck and you start panicking because you had to 'flip that bitch'. ?????? url
7738,train,user not gonna lie.. i'm panicking a little bit. vic/hardy not there.. freeman not practicing.
7739,train,people are finally panicking about cable tv url
7742,train,you can stop panicking ?????? user url
7743,val,my sis can now sit on a cam w/o panicking url
7744,train,why are people panicking about results day though hahahah like worrying is going to change your results
7746,train,america said it had a war on terrorism. then police took my ar-15 when i was ready to start shooting the enemies!
7747,train,police: gunman reported dead at nashville area theater: a suspect who carried a gun and a hatchet at the carmi... url
7748,train,hashtag breaking411 4 police officers arrested for abusing children at police-run boot camp in san luis obispo calif. - ... url
7749,train,these fucking police can't touch me these fuck niggas ain't fucking w me
7750,train,hashtag world hashtag news qld police wrap billy gordon investigation: queensland police have wrapped up their investigation... url
7751,train,'gunman who opened fire at tennessee movie theater killed by police' anyone suspect suicide-by-cop?
7752,train,police kill hatchet-wielding gunman who opened fire inside nashville movie theater: aåêmiddle-aged manåêarmed wi... url
7753,train,police unions retard justice & drain gov $ but cops vote 4 rs so rs go after teachers unions instead! user user user user user
7754,train,maid charged with stealing dh30000 from police officer sponsor url | url
7755,val,a santa ana police union blocks video of the raid at sky high holistic pot dispensary - the atlantic url hashtag smartnews
7756,val,4 police officers arrested for abusing children at police-run boot camp in san luis obispo calif. - user : url
7758,train,vinnie jones goes on the beat with northumbria police url
7759,train,now trending in nigeria: police charge traditional ruler others with informant's murder url
7760,train,california police officer pulls gun on man without any apparent provocation (video) url via user
7761,train,police expand search for missing pregnant woman in beloeil: police in richelieu-saint-laurent are expanding th... url
7763,train,good that the police are taking care of this and also have extra security hashtag harrybecareful
7764,holdout,why are hashtag bayonets being distributed to local police departments? user wants to know url hashtag evilempire hashtag jadehelm15
7765,train,unwanted person at 200 block of se 12th ave portland or [portland police hashtag pp15000266818] 17:10 hashtag pdx911
7766,val,episcopal priests on road trip with interracial family shares harrowing story of police harassment url via user
7767,train,oops: bounty hunters try to raid phoenix police chief's home: url -- a group of armed bounty... url
7768,train,$1 million bail for man accused of hashtag shooting at fife hashtag police - aug 5 @ 8:16 pm et url
7769,val,dt user : rt user : ûïthe col police can catch a pickpocket in liverpool stree... url
7771,train,user user here's the story url
7772,train,police kill gunman at nashville movie theatre - times of india: times of india police killû_ url
7773,train,oops: bounty hunters try to raid phoenix police chief's home url
7774,train,user u fkn asswipe playing for israeli child killers.. the fkn karma police will get u.
7775,train,new technology designed to help prevent dangerous police chases: in an effort to reduce injuries milwaukee policeû_ url
7780,val,user price rd north bound closed from university to rio salado.. lots of police.. what's crackin?
7781,train,selection september bridgeport men charged in home invasion police looking for burglar. - url
7783,train,police walk up on me i be blowin smoke in dey face wanna lock me up cus i got dope shit is gay
7784,train,police: man killed ex grandmother after son wasn&hashtag 8217;t named after him url omg!!!!! absolutely crazy!!!
7785,train,-=-0!!!!. photo: lastma officials challenge police for driving against traffic in lagos url
7787,train,hashtag helpme what do i do? my friend has been ticketed by police in wayne county michigan into never- sending poverty cycle. how do i help him?
7788,train,3 options to fix your facebook cover violation url and keep the hashtag facebook police away. hashtag socialmedia hashtag strategy
7789,train,cnn: tennessee movie theater shooting suspect killed by police url
7790,train,oops: bounty hunters try to raid phoenix police chief's home: a group of armed bounty hunters surrounded the h... url
7793,train,. user : 2 south gate police officers and 2 huntington park officers arrested after child abuse investigation at boot camp
7797,holdout,reddit will now quarantineû_ url hashtag onlinecommunities hashtag reddit hashtag amageddon hashtag freespeech hashtag business url
7799,train,reddit will now quarantine offensive content url
7800,val,reddit will now quarantine offensive content url hashtag technology hashtag technews hashtag puledo_tech_update
7801,val,hashtag reddit updates hashtag content hashtag policy promises to quarantine û÷extremely offensive' communities url
7802,train,reddit updates content policy promises to quarantine û÷extremely offensive' communities url
7803,train,rt skanndtyagi wired : reddit will now quarantine offensive content url ( url û_
7804,train,reddit will now quarantine offensive content url url
7807,train,update: still haven't eaten since 6:30 am still have to clean the dry lot and fill water in quarantine. may pass out
7809,train,check out: 'reddit will now quarantine offensive content' url
7810,train,hashtag bangalore reddit updates content policy promises to quarantine 'extremely offensive' communities url hashtag startups hashtag in
7812,train,reddit updates content policy promises to quarantine û÷extremely offensive' communities url
7813,train,aannnnd - 'reddit will now quarantine offensive content' url
7815,train,reddit will now quarantine offensive content url
7816,train,reddit will now quarantine offensiveåêcontent url
7817,val,hermancranston: wired : reddit will now quarantine offensive content url ( url û_
7818,train,reddit will now quarantine offensive content: reddit co-founder and ceo steve huffman has unveiled more specif... url
7821,train,reddit will now quarantine offensive content: reddit co-founder and ceo steve huffman has unveiled more specif... url
7822,holdout,hashtag wired hashtag business reddit will now quarantine offensive content url
7823,train,rt user : reddit will now quarantine offensive content url
7824,train,reddit will now quarantine offensive content url hashtag onlinecommunities hashtag reddit /via user
7826,holdout,wired: reddit will now quarantine offensive content - reddit co-founder and ceo steve huffman has unveiled more sp... url
7827,val,user your tweet was quoted by user url
7828,train,yet another company trying to censor the internet. reddit has started to quarantine their content: url hashtag cc
7830,train,reddit will now quarantine offensive content: reddit co-founder and ceo steve huffman has unveiled more specif... url
7831,val,reddit will now quarantine offensiveû_ url hashtag onlinecommunities hashtag reddit hashtag amageddon hashtag freespeech url
7832,train,reddit will now quarantine offensive content: reddit co-founder and ceo steve huffman has unveiled more specif... url
7833,train,reddit will now quarantine offensive content url
7835,train,reddit will now quarantine offensive content url
7837,train,reddit will now quarantine offensiveåêcontent url url
7839,train,reddit updates content policy promises to quarantine û÷extremely offensive' communities url
7840,holdout,loved chicago so much that it game me pink eye. now i sit and design in quarantine and in the dark.
7842,train,reddit will now quarantine offensive content url
7843,train,reddit will now quarantine offensiveåêcontent url url
7844,train,reddit will now quarantine offensive content url
7847,train,top link: reddit's new content policy goes into effect many horrible subreddits banned or quarantined url
7848,holdout,when you are quarantined to a little corner bc you are too sick to be in the office but work is piling up and they need you kinda day
7849,train,reddit's new content policy goes into effect many horrible subreddits banned or quarantined url url
7850,train,top link: reddit's new content policy goes into effect many horrible subreddits banned or quarantined url
7851,holdout,hashtag hot reddit's new content policy goes into effect many horrible subreddits banned or quarantined url hashtag prebreak hashtag best
7852,train,officials: alabama home quarantined over possible ebola case url
7854,holdout,hashtag hot reddit's new content policy goes into effect many horrible subreddits banned or quarantined url hashtag prebreak hashtag best
7855,train,reddit's new content policy goes into effect many horrible subreddits banned or quarantined url
7857,train,here we go again. ebola! run for your lives! aaarrrgghhh! url
7860,train,reddit's new content policy goes into effect many horrible subreddits banned or quarantined url url
7861,holdout,fucking yes /r/antipozi is quarantined. triggered the cucks we have.
7862,holdout,hashtag hot reddit's new content policy goes into effect many horrible subreddits banned or quarantined url hashtag prebreak hashtag best
7863,train,reddit's new content policy goes into effect many horrible subreddits banned or quarantined url url
7864,val,are users of this sub to be quarantined? url
7865,train,officials: alabama home quarantined over possible ... url
7867,holdout,user calling it now: kia gets banned or quarantined before month's end
7868,train,officials say a quarantine is in place at a birmingham home over a possible ebola case. edward khan of the... url
7869,train,gmtty mhtw4fnet officials: alabama home quarantined over possible ebola case - washington times
7870,train,top link: reddit's new content policy goes into effect many horrible subreddits banned or quarantined url
7871,train,reddit's new content policy goes into effect many horrible subreddits banned or quarantined url url
7872,train,top link: reddit's new content policy goes into effect many horrible subreddits banned or quarantined url
7873,train,alabama home quarantined over possible ebola case: officials say a quarantine is in place at ... url hashtag bluehand hashtag pjnet
7874,holdout,hm mt user : alabama home quarantined over possible ebola case url url
7876,train,i'm just going to say it. under the new reddit policy changes i think /r/conspiracy will be quarantined and how that's bad for the truth mû_
7877,train,okay the cat has been quarantined in my bathroom...its meowing really loud but i turned up the tv louder...things just might work out okay
7878,train,alabama firefighters quarantined after possible ebola exposure url reports url
7880,train,0npzp mhtw4fnet officials: alabama home quarantined over possible ebola case - abc news
7881,train,alabama home quarantined over possible hashtag ebola case: an ambulance sat outside the university of alabama atû_ url
7882,holdout,hashtag hot reddit's new content policy goes into effect many horrible subreddits banned or quarantined url hashtag prebreak hashtag best
7883,train,reddit's new content policy goes into effect many horrible subreddits banned or quarantined url url
7885,train,hey user - the concept of a 'quarantine' makes no sense if the people you've quarantined can just wander out & about whenever they want
7887,train,ebola: alabama home quarantined over possible ebola case.. related articles: url
7888,train,oc73x mhtw4fnet officials: alabama home quarantined over possible ebola case - washington post
7889,train,top link: reddit's new content policy goes into effect many horrible subreddits banned or quarantined url
7891,train,can't dl a patch to fix the error in symantec as it's quarantined the computer ergo stopped all wireless exchange. lol technology ??
7893,train,top link: reddit's new content policy goes into effect many horrible subreddits banned or quarantined url
7894,holdout,hashtag hot reddit's new content policy goes into effect many horrible subreddits banned or quarantined url hashtag prebreak hashtag best
7895,holdout,url nuclear emergency current usa radiation levels monitoring site
7897,train,i liked a user video url us canada radiation update emergency fishing closures
7898,train,wipp emergency activated because of slightly elevated levels of radiation. hashtag sejorg
7902,val,some of worst radiation exposure from fukushima meltdown happened 47km northwest-proof that small emergency planning zones don't cut it
7903,train,doe's wipp facility in nm investigating a site filter radiation reading; has activated its emergency ops center; says no offsite release.
7905,val,radioactive box quarantined - israel's ashdod port was evacuated when emergency teams discovered radiation emittin... url
7906,train,radiation emergency hashtag preparedness starts with knowing to: get inside stay inside and stay tuned url via user
7907,holdout,who else wants documents radiation emergency procedures 06 24 09 hashtag radiation hashtag emergency hashtag procedures hashtag 06 hashtag 24 hashtag 09 url
7908,holdout,hashtag ccot hashtag tcot hashtag radiation nuclear emergency tracking center url url
7909,train,due to the rainstorm last night cupcake decorating is happening now at the rec hall! $2 - proceeds to hashtag iwk! url
7910,train,rainstorm downtown gloucester hashtag gloucester hashtag capeann hashtag seagulls hashtag triciaoneill hashtag triciaoneillphoto url
7912,train,user i forgot sunday! omg
7913,train,wow what beauty lies within every storm. taken today after a rainstorm at a&b pipeliners url
7914,train,rainstorm destroys 600 houses in yobe state: rainstorm destroys 600 houses in yobe state. [daily trust] damatu... url
7915,train,going to the beach with jim alves means a guaranteed rainstorm. hashtag lucky url
7916,train,hashtag dnb hashtag newrelease edge jimmy - summer rainstorm (lapaka sounds) url via url
7918,train,'three hashtag people were hashtag killed when a severe hashtag rainstorm in the hashtag italian hashtag alps caused a hashtag landslide' url
7923,train,landslide in italian alps kills three: rome (reuters) - three people were killed when a severe rainstorm in th... url
7924,train,rainstorm destroys 600 houses in yobe | ireporter url via user
7926,train,stuck in a rainstorm? stay toward the middle of the road. most streets are crowned so water tends to pool on the sides.
7929,holdout,major rainstorm happening! i'm gonna lie down and drift away to the storming around me for a little while. bebacksoon.
7930,train,landslide in italian alps kills three - rome (reuters) - three people were killed when a severe rainstorm in the i... url
7932,val,if you can't have the roar of the waves a rainstorm & some rollingû_ url
7933,train,robot_rainstorm: we have two vacancies on the hashtag castle fantasy football team! join us. it's fun. ??
7934,val,user you look like you got caught in a rainstorm this is amazing and disgusting at the same time
7935,train,rainstorm update: further north or further south? url url
7936,holdout,nigeria: rainstorm destroys 600 houses in yobe state: [daily trust] damaturu -over 600û_ url
7937,train,landslide in italian alps kills three: rome (reuters) - three people were killed when a severe rainstorm in th... url
7938,train,rain rain go away... a soaker is on the way ------> url <----- url
7939,holdout,user hardly! ??
7940,train,tomorrow's evening commute receives a red light. a rainstorm impacting the region will push it's way in late evening. url
7941,train,that rainstorm didn't last nearly long enough
7943,train,user i'm.sort of interested in what fonts they're using.
7944,train,lizzie363 user i drove thru deep water in a flash flood--rainstorm repair cost $14000. 25 yrs later people still thnk cars float!!!
7945,train,best believe all the wrong decisions are being made out here in these memphis streets during this here rainstorm lol my folk doe
7949,train,i want it to rainstorm please
7950,train,waking up sick with a rainstorm outside would usually make me sad. not today though. put some the kooks on the stereo and let's do this.
7952,train,yay i can feel the wind gearing up for a rainstorm in hashtag vancouver!! bring it on hashtag drought hashtag deadgrassandflowers hashtag wildfires
7953,train,user i'm a huge football fan as you know but i've never done fantasy leagues. patience for a newbie?
7954,train,'the way you move is like a full on rainstorm and i'm a house of cards'
7955,val,rainstorm destroys 600 houses in yobe state url
7957,train,the way you move is like a full on rainstorm and i'm a house of cards.
7958,train,landslide caused by severe rainstorm kills 3 in italianåêalps url url
7959,train,former freedom surf/spa razed to make way for new homes url
7960,val,the latest: more homes razed by northern california wildfire - abc news url
7962,val,tension in abia as inec office's razedåêûò governor ikpeazu pdp apga react url
7963,train,the latest: more homes razed by northern california wildfire: the latest on wildfires burning in california andû_ url
7965,train,the latest: more homes razed by northern california wildfire - url url
7968,val,the latest: more homes razed by northern california wildfire - abc news url
7969,val,the latest: more homes razed by northern california wildfire - abc news url
7970,holdout,url the latest: more homes razed by northern california wildfire - lynchburg news and advance url
7971,train,hashtag news : the latest: more homes razed by northern california wildfire - new york times url hashtag tafs hashtag fb100%
7972,val,the latest: more homes razed by northern california wildfire - abc news url
7973,val,the latest: more homes razed by northern california wildfire - abc news url
7976,train,the latest: more homes razed by northern california wildfire - url url
7977,train,the latest: more homes razed by northern california wildfire - url url
7978,train,the latest: more homes razed by northern california wildfire - url url
7980,train,user user user how significant do you think the iconic pic of church (maybe) ruins and less substantial efforts razed?
7981,train,the latest: more homes razed by northern california wildfire - url url
7982,train,the latest: more homes razed by northern california wildfire - url url
7983,val,the latest: more homes razed by northern california wildfire - abc news url
7984,val,user at least you were sincere ??
7987,val,the latest: more homes razed by northern california wildfire - abc news url
7988,val,the latest: more homes razed by northern california wildfire - abc news url
7989,train,the latest: more homes razed by northern california wildfire - url url
7990,train,more homes razed by northern calif. wildfire url hashtag sandiego url
7991,train,george njenga the hero saved his burning friend from a razing wildfire url
7992,train,today will be another dualcom with user !!! if you enjoyed yesterdays check out todays at 5 pm easter!!!
7994,val,the latest: more homes razed by northern california wildfire - abc news url hashtag gn
7996,val,the latest: more homes razed by northern california wildfire - abc news url
7999,val,the latest: more homes razed by northern california wildfire - abc news url
8000,val,the latest: more homes razed by northern california wildfire - abc news url
8001,train,the latest: more homes razed by hashtag northerncalifornia wildfire url hashtag zippednews url
8002,train,the latest: more homes razed by northern california wildfire - url url
8003,train,george njenga the hero saved his burning friend from a razing wildfire... url
8005,train,the latest: more homes razed by northern california wildfire - url url
8006,val,the latest: more homes razed by northern california wildfire - abc news url
8008,train,vassalboro house to be razed to make way for public gazebo user reports. url
8009,train,this just-married turkish couple gave 4000 syrian refugees an incredible gift url fed them instead of family & friends.
8010,train,police monitoring 200 jihadis in poland url via user
8012,train,turkish newlyweds donate wedding money - what a beautiful gesture! still have faith in humanity. url
8013,val,this just-married turkish couple gave 4000 syrian refugees an incredible gift hashtag washingtonpost url
8015,train,repulsive! refugees-victimiser-hashtag dutton evangelical-liar-hashtag abbott c/o hashtag lnp on a dupe the press overdrive; hashtag choppergate!hashtag bronwynbishop!hashtag auspol
8016,train,hashtag retweet cameroon repatriating about 12000 nigerian refugees due to boko haram url
8017,train,newlyweds feed syrian refugees at their wedding - cbc news - latest canada world entertainment and business news url
8018,val,wowo--=== 12000 nigerian refugees repatriated from cameroon
8019,train,./.....hmm 12000 nigerian refugees repatriated from cameroon url /(
8020,val,...//..// whao.. 12000 nigerian refugees repatriated from cameroon url
8021,val,'imagine an entire aisle dedicated to making people look like serbian refugees.' - director of whole foods clothing section
8023,holdout,user : 'couple spend wedding day feeding 4000 syrian refugees. url url see more url
8024,train,reaad/ plsss 12000 nigerian refugees repatriated from cameroon
8025,holdout,top story: user : 'couple spend wedding day feeding 4000 syrian refugeesû_ url see more url
8026,holdout,refugee connections indiegogo campaign will be going live tomorrow! support us and help launch the only online community for hashtag refugees.
8028,holdout,y'all read 12000 nigerian refugees repatriated from cameroon url
8029,train,short of throwing them overboard himself i don't think any other leader could do much worse by hashtag refugees than user worst pm ever!
8030,train,cameroon repatriated 12000 nigerian refugees url
8031,train,captain abbott must go down with lnp boat hashtag refugees hashtag christianvalues url
8032,val,a turkish couple spent their wedding day feeding 4000 syrian refugees ? a turkish couple who got marrie û_ url
8034,holdout,how one couple is using drones to save refugees at the world's deadliest border url
8035,val,...//..// whao.. 12000 nigerian refugees repatriated from cameroon url
8036,train,./.....hmm 12000 nigerian refugees repatriated from cameroon url /(
8037,train,hashtag turkish couple decided to feed 4000 hashtag syrian hashtag refugees as part of their hashtag wedding celebrations url url
8038,val,user user < right now. even after two years there were still refugees camped just south of redcliffe village and aidan >
8039,val,newlyweds feed thousands of syrian refugees instead of hosting a banquet wedding dinner url hashtag age hashtag news
8040,val,in photos: the young refugees forced to flee burundi's violence | vice news url see more url
8043,train,user user user thank you user and user for helping so many people in need all over the world.... url û_
8044,val,wowo--=== 12000 nigerian refugees repatriated from cameroon
8045,train,newlyweds feed thousands of syrian refugees instead of hosting a banquet wedding dinner - url via user
8047,val,url paci?c media centre | articles: australia: rsf protests over new security gag over reporting on...
8049,train,recap/ 12000 nigerian refugees repatriated from cameroon url
8055,val,the most generous bride on earth: couple feeds 4000 syrian refugees on their wedding day url via user love it!
8056,val,...//..// whao.. 12000 nigerian refugees repatriated from cameroon url
8057,train,the 46 returned refugees - what were they fleeing from & how will the vietnamese govt treat them now they are returned? hashtag dutton hashtag presser
8058,holdout,chpsre: rt: refugees: for our followers in paris do visit 'a dream of humanity' exhibition by rezaphotography û_ û_ url
8060,train,policyholders object to clico rescue plan url url
8061,train,don't panik! hashtag kelbytomlinson to the rescue! url
8062,train,coastal german shepherd rescue oc shared a link... url hashtag animalrescue | url
8064,train,ud: rescue (structural collapse) - scott road @ ypres road york (14 trucks)
8065,holdout,rescue of the day: it's world cat day saturday aug 8th black black/white cats just $5 url hashtag newbeginningsanimalrescue
8066,train,i'm on 2 blood pressure meds and it's still probably through the roof! long before the hashtag ppact story broke i was involved in animal rescue
8067,train,coastal german shepherd rescue oc shared a link... url hashtag animalrescue | url
8068,train,coastal german shepherd rescue oc shared a link: 'ecstatic rescued racco... url hashtag animalrescue
8069,train,suggs & vivian to the rescue! hashtag psychrewatch
8070,train,any lengths to rescue a cat in need! url
8071,train,last chance animal rescue has 3 new posts. url hashtag animalrescue | url
8073,train,last chance animal rescue has 3 new posts. url hashtag animalrescue | url
8074,train,sammy and todd always to the rescue may not be in uniform but still to the rescue lmao. forever kfc fam.
8079,train,lunch for the crew is made. night night it's been a long day! ~peace~love~rescue~
8081,holdout,tell the united nations: plantations are not forests! url via user
8083,train,mary coming to troy rescue. ?????? url
8084,train,ud: rescue (structural collapse) - scott road @ ypres road york (14 trucks)
8085,train,flood-zone : general raheel sharif visits chitral: he also lauded the efforts of fwo army troops and army aviation in rescue opera...
8087,train,last chance animal rescue has 3 new posts. url hashtag animalrescue
8088,holdout,user how many dogs do you have and are they all rescue dogs?
8089,train,officials rescue 367 migrants off libya; 25 bodies found - fox news url hashtag news
8091,train,coastal german shepherd rescue oc shared a link... url hashtag animalrescue | url
8094,train,user this is sabrina my dad rescued her from some dude who kept her in a cage. we've had her since i was 4 url
8095,train,britons rescued amid himalaya floods ( url url url
8096,val,4 kidnapped ladies rescued by police in enugu | nigerian tribune url
8097,train,rescued med migrants arrive in sicily url
8098,val,user i hand you a glass of water and sit down. 'i was rescued by a tenno. i've lived in my ship around the dojo for about a year...'
8100,train,'trust us to get rescued by the dopey ones!' val is hilarious shame she's probably going to die hashtag emmerdale
8101,holdout,summer hashtag summervibes hashtag california hashtag puppy hashtag pitmix hashtag rescued hashtag brixton hashtag banksy hashtag happy hashtag mybabies url
8102,train,man who buried dog alive thought no one would find her but she was rescued just in time url
8103,train,10-month-old baby girl was rescued by coastguard after she floated half a mile out to sea! hashtag socialnews url
8105,train,but now hashtag skyrim awaits to be rescued...again.
8106,train,rescued med migrants arrive in sicily url
8109,train,the finnish hip hop pioneer paleface will be 'rescued from a drifting raft' and brought into the container later hashtag enkelbiljett hashtag menolippu
8110,train,18 bovines rescued 3 smugglersåênabbed url
8111,train,funds needed for rescued then abandoned cocker spaniels url
8112,holdout,i liked a user video url romanatwoodvlogs | rescued sick kittens!!
8113,train,hashtag news britons rescued amid himalaya floods url
8116,val,a brave little dog gets rescued from the river. his recovery will inspi... url via user
8118,train,homeless man traveling across usa with 11 stray dogs he rescued gets a helping hand from strangers url via user
8119,train,user breaking news tonight kids were rescued from play room after a week with no food or water do to parents sex life haha
8120,train,'you can only be rescued from where you actually are and not from where you pretend you are.' giorgio hiatt
8121,train,we rescued my dog at least 9 years ago ?? she's old but still sweet as ever ?? user url
8122,val,url rescued med migrants arrive in sicily: hundreds of migrants rescuedû_ url
8125,train,why weren't they taken back to africa once rescued? hashtag c4news
8126,val,migrants rescued after boat capsizes off libya url
8128,train,young children among those rescued from capsized boat off libya url via user
8129,train,heroes! a springer spaniel & her dog dad rescued a stranded baby dolphin: url url
8130,val,trust us to get rescued by the dopey ones. hashtag emmerdale hashtag summerfate
8131,val,three beached whales rescued in kerry - url
8133,train,rescued tb goes on to ribbon at hits: url via user
8135,val,turn back to me! i have rescued you and swept away your sins as though they were clouds. isaiah 44:22 contemporary english version
8136,train,user pets r like part of the family. i love animals.??? the last 2 pets i had i rescued! breaks my heart when animals are mistreated????
8137,train,i liked a user video url homeless dog living in a cardboard box gets rescued & has a heartwarming
8138,train,angry mistrustful rescued elephant finds peace and friendship in her new home (photos) url via user
8140,train,photo: hundreds of rescued migrants await disembarkment from an irish naval vessel at palermo italy - user û_ url
8141,train,rescued med migrants arrive in sicily url
8142,train,video: 'we're picking up bodies from water': rescuers are searching for hundreds of migrants in ... url hashtag africa hashtag news
8143,train,video: 'we're picking up bodies from water': rescuers are searching for hundreds of migrants in the mediterran... url
8144,train,video: 'we're picking up bodies from water': rescuers are searching for hundreds of migrants in the mediterran... url
8146,train,video: 'we're picking up bodies from water': rescuers are searching for hundreds of migrants in the mediterran... url
8147,train,video: 'we're picking up bodies from water' - rescuers are searching for hundreds of migrants in the mediterranean... url
8149,holdout,hashtag world fears over missing migrants in med: rescuers search for survivors after a boat carrying as many a... url hashtag news
8150,train,user rescuers are searching for hundreds of migrants in the mediterranean after a boat carr... url user
8154,val,i have an unexplainable desire to watch the rescuers. hashtag childhooddefined
8155,train,hashtag roddypiperautos fears over missing migrants in med: rescuers search for survivors after a boat carrying as ma... url
8156,train,user channel 5 have been doing the same for the rspca with dog rescuers.....'the infomercial' has crept in the back door.
8158,train,video: 'we're picking up bodies from water': rescuers are searching for hundreds of migrants in the mediterranean after a boat carryi...
8159,train,woman's gps app guides rescuers to injured biker in marin county url
8161,train,video: 'we're picking up bodies from water': rescuers are searching for hundreds of migrants in the mediterran... url
8162,train,video: 'we're picking up bodies from water': rescuers are searching for hundreds of migrants in the mediterran... url
8163,train,video: 'we're picking up bodies from water': rescuers are searching for hundreds of migrants in the mediterranean after a boat carryi...
8164,train,video: 'we're picking up bodies from water': rescuers are searching for hundreds of migrants in ... url hashtag africa hashtag news
8165,holdout,last second ebay bid rt? url shaolin rescuers (dvd 2010) shen chan nan chiang five venoms kung fu ?please favori
8168,train,video: 'we're picking up bodies from water': rescuers are searching for hundreds of migrants in the mediterranean after a boat carryi...
8169,train,hashtag worldnews video: 'we're picking up bodies from water' - bbc news - home: rescuers are searching for hundreds of.. url
8170,train,video: 'we're picking up bodies from water': rescuers are searching for hundreds of migrants in the mediterran... url
8171,holdout,url video: 'we're picking up bodies from water': rescuers are searching for hundredsû_ url
8172,train,ah-mazing story of the power animal rescuers have! a starving homeless dog with no future was rescued by a person... url
8175,val,rescuers are searching for hundreds of migrants in the mediterranean after a boat carrying as many as 600 people capsized off the coast ofû_
8176,train,hashtag news: 'many deaths' in shipwreck: rescuers are trying to save hundreds of migrants after the... url via user
8177,train,video: 'we're picking up bodies from water': rescuers are searching for hundreds of migrants in the mediterran... url
8180,train,video: 'we're picking up bodies from water': rescuers are searching for hundreds of migrants in the mediterran... url
8181,train,when rescuers found him he was barely alive. but they had no idea he was allergic to this! url
8182,train,fears over missing migrants in med: rescuers search for survivors after a boat carrying as many as 600 migrant... url
8183,train,video: 'we're picking up bodies from water': rescuers are searching for hundreds of migrants in the mediterranean after a boat carryi...
8184,train,woman's gps app guides rescuers to injured biker in marin county - sfgate url
8187,train,fears over missing migrants in med: rescuers search for survivors after a boat carrying as many as 600 migrantsû_ url
8188,train,rescuers find survivors of nepal earthquake buried ... url
8189,train,rescuers recover body of 37-year-old calgary man from lake near vulcan û_ url
8190,train,fears over missing migrants in med: rescuers search for survivors after a boat carrying as many as 600 migrantsû_ url
8191,holdout,video: 'we're picking up bodies from water': rescuers are searching for hundreds of migrants in the... url hashtag bbc hashtag news
8195,train,to all the meat-loving feminists of the world riot grill has arrived: pop quiz! which do you prefer: fem... url hashtag art
8196,train,stuart broad takes eight before joe root runs riot against aussies
8201,train,user i predict a riot.
8202,train,user discovered by user listen/buy user hashtag riot on user user url û_ hashtag blowmandyup
8203,val,to all the meat-loving feminists of the world riot grill has arrived url hashtag arts url
8204,train,url rascal flatts riot tour atlantic city beach concert-august 20 2015-2 tickets url
8205,train,to all the meat-loving feminists of the world riot grill hasåêarrived url
8208,train,seriously do we have to do a tactical riot against the headquarters of disney and marvel...
8209,train,user keep an eye out we'll be looking for lots of new team members in coming days/weeks :)
8210,train,to all the meat-loving feminists of the world riot grill has arrived: pop quiz! which do you prefer: feminist... url
8211,val,user selfie at booth or riot kappa
8212,train,user i'll start a big ass riot send me to jail today mfs shidddd ??
8213,train,riot kit bah - part of the new concept gear coming for autumn/winter hashtag menswear hashtag fashion hashtag urbanfashionû_ url
8214,train,user discovered by user listen/buy user hashtag riot on user user url û_ hashtag blowmandyup
8215,train,i liked a user video url thorin's thoughts - riot and sandbox mode (lol)
8216,train,stuart broad takes eight before joe root runs riot against aussies: stuart broad took career-best figures of 8... url
8217,train,retweeted sarah silverman ( user ): soundtrack of my walk starts w tracey ullman they don't know. perfect
8218,train,to all the meat-loving feminists of the world riot grill has arrived url
8219,train,after all that time riot should really make an official satan teemo skin url
8221,train,i liked a user video url sick riot shield slide spots!!
8223,val,user torrecilla we always info the secret on lol game check the secret to get 600.000 riot points on my bio
8224,train,transwomen and drag queens of color lead the riot a well known butch lesbian is usually credited for inciting it.
8225,train,user you can now pre-order the film on itunes & watch 9/15!! yay! url url url
8226,train,'without an ally near you can't use this skill.' how did you get hired? really cause it's making every riot staff member look incompetent.
8231,train,pop quiz! which do you prefer: feminist revolution or fried ravioliåêwith porcini and ricottaû_ url url
8232,train,to all the meat-loving feminists of the world riot grill has arrived url oliviamiles01
8234,val,user user except we don't know who started the riot or if it even makes sense to credit any particular individuals...
8235,train,user juan carlos salvador the secret tips to get 100.000 riot points lol are out now! check the secret on on my bio
8236,train,southeast dirt riot series crowns champions: southeast dirt riot series crowns championsblackfoot id: the so... url
8237,train,sweetpea's are running riot at the allotment - and brightening up a rainy day url
8238,train,stuart broad takes eight before joe root runs riot against aussies
8239,holdout,riot police intervene after southampton and vitesse arnhem supporters clash: û¢ fans clash in buildup to second... url
8240,train,user discovered by user listen/buy user hashtag riot on user user url û_ hashtag blowmandyup
8241,train,? cracker - white riot ? url hashtag nowplaying
8242,holdout,but the government will not care. police will stop rioting eventually of protestors. eventually some skyscrapers become plant-covered .
8243,train,new doco tonight at 9pm setanta sports ireland freeview. the largest police presence at a soccer game in ireland stop prevent the rioting
8244,holdout,eric clapton shot the sheriff in 1974 and guess how many people were rioting? right none.
8245,train,if they kill off val i'm rioting hashtag emmerdale
8246,train,'money can't buy happiness' is just a lie we tell poor people to keep them from rioting.
8247,train,bloody hell it's already been upgraded to 'rioting'. hashtag hyperbole hashtag saintsfc
8250,train,twitter is doing a count down to the rioting and financial collapse of brazil hashtag rio2016 url
8251,holdout,if that would of been a black dude antioch would be rioting
8252,val,. user recently met with the user to discuss race relations in america & the benefits of rioting. hashtag loveislove url
8253,train,user people like you should be charged after the inevitable rioting for contributing to it with your lies
8254,train,url cindy noonan user -heartbreak in hashtag baltimore hashtag rioting hashtag yahistorical hashtag undergroundrailraod
8256,train,leeds fan.... rioting in embra at a lower tier/ league cup final ... dee dum
8257,holdout,still rioting in a couple of hours left until i have to be up for class.
8258,train,user there were plenty of black people rioting when tosu won the championship as well.
8259,train,user the ferguson riots worked. this of this the next time you say rioting doesn't change anything. there fixed it for you.
8261,holdout,`bbcnews the ass. of british insurers says rioting will cost insurers &hashtag 163;163;millions. but police numbers are reduced by blind fat contr
8262,train,hashtag bhramabull watch run the jewels use facts to defend rioting in ferguson: the socially minded duo takes on the... url
8264,train,i think twitter was invented to keep us insomniacs from rioting in the wee small hours.
8266,holdout,user people aren't rioting because justice has been served and that murderer is behind bars. simple! no justice=no peace justice=peace.
8267,holdout,still rioting in to gmail...
8270,train,user user user user rioting.
8271,train,user user if i don't get my money by tomorrow rioting ??
8274,train,rt : why sweden isn't venezuela: there have been a few days of rioting in venezuela with the riots directed at grû_ url
8276,train,user or the rioting in happy valley after penn state loses?
8278,train,user a group of mascara smeared girls rioting will be horrific i think
8279,train,the last time a high profile name was due to be signing for hashtag nffc the city was rioting! wesley verhoek now a household name! hashtag don'tpanic
8280,holdout,user what alternatives? legal alternatives? protesting? rioting may not be the most peaceful thing but it's a demonstration of how
8283,train,user . i am so sick of criminals parents and friends rioting when they are killed by police. you don't give a damn when officer is.
8284,val,user but the rioting began prior to the decision for the indictment so you're not really making sense at this pointû_
8285,val,the ashes test match is currently more interesting than stupid congress rioting...
8286,val,people rioting everywhere and i think i'd be one of them.' usami-san <3
8287,train,football hooligan jailed for rioting before game in scotland was already banned from matches in england hashtag uknews url
8288,train,url cindy noonan user -heartbreak in hashtag baltimore hashtag rioting hashtag yahistorical hashtag undergroundrailraod
8289,val,am `bbcnews the ass british insurers says rioting will cost insurers163;millions. but police numbers are reduced by blind fat controllers.
8291,train,user i have lived & my family have lived in countries where looters were shot on sight where rioting wasn't tolerated. why here
8292,train,'refuse to let my life be reduced to rubble. when the shit keeps piling up get a shovel.' user
8294,train,china's stock market crash: are there gems in the rubble?: china's stock market crash this su... url ... via user
8295,train,'if you go on with this nuclear arms race all you are going to do is make the rubble bounce.' ? winston churchill
8296,train,user china's stock market crash this summer has sparked interest from bargain hunt... url user å¨
8297,train,user china's stock market crash this summer has sparked interest from bargain hunt... url user å¨
8298,train,my parents are so impulsive sometimes. i remember coming home to my room filled with dust & rubble just because they wanted it redesigned. ??
8300,holdout,turning rubble from disasters into 'lego' bricks you can build houses with. this one belongs in hashtag crazyideascollege url
8301,train,hashtag 360wisenews : china's stock market crash: are there gems in the rubble? url
8304,train,[forbes]: china's stock market crash: are there gems in the rubble?: china's stock market crash this summer ha... url
8309,holdout,hashtag forbes hashtag europe china's stock market crash: are there gems in the rubble? url
8310,train,china's stock market crash this summer has sparked interest from bargain hunters and bulls betting on a rebound. dû_ url
8311,train,user user again i didn't say it was. i was referring to the main 2 buildings. 7 was hit by rubble
8312,train,china's stock market crash: are there gems in the rubble? url
8314,train,hashtag 360wisenews : china's stock market crash: are there gems in the rubble? url
8315,train,jun 2015. yemenis search for survivors under the rubble of houses in the old city of san'a following an... url
8317,train,china's stock market crash: are there gems in the rubble? url hashtag forbesasia
8318,train,steve buscemi was a firefightr b4 fame & workd 12hr shifts diggin thru wtc rubble lookg 4 survivors. url
8320,train,china's stock market crash: are there gems in the rubble? url hashtag tcot hashtag p2 hashtag news
8321,val,china's stock market crash: are there gems in the rubble?: china's stock market crash this summer h... url by .forbes
8324,train,i found a diamond in the rubble
8329,train,hashtag tnn: china's stock market crash: are there gems in the rubble? url
8330,train,china's stock market crash: are there gems in the rubble? url hashtag roimentor hashtag yycwalks
8332,train,china's stock market crash: are there gems in the rubble? url | url url
8334,train,hashtag 360wisenews : china's stock market crash: are there gems in the rubble? url
8335,val,new post: 'china's stock market crash: are there gems in the rubble?' url
8337,train,china's stock market crash: are there gems in the rubble?: china's stock market crash this summer has sparked ... url
8339,train,photo: postapocalypticflimflam: prodding around the rubble. url
8341,train,hashtag 360wisenews : china's stock market crash: are there gems in the rubble? url
8344,train,user damn suh. don't let that ruin your year bruh. this our year. better start carpooling like we did back in the day
8345,train,if i can't ruin his mood then i may have lost my direction. url
8346,val,i ruin everything ????
8347,holdout,hashtag quote never let your problems ruin your faith.
8348,train,im so anxious though because so many ppl will me watching me meet them and that makes me uncomfortable but i cant let that ruin the moment
8349,train,smokers that ruin that new car smell ????
8350,holdout,user just wait until your friends at hashtag mta ruin it hashtag sorrybutitstrue
8351,train,i'm really sad about red 7 closing :( yuppies n tourists ruin everything
8352,val,always gotta ruin my mood
8355,train,i understand you wanting to hang out with your guy friends i'll give you your space but don't ruin my trust with you.
8356,val,like why on earth would you want anybody to be unhappy don't purposely ruin somebody else's happiness
8360,train,fresh out da shower lookss ?? (still loving this new hair does it ruin my brand?) hashtag yes url
8361,train,user see tryna ruin my life
8362,train,well done me! everyone applaud me and how terrific i am and how i never ruin anything
8363,train,four things that may ruin your personal injury accident claim url
8364,holdout,how to ruin the holidays in 3 wordk: 'it's a zmne!'
8365,train,every time i have a really good day someone just has to ruin it
8366,train,you wanna ruin a relationship? just ask 'what are your intentions' and you'll do it
8367,train,and then i go a ruin it all with something awful... hashtag minions url
8368,val,it was really awful and i cant even work with a make up artist now because they will ruin things.
8369,train,damn wale knows how to ruin a song??
8370,train,'cause you play me like a symphony play me till your fingers bleed. i'm your greatest masterpiece. you ruin me??
8371,holdout,why does my family have to ruin something that is actually going good for me??
8372,train,i hate that im so awkward and i ruin things
8374,holdout,long road to ruin - foo fighters
8375,holdout,why do u ruin everything? user u ruined the sour cream and u put a brick of cheese in the freezer..dummy
8377,train,don't let a few assholes ruin your night
8378,val,lol the real issue is the the way the nfl is trying to ruin this guy's legacy. url
8382,train,rt to ruin user 's day. url
8383,train,greedy bastards user way to ruin creativity. censorship on youtube: url
8385,train,user she shouldn't. being with them is gonna ruin her game and vanessa is a great player
8386,train,user yes yes! i will. i dont wanna ruin my life. lol
8387,train,user i wanna see you reboot the fresh prince of bel-air bring back the original cast and everything & do nothing that will ruin the show.
8388,train,you can only make yourself happy. fuck those tryna ruin it keep smiling ??
8389,train,there are a few people i'd let ruin my life my soul my cervix my everything. odell is definitely top of that list.
8390,holdout,i'll ruin my life if i have to.
8391,train,babe i'm gonna ruin you if you let me stay
8392,val,user everything must be ok because she's listening to 'sandstorm' now...
8393,holdout,watch this airport get swallowed up by a sandstorm in under a minute url
8394,holdout,watch this airport get swallowed up by a sandstorm in under a minute url
8396,val,user user it wouldnt turn into a sandstorm if riot gave a good answer. instead they gave dumb excuses. at least new client is there
8397,holdout,watch this airport get swallowed up by a sandstorm in under a minute url
8399,train,i liked a user video url darude - sandstorm
8400,holdout,watch this airport get swallowed up by a sandstorm in under a minute url
8401,holdout,watch this airport get swallowed up by a sandstorm in under a minute url
8402,holdout,watch this airport get swallowed up by a sandstorm in under a minute url
8404,holdout,watch this airport get swallowed up by a sandstorm in under a minute url
8405,holdout,watch this airport get swallowed up by a sandstorm in under a minute url
8406,train,a sandstorm in jordan has coated the middle east's largest refugee camp in a layer of grit url url
8408,train,sandstorm!!! woo hoo!!
8409,holdout,watch this airport get swallowed up by a sandstorm in under a minute url
8410,holdout,watch this airport get swallowed up by a sandstorm in under a minute url
8411,holdout,watch this airport get swallowed up by a sandstorm in under a minute url
8412,holdout,watch this airport get swallowed up by a sandstorm in under a minute url
8414,train,who need friends when there's booze and darude - sandstorm :d
8415,train,socialwots: globi_inclusion: rt nrc_middleeast: sandstorm engulfs caravans and tents in the hashtag zaatari refugee camp û_ url
8416,holdout,watch this airport get swallowed up by a sandstorm in under a minute url
8418,holdout,watch this airport get swallowed up by a sandstorm in under a minute url
8419,holdout,watch this airport get swallowed up by a sandstorm in under a minute url
8422,holdout,watch this airport get swallowed up by a sandstorm in under a minute url
8423,holdout,watch this airport get swallowed up by a sandstorm in under a minute url
8425,train,user two hours of sandstorm remixes. all merged together. no between-song silence.
8428,holdout,watch this airport get swallowed up by a sandstorm in under a minute url
8429,holdout,watch this airport get swallowed up by a sandstorm in under a minute url
8430,train,put sandstorm down!!!! url
8431,holdout,watch this airport get swallowed up by a sandstorm in under a minute url
8432,holdout,watch this airport get swallowed up by a sandstorm in under a minute url
8433,holdout,watch this airport get swallowed up by a sandstorm in under a minute url
8434,train,come out to sandstorm tryouts aug 15th at lower woodland! ms tryout: 3-4:30pm hs tryout: 4:30-6pm
8435,holdout,watch this airport get swallowed up by a sandstorm in under a minute url
8436,train,user [[is it darude sandstorm?]]
8437,train,i can't listen to darude sandstorm without expecting airhorns now
8440,train,now playing: darude - sandstorm - radio edit url url
8441,holdout,watch this airport get swallowed up by a sandstorm in under a minute url
8443,train,i slammed my phone to the ground and then screamed ahahahga
8444,train,user i just screamed to the world how much i love my little pony ??
8445,train,update: the police seemed like nice enough people. i felt bad when i transformed and they screamed... don't worry they're only unconscious.
8446,train,someone's gonna get screamed at for getting the lyrics wrong lmao
8447,train,i just screamed sidjsjdjekdjskdjd . i cant stand you ?? url
8448,train,user -of loki's daggers she pulled it out and jammed it into mina's thigh. when mina screamed and grabbed at her leg sif-
8450,holdout,omfg?? didnt expect drag me down to be the first song pandora played omfg i screamed so loud my coworker is scared url
8451,train,she screamed when she got the microchip needle. tbh i would have cried too the needle was massive ya haram
8452,train,i heard the steven universe theme song from upstairs and screamed his name at the part of the song and scared my cousin
8453,train,user user i screamed after hitting tweet
8454,train,the girls next to me screamed what the fuck is a chonce i'm cryibg
8455,holdout,i thought the loudest goal i ever screamed was higuain's offside goal against germany
8457,train,i ran with earbuds in which i now realize means i probably didn't politely say hi to jared but more or less screamed at him ??????
8458,val,i just got screamed at for asking my dad to move half a step so i could get through....
8459,holdout,user i dead ass screamed when we signed him i couldn't fucking believe it
8461,train,don't stop believing just came on the radio at this restaurant and a lil white bit screamed 'it's mommys song'
8463,train,brooke just face timed me at the concert and just screamed for 2 minutes straight
8464,holdout,*wants to make tweet about how much i dislike todays femnism movement but doesn't want to be screamed at' url
8468,train,26 people have screamed right in my ear this week at camp. twenty-six! and we still have 1/2 day left. hashtag cedarglade2015
8471,train,some kids going to leadership camp came into my work today asking for the bathroom and my inner asb kid screamed a lot. i miss camp ??
8472,train,vacation update: my great aunt just killed a spider with her bare hand after i screamed in fear. hashtag fierce
8473,train,not because i want to cheat or anything. just feels good to vent to my twitter without a txt being screamed at lol
8475,train,i'm sorry i'm so wild in 1d shows like in my wwa show niall started singing steal my girl i literally screamed shut the fuck up
8476,train,i just screamed in 57 languages this is so good url
8477,val,i screamed at the end oamsgajagahahah im laighign hashtag otrametlife url
8478,train,i have never screamed so loud url
8480,train,i screamed 'whats a chonce' url
8483,train,user i screamed at the top of my lungs when you said you guys would come back to s.a so keep your promise hashtag addtexastonext1dtour
8484,holdout,user user user user user why you screamed
8486,train,user i literally walked out of the concert and screamed my soul has been blessed
8487,train,i just screamed what the fuck is a hond
8489,train,i just screamed user url
8490,holdout,//kinda screamed >_< url
8491,holdout,i dont even remember slsp happening i just remember being like wtf and then the lights turned off and everyone screamed for the encore
8494,holdout,love waking up to my dad screaming at me ??????
8496,train,if you are quiet enough you can literally hear the phandom screaming at the tyler tweet
8497,holdout,i'm screaming and fangirling oh my god url
8498,train,during drag me down last night i was screaming 'shell of a mannequin' instead of 'shell of a man' and i think everyone hated me there
8500,holdout,user internally and externally screaming
8502,val,*cue the jariana stans screaming
8503,val,user screaming
8504,train,user now im internally screaming
8505,train,user the first time i went swiming in it i was basically screaming why does it smell/taste so bad
8506,train,screaming user user url
8507,holdout,lhh silent screaming was mastered url
8508,train,user he's hot & he can sing i'm screaming??????
8509,train,/ it's fine baby i was screaming at the tv x url
8510,val,harshness follows us a better day by sarah c racing thoughts with screaming sirens pacing back and forth for... url
8511,val,my favs i'm screaming so fucking loud url
8512,train,user im screaming
8513,val,user screaming
8514,val,camila's doing a follow spree tonight im screaming of happiness
8515,train,user sorry for screaming at you and user from the car i just kinda 'i know those people let's yell!' :/
8516,train,my dad a screaming coach always gave his vocal chords quite the workout on the field. url hashtag funnydadcoach
8517,val,'[+54 -9] how do people not know who kendall jenner is? she has 6 times the instagram followers of gd' screaming lmao
8518,holdout,user and if she had a screaming baby you would have loved that so much more
8520,val,user user i'm screaming omg hashtag idols hashtag 22days hashtag wdym
8522,train,user user can you hear me screaming !!!!!
8523,train,user user fucking screaming !
8524,train,user user all the loves be screaming at this one ??????
8526,holdout,hey there lonely girl did you have to tell your friends about the way i got you screaming my name?
8528,val,hashtag nochilllukehammings im screaming
8530,train,user if you follow me i will go into town and advertise your youtube channel by screaming and walking around with a sign. pls??
8531,train,user user screaming
8533,val,user user im screaming hes my favourite
8536,train,user user im screaming
8538,train,screaming in 22 different languages url
8539,train,user i am screaming hell yes ahhhh omg url
8540,train,like little boy you better sit your ass down stop screaming at my mother stop pulling your hair & crying like a 3 year old & grow tf up
8541,train,user user omgggg im screaming
8542,train,user ooooohshit ooohshit screams hell i love
8543,train,user *screams 666*
8545,val,//screams in the distance// url
8546,holdout,when you on the phone and user screams 'jaileens caked up on the phone' so everyone looks at you ????????????
8547,train,*screams in 25 different languages*
8550,val,*screams internally*
8551,train,*screams* url
8553,holdout,user i'm going to ram your ass so hard i'll have to shove your face on the pillows to muffle your screams of pain and pleasure~
8555,train,i come downstairs trying to look as normal as possible in front of my mom and rhiannon screams 'hungover???? huh???' uhmmmm no ????????
8556,holdout,he hit a tailor fucking made double play and kay screams he was robbed of a hit.
8557,train,apparently my face screams 'get me emotionally attached and then cheat on me'
8558,val,user *screams*don't scare me and its animatronics
8559,train,gets on battlefield 3 screams into mic at cunts
8560,train,~still echoes of their screams~
8561,holdout,in every bts song jimin screams
8562,train,casually on the phone with jasmine while she cries and screams about a spider
8567,train,user *screams*
8570,train,is the update rly life now is it is it/screams vibrates i cant handle
8571,holdout,user user screams and gets a face full of saku genitals
8572,train,user im not home. i need to watch. [screams]
8574,val,in light of recent events all i would like to say is *screams for five years*
8575,train,so user just followed me and i cannot contain my screams of joy! hashtag thankyou! ??????????
8576,holdout,user user my dell tablet screams with win10
8577,holdout,user i do feel sorry for him! he is not a piece of meat! he is a nice guy... people don't need to rush him and screams in his face!
8578,train,i agree with certain cultural appropriation things but honestly if u looked at my house it screams appropriation bc buddhas and stuff-
8579,train,this looney tunes-blake griffin commercial screams their making a space jam 2
8580,train,screams. where is everyone. oh wait school ok im ok
8581,holdout,aw man. 'apollo crews' just screams 'we can't think of a name for this black guy quick name some and mash them together'
8582,train,user go to sleep before someone screams at us??????
8584,train,when you go to a concert and someone screams in your ear... does it look like i wanna loose my hearing anytime soon???
8585,train,user & obama supports death2usa .. url
8586,train,the little girl next to me sees the spot lights in the sky and screams ' mom! look i see angels in the sky!' ????
8587,train,user aaaa ok lemme move to another roomr so no one hears my gay ass screams
8589,holdout,* screams *
8591,train,screams at my own mother url
8595,train,oil and gas exploration url
8596,train,man is reading a list of famous musicians who oppose nuclear power...wow powerful evidence. they must know a lot about seismic risks....
8598,holdout,seismic risk: a comparison between 2 case studies: calabria and malta url
8599,train,user u better learn derivative of formula seismic rather than thinking about things like that or you are a things like that? haha
8606,val,exploration takes seismic shift in hashtag gabon to hashtag somalia url
8607,train,29% of hashtag oil and hashtag gas organizations have no real-time insight on hashtag cyber threats. see how hashtag ey can help url
8608,train,exploration takes seismic shift in gabon to somalia - worldoil (subscription) url #??????? hashtag somalia
8609,train,the 08/06/2015 alabamaquake seismic summary w/ hashtag earthquake hashtag news & history url url
8610,train,'seismic' apple tv service to stream 25 channels across all d... url | url url
8612,holdout,user *zar cringes at the blows but doesn't let marek go* *he uses seismic toss
8613,holdout,seismic audio sa-15t sa15t padded black speaker covers (2) - qty of 1 = 1 pair! url url
8615,train,hashtag sismo detectado hashtag japì_n [report 1] 01:01:56 okinawa island region m4.0 depth 10km maximum seismic intensity 3 jst #??
8618,train,on the use of perforated metal shear panel sfor seismic-resistant applications url
8620,train,[report 5] 18:22:45 ibaraki prefecture offing m5.5 depth 60km maximum seismic intensity 4 hashtag earthquake
8621,train,thanks benson & clegg for the hashtag follow! check out our hashtag maps at url
8622,train,on thursday at 00:25 we updated our hashtag kml of 2d and 3d hashtag seismic exploration vessels. hashtag offshore hashtag oil url
8623,train,oil and gas exploration takes seismic shift in gabon to somalia - bloomberg url #??????? hashtag somalia
8624,val,user ?? u control the future of india.. yor subject: exploration or seismic maintenance( electrical or mechanical)
8625,train,hashtag sismo detectado hashtag japì_n [report 3] 01:02:17 okinawa island region m3.8 depth 10km maximum seismic intensity 3 jst #??
8627,train,agency seeks comments on seismic permits url
8628,holdout,still no plans? don't worry we got you covered. plenty of seismic ipa and seismic squeeze radler to help... url
8631,train,hashtag oilandgas exploration takes seismic shift in hashtag gabon to hashtag somalia url via user
8633,val,exploration takes seismic shift in hashtag gabon to hashtag somalia url url
8635,train,new post from user : 3 major challenges of channel sales enablement url
8636,holdout,panoramic resources cuts jobs after seismic event url
8637,train,england east coast. dogger bank westward. 1. seismic survey in progress by m/v western regent towing a 8400 metre long cable within areaû_
8638,val,a subcontractor working for french seismic survey group cgg has been kidnapped in cairo and is held by islamic state the company said on wû_
8639,train,the art world's seismic shift back to the oddball - observer url
8640,train,hashtag sismo detectado hashtag japì_n 06:32:43 miyagi estimated seismic intensity 0 jst #??
8642,train,sinkhole selfies: you wont believe what's in the brooklyn sinkhole!: sinkhole selfies: you wont belie... url
8643,train,mrw when a sinkhole opens up beneath my friends and i... hashtag gif hashtag funny hashtag lol hashtag comedy hashtag ifunny hashtag video hashtag image hashtag rt url
8644,val,talk on goz is fantastic. most interesting fact so far is that they manually bought all the .ru domains to sinkhole rather than seek co-op.
8646,train,nothing surprises me anymore and i am sure there is more to come... url
8647,val,large sinkhole swallows entire pond in lowndes county georgia: large sinkholeû_ url hashtag occasion2b
8648,train,10news ? water main break disrupts trolley service url
8650,train,sinkhole closes falmer drive in bethlehem township url
8651,train,a sinkhole grows in brooklyn: six-meter crater swallows street url
8653,train,user 'screaming mad scientist deceased after tumbling over heels and falling into sinkhole during investigation'
8654,train,gaping sinkhole opens up in brooklyn new york url
8655,train,ûï user : this morning hashtag fdny responded to a sinkhole in hashtag brooklyn. units remain on-scene with user & others. url
8656,holdout,150-foot sinkhole opens in lowndes county residential area wctv-35 minutes ago
8657,train,large sinkhole swallows entire pond in lowndes county georgia url hashtag yonews
8658,train,i've been trying to write a theological short story about a monster living in a sinkhole. then i heard about brooklyn. hashtag accidentalprophecy
8659,val,sinkhole selfies: you wont believe what's in the brooklyn sinkhole! url
8660,holdout,user loads of stuff going on recently. see the blog at url hashtag sinkhole hashtag piling url
8661,train,150-foot sinkhole opens in lowndes county residential area url
8662,holdout,hashtag sandiego hashtag news sinkhole disrupts downtown trolley service: the incident happened wed... url hashtag algeria #???????
8663,holdout,beforeitsnews : a sinkhole grows in brooklyn: six-meter crater swallows street û_ url url
8664,val,massive sinkhole emerges in brooklyn url url
8665,train,hashtag lomasvisto thousands of hipsters feared lost: giant sinkhole devours brooklyn intersectio... url hashtag cadenadeseguidores
8667,train,150-foot sinkhole opens in lowndes county residential area url
8668,train,sinkhole disrupts downtown trolley service hashtag sandiego - url
8669,train,sinkhole swallows brooklyn intersection ûò video url url
8670,train,i could die by falling in a sinkhole and i'd still be blamed for it
8673,train,damn that sinkhole on sunset????
8674,train,water main break disrupts trolley service url hashtag sandiego url
8676,train,rt twit_san_diego 'possible sinkhole disrupts trolley service: a depression in a portion of asphalt in downtown saû_ url
8677,holdout,sinkhole selfies: you wont believe what's in the brooklyn sinkhole!: sinkhole sel... url user hashtag funny
8680,train,some evansville residents told to limit water usage due to sinkhole construction: some evansville residents haveû_ url
8681,train,user we can't because a sinkhole swallowed every taco place in the neighborhood
8683,train,sinkhole on west side damaging cars via user url
8684,val,georgia sinkhole closes road swallows whole pond url
8685,holdout,does that sewer look like it's sinking to you? is this what happens pre-sinkhole???? and i'm going insane url
8686,train,sinkhole leaking sewage opens in housing estate irish independent-3 aug 2015
8688,train,a random hole just broke out in the street ?? url
8689,holdout,hashtag mtsalert orange & blue line riders: expect delays downtown due to a sinkhole that's developed in the vicinity of 4th & c street.
8690,train,there's a sinkhole in brooklyn ?!
8691,train,share large sinkhole swallows entire pond in lowndes county georgia a largeû_ url hashtag yonews
8692,train,do you feel like you are sinking in low self-image? take the quiz: url url
8693,holdout,after a few years afloat pension plans start sinking again url
8694,train,do you feel like you are sinking in unhappiness? take the quiz: url url
8695,train,with a sinking music video tv career brooke hogan should be thanking her dad for the free publicity...although i doubt it will help her.
8696,train,user i feel so bad for them. i can literally feel that feeling of your heart sinking bc you didn't get anyone ugh jfc
8697,holdout,hashtag nowplaying sinking fast - now or never on north east unsigned radio listen at url
8698,train,that horrible sinking feeling when you've been at home on your phone for a while and you realise its been on 3g this whole time
8699,holdout,nigga car sinking but he snapping it up for fox 13. hashtag priorities url
8700,train,user you should delete this one it's not an abbandoned nor sinking. that's the darsena of the castello scaligero di sirmione.
8702,train,that horrible sinking feeling when you've been at home on your phone for a while and you realise its been on 3g this whole time
8704,val,4 equipment ego break upon dig your family internet hoke excepting versus a sinking term: dfljev
8705,val,currency transgress before payday-prison ward sinking-fund payment unsecured loan: jbumzqpk
8706,train,?that horrible sinking feeling when you've been at home on your phone for a while and you realise its been on 3g this whole time
8708,train,if you're lost and alone or you're sinking like a stone carry onnnn
8709,holdout,lying clinton sinking! donald trump singing: let's make america great again! url
8710,train,user too slow report the sinking boat in the mediterranean sea what a shame
8711,holdout,we walk the plank of a sinking ship
8712,train,the sinking ship ( user ): scarlet lane lenore is on replacing stone saison ( user )
8714,train,that horrible sinking feeling when you've been at home on your phone for a while and you realise its been on 3g this whole time
8715,train,in the movie 'titanic' jack and rose both could have stayed on the wooden beam without it sinking.
8717,train,û¢û¢if your lost & alone or your sinking like a stone carry onå¡å¡
8718,train,if there's a chance will get a gander of the sinking ship that is hashtag tna too. can't help but appease my morbid curiosity. hashtag destinationimpact
8720,train,so happy to be exercised of the demon of user . price kept rising service kept sinking. hashtag goodbye
8721,train,do you feel like you are sinking in low self-image? take the quiz: url url
8722,train,investment news keurig green mountain inc. third-quarter earnings: shares sinking after-hours - stocks in the newû_ url
8723,holdout,user did lloyds of london insure your bet with user hashtag sinking hashtag twins
8724,train,sinking the slipper or putting the boot in url
8726,train,in your eyes i see the hope i once knew. i'm sinking. i'm sinking away from you. don't turn around you'll see... you can make it.
8727,holdout,that horrible sinking feeling when you've been at home on your phone for a while and you realise its been on 3g this whole time.
8728,holdout,'i'm sinking down in the darkest dream so deep so cold this pain inside of me my love for you is more dan i can bear' jota esse??
8729,train,sinking carb consultative assembly plans could subconscious self live straight a leading way of escape: xkdrx
8732,val,this is lara she likes sinking her teeth into my flesh and clawing my arms ?????? url
8733,val,spent too many hours sinking into the wonderfully created worlds of mafia and mafia ii in my life. excited for another installment.
8734,train,do you feel like you are sinking in unhappiness? take the quiz: url url
8735,train,that horrible sinking feeling when you've been at home on your phone for a while and you realise its been on 3g this whole time
8736,val,its just now sinking in this is the last episode my heart hurts so bad
8737,val,slowly sinking wasting ?? user
8738,val,the hashtag tribe just keeps sinking everyday it seems faster. as for this year it's been a titanic disaster.
8739,train,that horrible sinking feeling when you've been at home on your phone for a while and you realise its been on 3g this whole time
8740,train,each time we try we always end up sinking
8741,train,do you feel like you are sinking in unhappiness? take the quiz: url url
8742,train,i just made a weird high pitched noise and then i heard a siren ofnsixjks ??????
8743,val,today is corii siren's birthday! spoil her now: url hashtag wishlist url
8744,holdout,' user : haha jam imeshika hapa garden city mats bumper to bumper with aar ambulance.we decide to chill via user ' piga siren kijan
8745,train,user oh shit!
8746,train,big love user url
8747,val,'amateur night' actress reprises role for 'siren' - horrormovies.ca hashtag horror url
8750,val,lol ' user : *cousin ' user : coursing* ' user : now they are causing di maria.. lol''
8751,holdout,what. the. fuck. url
8752,holdout,i'm more into the healing/reviving side of the game rather than better attacking so for now siren > all other characters (except new girl).
8753,train,a demoness with the voice of an angel. like a siren's call beckoning me to the void. don't ?? on thisû_ url
8754,val,whelen model 295ss-100 siren amplifier police emergency vehicle - full read by ebay url url
8755,holdout,url its the best time of day!! åê user is hashtag liveonstreamate!
8757,holdout,? hashtag nowplaying song to the siren - john frusciante (2009) url
8758,train,so when r u getting married' user : oh finally jennifer aniston got married??????... i'm so happy for her ??????'
8759,train,super sweet and beautiful :) url
8760,holdout,apparently they're going to have a ww2 siren to announce something. not sure if that's fun or dull bc the ww2 siren is a v monotonous sound.
8761,train,there's a weird siren going off here...i hope hunterston isn't in the process of blowing itself to smithereens...
8762,val,user they all are intending to go. just waiting for winds to drop. siren just gone off to signal they allowed to leave arena.none gone
8763,train,internet firms to be subject to new cybersecurity rules in eu... url
8766,train,i don't think i've forgiven angelina jolie yet sef????
8767,train,coursing* ' user : now they are causing di maria.. lol'
8768,train,i added a video to a user playlist url siren 1 gameplay/walkthrough part 1
8770,train,user hashtag askh3cz i'm jealous now. bc i wanted a elgato hd for my bday so i can record videos but i didnt have the money for it.
8774,train,look at them' user : co happy bn too long' user : oh finally jennifer aniston got married??????... i'm so happy for her ??????''
8775,holdout,user my beautiful aquarius queenmy siren of the cliffs and pretenses of overtures.please sing this phantom songfor you alone shall
8776,train,pharma overloaded with a loud cry like an emergency siren. ...fucking.
8777,holdout,user my pc account got hacked. someone tried to pull out over 1200 bucks which wasn't there now i have an nsf & no idea who or why
8778,train,don't argue cheap now. you're better than that. ??
8780,val,the real question is why is the tornado siren going off in dyersburg?
8781,train,can you save can you save my can you save my heavydirtysoul?
8782,train,siren test complete :: the test has concluded
8783,train,serephina the siren <3 url
8784,val,user thanks for joining the foot. user
8785,train,outdoor siren test 2pm :: the fgcu siren will be tested at 2pm today. another message will be sent when the test is concluded.
8786,train,user i mean i'm a fan but i don't need a girl sounding off like a damn siren
8787,val,i hate this damn milwaukee indyfest. all the cars sound like a really long tornado siren going off and it woke me up from my nap
8788,holdout,any new games coming soon user ?
8789,train,user -with the screeching siren accompanying it just before he walked out.
8790,train,this cop seriously just turned on their siren to get through traffic and turned it right back off like wtf
8791,train,u know the music good when you hear the siren and you get chills
8793,val,reasons i should have gone to warped today: tony played issues showed up sleeping w sirens played attila is there issues issues issues
8795,train,thu aug 06 2015 01:20:32 gmt+0000 (utc) hashtag millcityio hashtag 20150613 theramin sirens
8797,train,user on the block we hear sirens& stories of kids getting lemonade only to see their life get minute made. we talking semi paid
8799,train,a segment of the v/h/s anthology series is getting the feature film treatment:... url
8800,val,user the sirens are telling you to get ready to turn up???????? url
8801,train,fuck sleeping with sirens.
8802,train,my dad said i look thinner than usual but really im over here like url
8804,train,rappers stop sampling police sirens and start sampling whale song.????
8805,train,yay for sirens
8806,val,to ouvindo sleeping with sirens awn
8808,train,hashtag sirensicebreaker what is one fantasy work about a diverse heroine that you think everyone should read? url
8810,train,user just saw a bomb squad car heading north on elliott with sirens on - any word on where they're headed??
8812,train,'i know a dill pickle when i taste one' -me
8815,train,marketforce perth named winner of sirens round 2 for 'iinet nbn buffering cat shark' radio spot url
8816,train,user any idea what's going on? i hear no sirens but this damn helo is flying so low my apt is shaking!
8817,holdout,lets goooooooo url
8823,holdout,a new favorite: midfield general disco sirens house edm version soni soner by user url on hashtag soundcloud
8825,train,photoset: hakogaku: ?åêi am a kurd. i was born on a battlefield. raised on a battlefield. gunfire sirens... url
8829,train,user sirens was cancelled.
8830,train,'if you looking for my niggas you can follow the sirens.' ????
8831,train,what's going on in hollywood? hashtag abc7eyewitness user helicopters and sirens. hashtag hometownglory
8832,train,connor franta: damn sirens i hope everyone is okay. dan howell: can you please get murdered on another street
8835,holdout,gostei de um vì_deo user de user url sleeping with sirens postcards and polaroids acoustic cover
8836,train,a rocket to the moon ? sleeping with sirens ?a rocket to the moon ????????????
8837,train,marketforce's ûïcat sharkû wins sirens round two url hashtag radio hashtag news
8838,holdout,i added a video to a user playlist url cher lloyd - sirens
8839,val,sleeping with sirens vai vir pra sp
8840,holdout,kyle is one of the last people i would expect to like sleeping with sirens.
8841,holdout,it's 'run from sirens' by 'half hour hotel' user user . 'premium promotion' offer url
8842,holdout,what's wrong with just a lil smoke and good conversation ????
8843,train,user if i did i'd smoke you up brooo!
8844,val,i barely smoke with people i solo all my blunts
8846,holdout,smoke whatever you got
8848,val,smoke the weed - snoop lion ft. collie buddz
8850,val,and all you girls that smoke.... have you notice that you started to lose alot of weight ??? hmmm don't know body want no thin girl tf
8851,train,smoke with me baby and lay with me baby and laugh with me baby i just want the simple things
8852,train,im gonna get naked and smoke my cigarette someone call me radneck or is it just too hot in here
8853,val,smoke alot of weed like fuck kidneys put a dutch in me
8854,holdout,user what like a pipe made of peanut butter or a pipe you can smoke peanut butter out of?
8855,train,i want to smoke ??
8856,train,in 2014 i will only smoke crqck if i becyme a mayor. this includes foursquare.
8857,val,when you burp and smoke comes out
8858,train,if you're dating someone who doesn't let you smoke leave them and date someone who also smokes. trust me. ??
8859,train,niggas selling weed just so they can smoke & stay high. yall nigga in the way..
8860,val,i wanna drink a little smoke a little
8862,val,smoke ave streets hottest youngins
8863,train,user you don't know because you don't smoke. the way to make taxis and buses come is to light a cigarette to smoke while you wait.
8864,train,[55436] 1950 lionel trains smoke locomotives with magne-traction instructions url url
8865,train,user smoke a blunt & get through it.. no more ciggs for you.
8866,val,i smoke toooooo much lmao i was scared to text this number bck but now it all makes sense lol
8869,train,user i'm tryna smoke that mf out
8871,train,be trynna smoke tj out but he a hoe
8872,train,user sky looks clear.... no smoke from the fires. enjoy your time in tahoe. one of my favorite places!
8875,train,so does austin smoke too since he agreed to that name or what? ûó lol no url
8878,train,smoke it all url
8880,train,i get to smoke my shit in peace
8881,train,if you wanna smoke cigs that's your own problem but when your breath smells like an old ash tray.. that's fucking disgusting
8883,train,user neither of them even smoke so i dk what was going on lol
8885,train,smoke eat sleep
8886,train,i miss josie cause i wanna smoke splifs and go to taco bell ??
8887,train,mental/twitter note: make sure my smoke alarm battery is up to snuff at all times or face many twitter reminders of changing my battery.
8888,val,user no.. i mean when is mino said that he doesn't smoke? u mention it before.. :))
8890,holdout,i just wanna smoke some weed and get some commas
8892,train,'snowstorm' 36'x36' oil on canvas (2009) url hashtag art hashtag painting
8893,train,manuel hoping for an early buffalo snowstorm so his accuracy improves.
8896,train,hi yall this poem is called is the one about the snowstorm when we meet in space and that one time it rained. thx. ur watching disney chann
8899,train,for some reason knocking on someone's door at 3am in a snowstorm while wearing footed pajamas is not the best way to get into their bathroom
8900,holdout,sorry-i built a fire by my desk already. rt user user user user ..please maintain that snowstorm til i arrive.
8902,train,sassy city girl country hunk stranded in smoky mountain snowstorm hashtag aoms url hashtag ibooklove hashtag bookboost
8903,train,user it won't let me as you don't follow me
8905,train,new hashtag photo oak in a snowstorm url taken in hashtag winter on the hashtag southdowns hashtag hampshire hashtag photography hashtag art hashtag tree hashtag treeporn
8906,train,you're the snowstorm i'm purified. the darkest fairy tale in the pale moonlight.
8907,val,mini lalaloopsy dolls seed sunburst june seashore sweater snowstorm autumn spice - full reû_ url url
8908,val,user bring back games from the past. snowstorm. tic tac toe. battleships. fast food. matchwood.
8912,train,sassy city girl country hunk stranded in smoky mountain snowstorm hashtag aoms url hashtag ibooklove hashtag bookboost
8913,train,user i've still got some of the snowstorm/hailstorm!
8914,holdout,can you list 5 reasons why a london hashtag tubestrike is better than a snowstorm? read here... url
8916,train,ûï user : everyone here: ahh i hate snow! me: lol u call this a snowstorm..? hashtag growingupincoloradoû
8920,val,user besides your nasty thunderstorm or snowstorm nah. can't say that i have.
8921,val,'cooler than freddie jackson sippin' a milkshake in a snowstorm'
8923,holdout,transportation panel showing a video of a pileup of 18-wheelers in a snowstorm in wy. crash crash crash ûïmake it stop!û hashtag amssummer
8924,train,sassy city girl country hunk stranded in smoky mountain snowstorm hashtag aoms url hashtag ibooklove hashtag bookboost
8926,val,user ah i remember those days. in a snowstorm too.
8927,train,picking up a man in a bar is like a snowstorm you never know when he's coming how many inches you'll get or how long'll he'll stay.
8931,train,hashtag nowplaying last smoke before the snowstorm by benjamin francis leftwich - hopefully new album coming soon :) ? url
8933,train,new hashtag photo oak in a snowstorm url on the hashtag southdowns hashtag hampshire hashtag winter hashtag photography hashtag art hashtag tree hashtag treescape hashtag treeporn
8934,holdout,i liked a user video url boeing 737 takeoff in snowstorm. hd cockpit view + atc audio - episode 18
8935,val,photo: mothernaturenetwork: what is thundersnow? hearing thunder during a snowstorm is extremely uncommon.... url
8936,val,hashtag lakeeffect hashtag snowstorm twill denim jackets *** all my proceeds for items with this design will goû_ url
8938,train,lrt refer to the lyrics to hear big boi explain why he's as cool as ûïsippin' a milkshake in a snowstorm' lame bars but effective at the time
8939,val,user user i'm actually currently dressed for a snowstorm...despite being in the middle of a texas summer. thanks office a/c.
8941,train,snowstorm planned outside hashtag rome's st mary major tonight - annual occasion artificial snow remembering summer snow in 358 ad on same spot.
8942,train,finally a storm
8944,train,hashtag gamefeed warcraft 3-inspired mode likely hitting heroes of the storm: let's go back to the beginning. url hashtag videogame
8945,train,typhoon soudelor was captured in this incredible nasa photo on it's way to taiwan! url url
8946,holdout,so this storm just came out of no where. .fuck me its cool
8947,train,omfg.... i just woke up again....
8948,holdout,new on ebay uk star wars storm trooper pop! vinyl bobble head figure pop funko url url
8949,train,how to prepare your hashtag property for a hashtag storm: url url
8952,val,kesabaran membuahkan hasil indah pada saat tepat! life isn't about waiting for the storm to pass it's about learning to dance in the rain.
8953,train,user comeeeee! ...but why is it bout to storm tho
8955,holdout,rt user : 'the person who dances with you in the rain will most likely walk with you in the storm.' -anonymous
8956,train,the secrets of the storm vortex the lightning catcher book û_ : url .
8957,val,is it bad to say that i'm kinda afraid of storms and we are in a storm???? help
8959,train,looks like a perfect storm-free evening coming up. check out the outdoor happenings featured at url hashtag eventspalmbeach.
8961,train,crazy storm hit and i'm trapped inside a hobby lobby ama url
8962,train,it's okay i welcome the rain. gave you all the storm that you could weather.
8963,train,nike golf storm fit golf jacket black medium url hashtag sportinggoods url
8965,train,every time i buy a bag for life i think i've got 3 days left to live.
8966,train,what tropical storm? hashtag guillermo by hawaiianpaddlesports url url
8967,val,new item: pillow covers any size pillow cover grey pillow pillows premier prints lulu storm grey by mypillowstudio û_ url
8968,train,this storm????
8969,val,user storm and silence by user
8970,holdout,a warcraft 3-inspired mode is likely coming to heroes of the storm url url url
8971,train,the storm prediction center has expanded the 'slight risk' area to include more of central nc. hashtag twcnews hashtag ncwx url
8972,train,'calgarians stunned by storm insurance companies busy handling calls' hashtag abstorm url
8973,val,finna storm. fuck my back boutta start hurting like a mf ??????
8974,train,ready for this storm
8976,train,severe t-storm warning for union county ~3:45pm. top threats include heavy rain lightning & damaging winds. url
8978,train,ice cream + cupcake wars + storm = content sara
8979,train,nasahurricane? eastern pacific *full update* satellite sees formation of eastern pacific's tropical storm hilda thû_ url
8980,val,the sky's clear the storm has passed but it's still raining in my head
8983,train,happy birthday user ?? i miss you so much & i hope you have a great birthday!!????
8985,train,hashtag nasa announced that a massive hashtag solar storm is headed straight for us: url
8986,train,my last two weather pics from the storm on august 2nd. people packed up real fast after the temp dropped and winds picked up.
8987,val,doves - the storm + greatest denier (electric proms pt4) url
8989,holdout,today's storm will pass; let tomorrow's light greet you with a kiss. bask in this loving warmth; let your soul return to bliss.
8992,holdout,somebody get the doctor i'm feelin' pretty poor. somebody get the stretcher before i hit the floor
8993,train,user user user user no but a stretcher would have been nice.
8994,val,free ebay sniping rt? url lumbar extender back stretcher excellent condition!! ?please favorite & share
8996,val,user user user user user i see the programme (:
8998,train,dan hughes was taken off on a stretcher after danielle robinson collided user hope they are both ok he called some games over years
8999,train,ferno would appreciate if everyone in ems could dust off their engineering degree & inspect all stretcher components. url
9000,train,stretcher brought out for vampiro. cut to commercial isn't a good sign. hashtag ultimalucha hashtag luchaunderground
9001,train,how to restore vinyl siding and make it look new again url url
9002,holdout,user user user user let's have babies??!
9005,train,organic natural horn stretcher expander earrings body jewelry with painting in tribal ... url url
9006,train,no ways!!! a video for 'stretcher'?! user
9007,train,*new!* stretcher in 5 min url (by fujiwara shunichiro 2015-08-05) [technology]
9008,train,user user user user user user still a lot
9009,train,how to freeze fruits and veggies url
9012,train,homemade frozen yogurt pops? have you had luck making them? url url
9016,holdout,the '1pack 2pack 3pack' line is on fleek if stretcher is fire.
9018,holdout,sweater stretcher url url
9020,val,ûïstretcher in 5 min // speaker deckû url
9022,train,user user user user user user i can't stop
9023,train,i should have known better than to think i'd get anything done after a 2 hour capoeira class. stretcher-bearer!
9025,train,user user user user user 'ben favorited'
9026,train,he's being put on a stretcher ?? don't want to see that.
9027,train,lately i been stressing make me wanna put a fuck nigga on a stretcher!
9028,train,mxaaaa south africans just can't appreciate effort hashtag stretcher was not that bad stop hating
9029,train,keep shape your shoes ??hashtag amazon hashtag foot hashtag adjust hashtag shape hashtag shoe mini shoe tree stretcher shaper width extender adjustable url
9030,train,stretcher in 5 min // speaker deck url
9031,train,lately i've been under pressure make me wanna put a fuck niqqa on a stretcher
9033,train,stretcher-bearers were soldiers whose job was to follow behind the advance and bring the wounded back into their... url
9034,val,scary stuff in san antonio. stars head coach dan hughes was run into on the sidelines and fell over chairs onto the floor. stretcher now out
9038,train,how to restore vinyl siding and make it look new again url url
9039,train,user nah but thinking of getting a stretcher in my foreskin what u think?
9040,holdout,user user user user show me a picture of it
9041,val,ûïstretcher in 5 min // speaker deckû url
9042,train,1) 'investigators say a virgin galactic spaceship crash was caused by structural failure after the co-pilot unlocked a braking system early'
9044,val,spacex founder musk: structural failure took down falcon 9 url
9045,train,user user it's more of a structural breakdown. or maybe a patience failure on their part.
9047,val,virgin galactic crash: early unlocking of brakes triggered structural failure url
9051,train,video: virgin galactic crash: brakes blamed: investigators have said a virgin galactic spaceship crash was caused by structural failureû_
9052,val,investigators have said a virgin galactic spaceship crash was caused by structural failure after the co-pilot ... url
9053,train,investigators say a fatal virgin galactic spaceship crash last year was caused by structural failure after the... url
9054,train,rightways: building structural integrity & failure: problems inspections repair url via user
9055,train,user mega mood swing on a 24 hr schedule. isn't that how structural failure occurs?
9057,holdout,the result of failure in correcting structural problems with west's financial markets collapse url
9058,train,3. excessive engine failure rate significant maintenance constantly emerging structural defects. phew that's a lot i say.
9059,val,virgin galactic crash: early unlocking of brakes triggered structural failure - irish examiner url
9060,train,[clip] top-down coercion - the structural weakness ensuring government failure url
9061,train,investigators say a fatal virgin galactic spaceship crash last year was caused by structural failure after the coû_
9062,train,we offer hashtag preventative services such as cabling and bracing to stop structural failure of your trees. call 905-877-8591 to book yours. hashtag cts
9064,train,rightways: building structural integrity & failure: inspections damages defects testing repair url via user
9067,holdout,ntsb: virgin galactic's spaceshiptwo crash due to structural failure when braking system unlocked early url via user user
9071,val,investigators have said a virgin galactic spaceship crash was caused by structural failure after the co-pilot ... url
9072,holdout,investigators rule catastrophic structural failure resulted in 2014 ... url
9074,val,investigators have said a virgin galactic spaceship crash was caused by structural failure after the co-pilot ... url
9075,train,investigators have said a virgin galactic spaceship crash was caused by structural failure after the co-pilot unlocked a braking system
9077,val,user user user user and of course you don't have to melt the steel in order to cause structural failure.
9078,val,cap: 'the drive act represents the failure of senate republicans to address the structural shortfalls plaguing the highway trust fund'
9079,train,photo: failure in structural integrity affects us all. whether it is a barn raised upon a faulty concrete... url
9080,train,user sabotage!i rule out structural failure
9081,val,' user : the causes of federal failure are deeply structural and they will not be easily solved: url
9082,train,slums are a manifestation state failure to provide housing to citizens. illegality discourse confounds structural problems. hashtag stopevictions
9083,train,investigators say a fatal virgin galactic spaceship crash last year was caused by structural failure after the... url
9084,train,user user and this is a structural problem rather than just a failure of competence by traditional soc democratic parties.
9085,train,'jet fuel cant melt steel' 'the structural failure is illogical' 'the second plane crashing into the building is fake' 'it was a bomb'
9086,holdout,investigators rule catastrophic structural failure resulted in 2014 ... url
9087,train,virgin galactic crash: early unlocking of brakes triggered structural failure: the crash of a virgin galactic ... url
9088,train,investigators rule catastrophic structural failure resulted in 2014 virg.. related articles: url
9089,train,ntsb: virgin galactic crash caused by structural failure triggered when brakes unlocked early url url
9090,train,investigators say a fatal virgin galactic spaceship crash last year was caused by structural failure after the co-pilot unlocked a braking
9093,train,user all obama is doing is giving a false time schedule on iran testing there first bomb bomb = nuclear suicide vest
9094,train,if you ever think you running out of choices in life rembr there's that kid that has no choice but wear a suicide bomb vest
9095,val,hashtag bestnaijamade: 16yr old pkk suicide bomber who detonated bomb in ... url bestnaijamade bestnaijamade bestnaijamade beû_
9096,holdout,pic of 16yr old pkk suicide bomber who detonated bomb in turkey army trench released url url
9097,holdout,pic of 16yr old pkk suicide bomber who detonated bomb in turkey army trench released url url
9098,val,hashtag bestnaijamade: 16yr old pkk suicide bomber who detonated bomb in ... url bestnaijamade bestnaijamade bestnaijamade beû_
9099,train,user it might have come out only too burst as a bomb making him suicide bomber
9100,holdout,pic of 16yr old pkk suicide bomber who detonated bomb in turkey army trench released url url
9101,train,pic of 16yr old pkk suicide bomber who detonated bomb in turkey army trench released url
9102,val,...//..// whao.. pic of 16yr old pkk suicide bomber who detonated bomb in turkey army trench released url
9103,train,look at the previous battles. citizens were committing suicide so to not be under american control. the bomb was the only way. user
9106,train,she's a suicide bomb
9107,val,hashtag bestnaijamade: 16yr old pkk suicide bomber who detonated bomb in ... url bestnaijamade bestnaijamade bestnaijamade beû_
9109,holdout,pic of 16yr old pkk suicide bomber who detonated bomb in turkey army trench released url url
9110,train,see the 16yr old pkk suicide bomber who detonated bomb in turkey army trenchû_ url via user url
9112,holdout,//./../.. pic of 16yr old pkk suicide bomber who detonated bomb in turkey army trench released url -/
9113,val,hashtag bestnaijamade: 16yr old pkk suicide bomber who detonated bomb in ... url bestnaijamade bestnaijamade bestnaijamade beû_
9114,val,hashtag bestnaijamade: 16yr old pkk suicide bomber who detonated bomb in ... url bestnaijamade bestnaijamade bestnaijamade beû_
9116,holdout,//./../.. pic of 16yr old pkk suicide bomber who detonated bomb in turkey army trench released url -/
9118,train,recap/ pic of 16yr old pkk suicide bomber who detonated bomb in turkey army trench released url
9119,val,11 soldiers killed in isis suicide bomb in air base east homs syria news | zaman alwsl - url hashtag isis hashtag homs
9120,holdout,16yr old pkk suicide bomber who detonated bomb in turkey army trench released url
9121,holdout,16yr old pkk suicide bomber who detonated bomb in turkey army trench released url
9123,holdout,16yr old pkk suicide bomber who detonated bomb in turkey army trench released url
9124,holdout,pic of 16yr old pkk suicide bomber who detonated bomb in turkey army trench released url url
9126,train,wo pic of 16yr old pkk suicide bomber who detonated bomb in turkey army trench released url /'/'//
9128,train,pic of 16yr old pkk suicide bomber who detonated bomb in turkey army trench released url
9130,val,iraq - hashd shaabi theft isis suicide car bomb url hashtag isis url
9131,train,ll//ll= pic of 16yr old pkk suicide bomber who detonated bomb in turkey army trench released url /
9132,holdout,16yr old pkk suicide bomber who detonated bomb in turkey army trench released url
9134,holdout,hashtag grupdates pic of 16yr old pkk suicide bomber who detonated bomb in turkey army trench released --> url
9135,val,hashtag bestnaijamade: 16yr old pkk suicide bomber who detonated bomb in ... url bestnaijamade bestnaijamade bestnaijamade beû_
9137,train,? 19th day since 17-jul-2015 -- nigeria: suicide bomb attacks killed 64 people; blamed: boko haram [l.a. times/ap] | url
9139,val,16yr old boy pic pkk suicide bomber who detonated bomb in turkey army trench url url
9141,val,new post: pic of 16yr old pkk suicide bomber who detonated bomb in turkey army trench released url
9142,train,suicide bomber kills 15 in saudi security site mosque url hashtag mercados
9143,holdout,suicide bomber kills 13 at saudi mosque url hashtag saudi hashtag tripoli hashtag libya
9144,train,six people were killed thursday when a taliban suicide bomber detonated an explosives-rigged truck outside a police compound in eastern
9145,train,isis claims responsibility for saudi mosque suicide bombing url url
9146,train,suicide bomber kills 15 in saudi security site mosque url
9148,train,hashtag isis claims responsibility for saudi suicide bombing url
9149,train,islamic state claims suicide bombing at saudi arabian mosque: ten members of emergency service... url via user
9151,val,hashtag saudiarabia 13 confirmed dead as suicide bomber attacks saudi arabian mosque - the i... url - url
9154,train,suicide bomber kills 15 in saudi security site mosque - reuters canada: reuters canadasuicide bomber kills 15 ... url
9156,train,suicide bomber kills 15 in saudi security site mosque url via user
9157,holdout,news: 'islamic state claims suicide bombing at saudi arabian mosque' url
9159,holdout,17 killed in s'arabia mosque suicide bombing a suicide bomber attacked a mosque in aseer south-western saudi... url
9161,train,mosque bombing strikes saudi special forces; at least 15 people dead: a suicide bomber struck a mosque i... url hashtag news
9162,val,suicide bomber 'hits saudi mosque' url
9164,train,suicide bomber detonates in saudi arabia mosque 17 reportedly killed url
9166,holdout,suicide bomber kills 15 in saudi security site mosque - a suicide bomber killed at least 15 people in an attack on... url
9169,train,suicide bomber kills 15 in saudi security site mosque - reuters url
9171,holdout,#?? #?? #??? #??? suicide bomber kills 15 in saudi security site mosque - reuters url
9172,train,user suicide bomber targets saudi mosque at least 13 dead - suicide bomber targets saudi mosque at least 13 dead this is ridiculous
9173,train,url suicide bomber kills 15 in saudi security site mosque - reuters url
9174,train,hashtag deai #??? #??? #??? suicide bomber kills 15 in saudi security site mosque - reuters url
9175,train,suicide bomber kills more than a dozen in saudi mosque: saudi arabia have started experiencing some terrorist ... url
9177,train,suicide bomber kills 13 at saudiåêmosque url
9179,train,suicide bomber kills 15 in saudi security site mosque url hashtag mercados
9180,train,is claims suicide bombing against saudi police: an islamic state group suicide bomber on thursday detonated an... url
9181,train,user why is no one talking about the risk of a suicide bomber hiding amongst the migrants stowing aboard the eurotunnel trains?
9182,train,i liked a user video from user url gta 5 - suicide sticky bomber (gta 5 online funny moments)
9183,train,is claims suicide bombing against saudi police: riyadh (afp) - an islamic state group suicide bomber on thursd... url
9185,train,suicide bomber kills more than a dozen in saudi mosque: saudi arabia have started experiencing some terrorist ... url
9187,val,suicide bomber kills 15 in saudi security site mosque hashtag world hashtag news
9191,holdout,#?? #?? #??? #??? suicide bomber kills 15 in saudi security site mosque - reuters url
9192,train,i was taught at school in the 1970s that piracy slavery and suicide-bombing were purely historical. no one then expected them to re-occur
9193,train,after a suicide bombing in suruì¤ that killed 32 people turkey launches airstrikes against isil and kurdistan workers' party camps in iraq.
9194,train,user user user he's been having lessons in suicide bombing from his imam!
9195,val,user user user usually i'd agree. once the whole chopping heads off throwing gays off rooftops & suicide bombing start
9197,val,suicide bombing for da'esh is (rightly) despicable. suicide bombing for ocalan/ marxism? = they share 'our values'. url
9203,val,< 25 dead in kuwait mosque suicide bombing claimed by isis offshoot on url
9206,val,suicide bombing is just the fear of dying alone
9207,train,'suicide bombing at [location named]...' hashtag premonitions url
9208,train,user it is almost amazing to think someone thought suicide bombing would actually be a good idea.
9209,train,13 security personnel killed in iraq suicide bombing | url url
9210,holdout,turkish troops killed in kurdish militant 'suicide attack' url
9211,train,remembering rebecca roga 40 of the philippines. murdered by hamas terrorists in the suicide bombing of egged bus no. 361
9212,train,infographic: at least 20 turkish security officials killed in pkk and isis terror attacks since suruc suicide bombing url
9215,train,malik saadthe best police officer produced by kpdied in a suicide bombing on 27 jan 2007he was more than a brother to me. hashtag kppolice.
9216,train,bout to go suicide bombing url
9217,train,< suicide bombing of european union car kills at least three in kabul on url
9218,train,user there are christian terrorists to be sure but i don't suicide bombing is employed often as it is in islamic groups.
9219,holdout,turkish troops killed in kurdish militant 'suicide attack' url
9220,holdout,turkish troops killed in kurdish militant 'suicide attack' url
9221,train,alleged driver in hashtag kuwait attack 'joined daesh just a day before the june 26 suicide bombing' he confesses in court url
9222,train,user user maybe some muzzies will spontaneously combust! it's like allah suicide bombing them as payback ????????
9223,train,the number of security officials killed by pkk in terror attacks since the suruc suicide bombing has reached 22 url
9225,train,'suicide bombing at [location named]...' hashtag premonitions url
9226,val,erdogan's bloody gambit: on july 20 a suicide bombing in turkey took the lives of 31 socialists in suruì¤ url user
9230,train,kurd suicide attack kills 2 turkish soldiers url
9231,train,user russia and that back fired now 2015 look what happened 911bombing of marine barracks suicide bombers attacks on world sites
9232,train,meek mill should join isis since he loves suicide-bombing his career for no good reason
9233,train,imagine a school where suicide bombing is being taught the teachers would say to the students... 'please pay... url
9235,holdout,turkish troops killed in kurdish militant 'suicide attack' url
9237,train,9) 'without the bombing you would have to do hara-kiri you know commit suicide'. url hiroshima 70 years ago.
9238,train,remembering mordechai yehuda friedman 24 of ramat beit shemesh; murdered by hamas terrorists in the suicide bombing of egged bus no. 361
9239,train,remembering marlene menahem 22 of moshav safsufa; murdered by hamas terrorists in the suicide bombing of egged bus no. 361
9240,train,1 of the major reason of suicide bombing is the absence of sexual interactions.
9242,holdout,why wasn't this warship sunk? cnn: first on cnn: iranian warship points weapon at u.s. helicopter official says url
9244,train,literally just sunk in we got backty school in exactly a week :s :s :s
9246,train,i peeped you frontin' i was in the jeepåêsunk in the seat tinted with heat beats bumpin'.
9247,train,british diver neil anthony fears found dead by the wreck of a steamship - daily mail url
9248,train,near them on the sand half sunk a shattered visage lies... url
9249,val,aquarium ornament wreck sailing boat sunk ship destroyer fish tank cave decor - full read û_ url url
9250,val,user i've been following you this longû_ sunk cost fallacy or somethin'
9251,train,descended or sunk however it may be to the shadowed land beyond the crest of a striking cobra landing harshly upon his back; torch and
9252,train,so if i capsize on your thighs high tide b-5 you sunk my battleship >
9253,train,has not sunk in that i leave for school in a month
9254,holdout,it still hasn't sunk in that i will never see my nan again how has it been 2 months already ??
9255,train,japan fuso class battleship yamashiro naval cover 1999 photo cachet sunk wwii url url
9257,holdout,'blaaaaaaa' he said as he sunk his face into your stomach making it vibrate user
9259,holdout,hasn't quite sunk in that i saw johnny marr and primal scream all in the space of a few hours on sunday
9260,train,user were you opening regular or master packs? rt: soû_ sunkû_1 mil credits into light sideû_ didn't pullû_oneû_you sure about those odds?
9262,train,yup. still hasn't sunk in. ?? url
9263,val,user someone has to be at the bottom of every league. tonight clearly demonstrated why the lions are where they are - sunk!
9264,holdout,it still hasn't sunk in that i've actually met my idol ????
9265,train,user 'i... wow. alright.' sansa shook her head and blinked rapidly as the new information sunk in. 'i really don't know what--
9266,val,user i respected you and liked you for your talent. i guess i stil do but as a human being you've sunk low mr.affleck!
9267,holdout,once upon a time the fact that i decided to go to university 7 hours away actually sunk in
9268,train,hashtag arrestpastornganga it so worrying 2 see how some police officers in kenya have sunk to low to the point of collaborating with pick pockets
9269,val,user i know! it still hasn't quite sunk in :d
9270,train,the feeling of lonelyness has sunk into me strange depressing feeling.
9271,train,we may be just a week away from school but i don't think the idea of me being a senior has really sunk in yet
9272,train,im getting a car wow it hasn't sunk in
9273,train,football is back this weekend its just sunk in ??????
9275,val,one direction is taking a break after this next album. my heart has sunk it hurts and i'm very upset. they deserve a break. my heart hurts
9276,val,aquarium ornament wreck sailing boat sunk ship destroyer fish tank cave decor - full read û_ url url
9277,train,the court's reputation and prestige has sunk ever lower and prosser who has served on the court since 1998 has... url
9278,train,<< his lip as he sunk into the bed his arms crossed behind his head as he watched his captain do a number on his body. user
9280,holdout,user user high time tv channels realised what levels they have sunk for trp and ads.it has become a mockery
9281,train,user wouldn't that have sunk the sub?
9283,train,its like i never left. i just sunk to the background
9286,holdout,user fuck sake john jesus my heart just sunk.
9287,train,user i felt bad for romero. he cared but mental stuff sunk his career. i worry same thing will happen to hutch. hashtag bluejays
9288,train,everything has sunk in except the fact that i am actually moving to the state of colorado tomorrow. been dreaming of it since i was a kid.??
9289,holdout,damn there's really no mlk center that hasn't sunk in yet
9290,train,the seven seas - wreck of the giannis d. sunk after hitting a submerged reef in theû_ url url
9292,val,hank williams jr. - 'country boys can survive' (official music video) url via user
9293,train,parental experience may help coral offspring survive climate change: preconditioning adult corals to increased... url
9294,train,user and i don't have any classes together and i'm not sure if i'll be able to survive
9296,train,i have my final tomorrow ?????? . ish is stressful but i'll survive
9297,train,ahh forgot my headphones how am i supposed to survive a day without music ayhhhhhdjjfjrjjrdjjeks
9298,train,10 ways to survive and escape martial law | world url url
9300,train,how to survive in the markets url hashtag oil hashtag investing hashtag money hashtag trading hashtag forex hashtag gold hashtag silver hashtag business url
9301,holdout,so much shit has happened today wtf idk how i survive thruuu it all
9303,train,ended today's staff meeting with the teacher version of 'i will survive' hashtag tootrue url
9307,train,how will i survive without dorrian
9308,train,if i survive tonight. i wouldn't change one thing. ??
9309,train,3 things all affiliate marketers need to survive online - every affiliate marketer is always... url
9311,train,don't make fun of them for trying to survive in such a racist elitist country
9313,train,we learn and grow and become stronger as we face and survive the trials through which we must pass. hashtag thomassmonson hashtag lds hashtag mormon
9314,holdout,a country chim can survive!
9315,train,i will survive by gloria gaynor (with oktaviana devi) ûó url
9317,holdout,escaping her captors was the 1st step. now she must survive a deadly storm & a wild-looking recluse. betrayed url hashtag books
9319,val,in a dream you saw a way to survive and you were full of joy.
9320,train,16 stylishly unique houses that might help you survive the zombie apocalypse | url url
9321,holdout,it's going on three years that we have been separated. sometimes you have to let a man know you will leave him. & that u can survive without
9322,train,now realized i honestly can't survive without these glasses now lol
9324,train,help me survive the zombie apocalypse at the zombie fun run on november 15th. url hashtag teamsurvivors hashtag zombiefunrun2014
9325,train,user user it's impossible for me too ww like i can't survive a day without meat wew
9329,holdout,:: survive??
9330,train,you can't fight fate and you can't survive alone... i can't help but notice that almost seems like a definition of who i am...
9332,train,user user and user can't survive without referring @ user . without mr modi they are big zeros
9333,train,user how did people survive like that?!
9334,train,like it affects every level of life you're expecting me to buy everything and still survive with my limited pocket money
9337,train,hashtag autoinsurance industry clueless on driverless cars : hashtag healthinsurance url
9338,train,if i survive i'll see you tomorrow
9339,holdout,hashtag autoinsurance industry clueless on hashtag driverlesscars : hashtag markets : hashtag money times url
9341,train,suicide of a superpower : will america survive to 2025? by patrick j. buchana... url url
9342,train,survived another tube strike with the last person at office reaching home. we are getting better at navigating strikes!
9343,train,update: i survived. no canoe. may have been the fastest feed out in history though.
9344,train,user mahalo nui loa for making my 20s. my generation could not have survived the (w.) bush years without you. hashtag jonvoyage hashtag holomua
9345,train,user i feel like accidents are just drawn to you but i'm happy you've survived all of them. hope you're okay!!!
9346,val,even when i was a kid haha super late but folks used to bash me for that shit i understand he survived cancer but he still cheated
9347,train,user thank you!!! i survived ????
9348,val,meet the man who survived both hiroshima and nagasaki url url
9350,holdout,electricity cant stop scofield. nigga survived a hotbox in sona
9351,train,it's a miracle that mankind survived 70 years since one of the worst days in its history. all bets are off if it will survive the next 70.
9355,train,user 'he'll kill me instead if he survived the shot. i don't exactly know. i fled the scene and pulled the trigger with---
9360,train,not even the berlin wall survived the 80's i daubt they'll ever be a generation like the 80's user : ... url
9361,train,user user user whether pressure or not non wud not survived even if thalapathi didn't release
9362,train,not one character in the final destination series has ever survived ??
9363,val,user fucking live here im surprised ive survived this long
9365,train,just burst out in actual tears of joy when cain survived hashtag summerfate user
9367,train,nigerian boxer ?who survived sessions with klitschko becomes famous on youtube url
9368,train,[+] such a lonely day and it's mine it's a day that i'm glad i survived ... ??
9371,train,how would i have survived without the mute option on whatsapp!
9372,train,the 'twins' survived their first day of high school!! they're gonna have a great year!! hashtag makinmemories 2015 url
9373,train,well me and dad survived my driving ????????
9374,holdout,by the grace of god i survived the 2am shift and im not that tired.
9375,val,'planted 390 years ago' it was moved to u-s. this bonsai survived hiroshima but its story was nearly lost url via user
9376,train,only one man tsutomi yamaguchi is said to have survived both atomic bomb blasts at hashtag hiroshima and hashtag nagasaki. hashtag otd url
9377,train,i survived a 12-step program for sex addiction - url
9378,train,today your life could change forever - hashtag chronicillness can't be avoided - it can be survived join hashtag mylifestory >>> url
9380,train,cute & all livin' the life then you zoom in on one's face and you have a meme ready: 'i've seen the gates of hell and survived'
9382,train,well said sir. my cousin was a pow. brutally treated. survived but never talked about it. the bombing was justified url
9384,holdout,user user i remember now. there was a british man who survived both also. can't remember his name though.
9385,val,rt thr 'rt thrarchives: 1928: when leo the mgm lion survived a plane crash hashtag tbt url url
9386,train,user user user user yeah we survived 9 seasons and 2 movies. let's hope for the good. there's hope ??????
9387,holdout,there are people who plotted against me that are still wondering how i survived
9388,train,survived spanish!! @ sweet ritual url
9391,val,ûï user : setsuko thurlow survived the hashtag hiroshima bomb. this is her story: url url
9393,train,the cafe run by acid attack survivors in hashtag india url url
9395,val,dying with debt can be costly for survivors
9396,train,hiroshima survivors fight nuclear industry in brazil ì¢?? video url
9397,train,tricycle toddler atomic bomb url in a fraction of a second our decisions change the landscape of humanity.
9401,train,patient-reported outcomes in long-term survivors of metastatic colorectal cancer - british journal of surgery url
9402,train,dear user in the name of humanityi apologized to hashtag hiroshima survivors.r u ready to do so?hashtag japan hashtag nuclearweapons url
9403,holdout,hashtag coppednews haunting memories drawn by survivors url
9404,train,rt user : south sudan's war on women: survivors say rape has become 'just a normal thing' url url
9405,holdout,haunting memories drawn by survivors url
9406,train,hiroshima survivors fight nuclear industry in brazil ûò video url
9408,val,survivors remorse is good
9410,train,hashtag worldnews fears over missing migrants in med - bbc news - home: rescuers search for survivors after a boat carr.. url
9411,train,user user which is why i want her to be better - which means death awaits her. most of us aren't heroes we are survivors
9414,val,4 those who care about sibling abuse survivors join the new family tree: url url
9416,holdout,breaking news: haunting memories drawn by survivors url
9417,train,molecularly targeted cancer therapy for his hashtag lungcancer gave rocky his life back. url url
9418,train,violators of the new improved reddit will be shot into the sun. survivors will be hurled into a black hole and then nuked.
9420,train,as anniversary nears atomic bomb survivors speak out against nuclear power - url
9421,train,hiroshima survivors fight nuclear industry in brazil ûò video url
9422,train,the second part which focuses on the survivors is really difficult to watch but at the same time is really powerful.
9425,train,user survived because of magic she is searching the wood for survivors outside of london
9430,val,user i feel your pain. survivors will look back on this period as most absurd in human history. satire indistinguishable from reality.
9431,train,û÷faceless body belonged to my sister': hashtag hiroshima hashtag nagasaki hashtag nuke survivors recall horrors 70 years on ûó rt news url
9432,train,survivors of shanghai ghetto reunite after 70 years - url hashtag shanghai hashtag china #??
9434,train,people with netflix there's a really good documentary about hiroshima narrated by john hurt. 2 parter that interviews pilots + survivors.
9435,val,user t-dog had been holed up in an apartment store with several other survivors glenn morales andrea jacqui and merle.--
9436,holdout,stemming from my hashtag cubs talk- the team rosters 2 cancer survivors in user & user ... user fans: help another url
9438,holdout,haunting memories drawn by survivors url
9439,train,haley lu richardson fights for water in the last survivors (review) url
9441,train,remembrance url hashtag hiroshima url
9445,train,truth... url hashtag news hashtag bbc hashtag cnn hashtag islam hashtag truth hashtag god hashtag isis hashtag terrorism hashtag quran hashtag lies url
9446,train,news786-uk islamist cleric anjem choudary charged under terrorism act: url
9448,val,user user phillips should be charged for assisting terrorism. ldnr-terrorists' organizations. url
9449,train,truth... url hashtag news hashtag bbc hashtag cnn hashtag islam hashtag truth hashtag god hashtag isis hashtag terrorism hashtag quran hashtag lies url
9450,train,preacher faces uk terrorism charges url
9451,train,woman sneaks into airplane cockpit; terrorism not suspected url url
9452,train,nc senate follows house on legal action on terrorism damages - winston url
9453,train,hashtag politics democracy's hatred for hate: û_ dawabsha threaten to erode israeli democracy. homegrown terrorism ha... url
9454,train,truth... url hashtag news hashtag bbc hashtag cnn hashtag islam hashtag truth hashtag god hashtag isis hashtag terrorism hashtag quran hashtag lies url
9455,val,omega men writer explores terrorism religion in an 'epic kyle rayner story' url via user
9456,train,cross-border terrorism: pakistan caught red-handed again url
9457,holdout,ctd arrest three vital criminals from orangi: karachi: counter-terrorism department (ctd) of the sindh police ... url
9458,train,still domestic terrorism url
9460,val,diretube information ûò egypt cyprus and greece agreed to fightåêterrorism url url
9463,holdout,does this apply to muslims/terrorism? or catholicism/homophobia?
9465,train,perspectives on terrorism - understanding jihadi proto-states: url
9466,train,dhs refuses to call chattanooga û÷islamic terrorism' out of respect for muslims ... url via user url
9467,train,pakistan's supreme court rules to allow military trials for suspects in terrorism cases url
9468,train,domestic terrorism. no ifs ands or buts about it. you created this user url
9469,holdout,a good piece on israeli incitement and jewish terrorism by beinart: url
9470,val,in hashtag islam saving a person is equal in reward to saving all humans! islam is the opposite of terrorism!
9471,train,omega men writer explores terrorism religion in an 'epic kyle rayner story' url hashtag newsarama
9472,val,in hashtag islam saving a person is equal in reward to saving all humans! islam is the opposite of terrorism!
9474,train,user arrest report: affiliation with terrorism
9480,train,truth... url hashtag news hashtag bbc hashtag cnn hashtag islam hashtag truth hashtag god hashtag isis hashtag terrorism hashtag quran hashtag lies url
9481,train,really cannot condemn an entire group based on the actions of a few.. a heart-warming unity against terrorism.. url
9482,train,truth... url hashtag news hashtag bbc hashtag cnn hashtag islam hashtag truth hashtag god hashtag isis hashtag terrorism hashtag quran hashtag lies url
9484,train,user he's already done it by negotiating with the hashtag 1 state of terrorism in the world. what was his hurry in trying to get a deal
9485,val,url articles in saudi press reject russian initiative for regional alliance with assad regime to fight terrorism
9486,train,truth... url hashtag news hashtag bbc hashtag cnn hashtag islam hashtag truth hashtag god hashtag isis hashtag terrorism hashtag quran hashtag lies url
9488,train,pakistan supreme court endorses military courts for terrorism cases url
9489,train,online homeland security: an appraisal of hashtag pakistan's hashtag anti-terrorism hashtag act url
9490,train,truth... url hashtag news hashtag bbc hashtag cnn hashtag islam hashtag truth hashtag god hashtag isis hashtag terrorism hashtag quran hashtag lies url
9491,train,cross-border terrorism: pakistan caught red-handed again - the times of india url
9492,holdout,captured terrorist naved not registered as our citizen: pakistan url
9493,train,natural lubrication !!!!!!!!!!!hashtag metrofmtalk
9495,train,user you are terrorist
9496,train,signing a petition to seek mercy on a death punishment for a convivted terrorist is a job well done in india. but asking a foreign govt 1/n
9499,train,here's how media in pakistan covered the capture of terrorist mohammed naved url
9500,val,update on pulwama encounter that began earlier today: 2nd terrorist killed by security forces. security forces... url
9501,train,here's how media in pakistan covered the capture of terrorist mohammed naved url
9502,train,fresh encounter in pulwama of j&amp;k one terrorist killed others holed up inside a house url
9503,train,'the terrorist tried to get out of the car; i shot him' url
9504,train,me pulling over and fighting the hoes that called zayn a terrorist url
9505,train,udhampur terror attack: nia takes over probe pakistani terrorist quizzed; pak denies link url hashtag elections hashtag achedin #û_
9507,holdout,user user hiroshima is now beautiful on the ashes of the old. so could be a terrorist pakistan.
9508,holdout,seek help warra hashtag metrofmtalk
9509,train,user why jammu is soft target for terrorist
9510,holdout,anyone missing their license plate? two stolen ones found on terrorist's car... url
9511,train,pakistan disowned kasab now disowns naved: state of denial?: naved the terrorist captured alive after anû_ url
9513,train,the pak terrorist who has been caught alive must be tried fast not delayed as kasabwe must send very hard message to pak instead of biryani
9519,train,user idek how is there people who actually think he's a terrorist
9520,train,you may know me from such roles as terrorist hashtag 4 url
9522,train,user user user some jewish ppl agree tht israel is a bully nd a terrorist state killin palestine kids nd women
9524,val,user senator john mccain's whoops moment : photographed chilling with isisû_ url user url
9525,holdout,rt abbswinston: hashtag zionist hashtag terrorist demolish tire repair shop structure in hashtag bethlehem url url
9526,holdout,three israeli soldiers wounded in west bank terrorist attack - haaretz url
9529,train,three israeli soldiers wounded in west bank terrorist attack via /r/worldnews url
9531,holdout,rt abbswinston: hashtag zionist hashtag terrorist kidnapped 15 hashtag palestinians in overnight terror on palestinian villages û_ url
9533,train,hashtag udhampuragain 2 terrorist shot dead.. hashtag udhampur
9537,val,user user like shedid on 9/11 4the public facts i am not a journalist the bush's washard on stopping more than just terrorist
9538,train,isn't it ironic that on the anniversary of hiroshima our current president is helping a terrorist nation acquire nuclear weapons. hashtag traitor
9539,holdout,rt abbswinston: hashtag zionist hashtag terrorist kidnapped 15 hashtag palestinians in overnight terror on palestinian villages û_ url
9540,train,three israeli soldiers wounded in west bank terrorist attack via /r/worldnews url
9541,train,don't say user : women got problems this hashtag keepingtheviginaclean thing is very interesting n less expensive hashtag metrofmtalk'
9542,train,build and share your own custom applications all within user w/ tc exchange url hashtag infosec hashtag dfir hashtag threatintel
9547,train,is this the end of australia's best burger? url via user
9548,holdout,user to the largest moblin's he'd leaving the biggest one for red and fired. with one strike already the threat was reduced -->
9550,train,white americans are the biggest threat in the world. duh url
9551,train,the few i warned about .. were just as i expected.. they are a threat to his soul
9552,train,generational û÷british schism' over privacy threat of drones url hashtag drones hashtag privacy url
9553,train,get access to the most extensive sources of threat information right out of the box. then easily add your own internal intelligence. hashtag bhusa
9554,train,if a nigga was a threat then that boy ah be thru ????
9555,train,purple heart vet finds jihad threat on his car at mall: ûïall of you islamaphobe vets... url
9556,holdout,user definite triple crown threat. him and harper both.
9557,train,meek mill responds to drake's ovo fest set with wedgie threat url
9559,holdout,illusoria icarus nowplaying check out url
9562,train,am i hearing thunder or trucks?
9563,train,the worst part is seeing lightning and trying to guess when the thunder will crack
9564,train,this thunder is beautiful
9565,train,hashtag playingnow hashtag bloodbound seven angels media stream url
9566,val,user brings her alabama thunder back to the attic september 26! tickets: url
9567,train,user thunder and lighting ????
9568,train,okay maybe not as extreme as thunder and lightning but pretty much all other types! hashtag fifa16 url
9569,train,user and thunder :-o
9571,val,random wind gust just came through hashtag gander. probably some convection outflow. haven't heard any thunder yet but a few spits of rain hashtag nlwx
9572,train,user never watched pres think hes a dick like thunder though
9574,val,user user thunder buddys!!!! thunder buddys!!!!
9575,train,user user thunder buddys!
9576,holdout,waldo thunder 12u cooperstown dreams park 2015 dedicated to hashtag joestrong hashtag gokitgo url
9577,val,the one thing i like about here is thunder .. heheh
9579,train,super loud thunder woke me up from my very nice nap
9580,holdout,heavy rain frequent thunder and gusty winds moving into parts of uptown and midtown. url - cn url
9581,train,ebay snipe rt? url lego power miners set 8960 thunder driller boxed. ?please favorite & share
9582,train,thunder lightening torrential rain and a power cut!
9583,train,this is relaxing! hashtag thunder hashtag soothmyslumber hashtag watermeloann hashtag populardemand w/ user ... (vine by user ) url
9585,train,the flash and the thunder by wc quick on amazon kindle and soon in print at amazon books via create... url via user
9586,train,the thunder shook my house woke my sister and made car alarms go off ????
9589,train,i hear lightening and see thunder
9590,holdout,i was over here dreaming peacefully then that loud ass thunder wanted to scare me. ??
9591,train,my brother is crying cause the thunder lmao
9592,train,that was the l9udest thunder i've ever heard
9593,train,user user user snow? thunder and lightning?
9594,holdout,thunder is legit
9595,train,oh shit its rly sheeting aaaaaand there's the thunder and lightning i missed summer storms
9596,train,my mama scared of the thunder ????
9597,holdout,please please u gotta listen to user # essenceofme and thunder it's major hashtag she's hashtag back ????????
9598,train,suddenly it's off & on gloomy & thunder so loud it shakes the windows? not ever on the bay area. miss me w/that lol url
9600,val,hashtag thunder outside my house this afternoon hashtag gawx ??????????????????
9602,train,l b hashtag oklahoma hashtag thunder durant nba adidas oklahoma city thunder youth large swingman jersey retail $75 hashtag nba hashtag durant url
9603,train,did i just hear thunder? ??????
9605,train,thunder???
9606,holdout,i love the sound of thunder rumbling across the mountains.
9607,val,user so glad i saved them all at once then didn't want you stealing my thunder :p
9608,val,severe thunderstorm warning for oklahoma county until 10:30pm. radar here: url hashtag okwx
9609,train,niggas playing in the thunderstorm.. 'hope the lorr bless em' ????
9610,train,advice from noah: dont go running in a thunderstorm
9611,train,hashtag usnwsgov special weather statement issued august 05 at 10:40pm edt by nws: ...strong thunderstorm will impact... url
9612,train,severe thunderstorm warning issued august 05 at 9:31pm cdt until august 05 at 10:15pm cdt by nws url
9613,val,oun cancels severe thunderstorm warning for lincoln logan oklahoma [ok] url hashtag wx
9616,train,hashtag usnwsgov severe weather statement issued august 05 at 10:38pm edt by nws: ...the severe thunderstorm warning ... url
9617,train,user user user ok ok what if i make the close quarters an abandoned cabin in the woods in a thunderstorm
9618,train,user tired it' 5:36 am. woke up to a thunderstorm lightning and rain. how are you?
9619,train,beautiful lightning as seen from plane window url url
9620,train,nws has continued a severe thunderstorm warning for oklahoma-ok until 10:30 pm
9625,train,the national weather service in little rock has issued a * severe thunderstorm warning for... van buren county in û_ url
9627,train,inws alert spsgsp from 8/5/2015 10:40 pm to 11:15 pm edt for pickens county: strong thunderstorm will impact... url
9629,train,severe thunderstorm warnings have been cancelled in central oklahoma. still expect 50 mph winds penny sized hail
9632,train,conditions for paris fr at 4:00 am cest: current conditions: fair 68 fforecast: thu - sunny. high: 87 low: 61 fri - pm thunderstorm...
9634,train,severe weather statement issued august 05 at 9:33pm cdt by nws: ...the severe thunderstorm warn... url hashtag skywarn hashtag okwx
9636,train,severe thunderstorm warning including russellville ar clarksville ar dardanelle ar until 10:15 pm cdt url
9638,train,rt user : nws posts severe hashtag thunderstorm warnings for parts of hashtag ar hashtag nc hashtag ok. seek strong shelter if at risk: url
9639,train,severe thunderstorm warning for oklahoma county until 10:30pm. url hashtag okwx
9640,train,falling asleep to the sounds to thousands of river plate fans in the stadium and a thunderstorm. hashtag vivaargentina
9642,train,strong thunderstorm 4 miles east of pickens moving ne at 20 mph. pea size hail and wind gusts up to 40 mph... hashtag scwx url
9643,holdout,severe thunderstorm warning for oklahoma county in ok until 10:30pm cdt. hashtag okwx
9644,train,oun continues severe thunderstorm warning for oklahoma [ok] till 10:30 pm cdt url
9645,train,severe thunderstorm warning including midwest city ok del city ok choctaw ok until 10:30 pm cdt url
9646,train,severe thunderstorm pictures from across the mid-south url
9650,val,[high priority] severe thunderstorm watch ended issued for lethbridge [updated: aug 05th 20:29 mdt] url
9651,train,a strong thunderstorm will affect central halifax county through 1145 pm edt for halifax [va] till 11:45 pm edt url
9652,train,thunderstorm in helsinki hashtag thunder hashtag lightning hashtag lightningstrike hashtag thunderstorm hashtag nature hashtag helsinkiû_ url
9653,holdout,9:35 pm. thunderstorm. no rain. 90 degrees. this weather weird.
9654,val,wed 20:30: mainly cloudy. 60 percent chance of showers this evening with risk of a thunderstorm. low 10.
9655,train,nws has issued a severe thunderstorm warning for oklahoma-ok until 10:30 pm
9656,train,i need a thunderstorm please!
9657,train,hashtag usnwsgov severe weather statement issued august 05 at 10:38pm edt by nws: ...the severe thunderstorm warning ... url
9659,train,my room looks like a tornado passed through it and my ocd is not having it.
9660,train,user better than tornado!
9661,val,user came through like a tornado and destroyed me. such beautiful words
9663,val,hashtag tornadogiveaway åê hashtag thebookclub åê join in!! url url
9664,train,user user i'll bet i do
9665,train,lily xo is a sexy cowgirl out in the sticks url view and download video
9666,train,blonde teen courtney laudner teases in her panties url view and download video
9667,holdout,73rd goode water ski national championships will go on as planned next week url (event w/ damage from a tornado on mon)
9669,train,(ar) severe thunderstorm warning issued august 05 at 9:12pm cdt until august 05 at 9:45pm cdt by nws url hashtag arwx
9670,train,second tornado confirmed in sunday's storm url
9672,train,dakota skye gets horny with some porn then gets her juicy pussy pounded url view and download video
9673,train,(ok) severe thunderstorm warning issued august 05 at 8:29pm cdt until august 05 at 9:15pm cdt by nws url hashtag okwx
9674,train,i liked a user video url lexi belle for oklahoma tornado victims
9675,train,user calgary area tornado warnings end as thunderstorms move eastward
9678,train,guys he can run so fast he creates a tornado without breaking a sweat. he makes superman look like a slowpoke. he can be a poc.
9680,holdout,i'm a tornado looking for a soul to take
9681,train,environment canada confirms 2nd tornado touched down last weekend åè url
9683,val,pizza and beer in a tornado in austin. windy af right now
9684,train,still can't get over the thunderstorm/tornado we were woken up to yesterday. half the street is still in the dark! url
9686,holdout,user photo of the day: storm chaser url hashtag photography hashtag pod
9687,train,heather night and ava sparxxx enjoy a wild teen threesome url view and download video
9688,train,brunette beauty night a stretches out on a victorian sofa url view and download video
9690,holdout,user i'm glad you got away xd but my 'be safe' was in reference to a tornado near calgary and drum heller at around 4 :o
9691,holdout,marley brinx gives a striptease and then spreads her legs for a pussy pounding url view and download video
9695,train,weak but distinct rotation fully condenses near villa ridge mo today near mcv center. a 'sub-tornado?' video: url
9697,train,user then don't
9698,holdout,brunette teen giselle locke teases at home url view and download video
9699,train,calgary area tornado warnings end as thunderstorms move eastward - cbc.ca: cbc.ca calgary area tornado warnings endû_ url
9701,val,a tornado flew around my room before you came
9702,holdout,illinois tornado slipped under the radar emergency officials say url
9703,train,maybe that's what happens when a tornado meets a volcano
9704,val,i feel like a tornado url
9705,holdout,user hey user let's challenge then to a tornado tag tlc match. winner take all.
9706,train,tornado has to make the playoffs. they have 3 guys with 20+homers already and they just added tulowitzki and price
9707,train,pretty teen hayden ryan poses and strips out of her purple top url view and download video
9708,train,rly tragedy in mp: some live to recount horror url hashtag topstories hashtag india timesofindia
9709,val,shit is hard to get over but sometimes the tragedy means it's over soulja..
9710,train,maaaaan i love love without tragedy by user i wish she made the whole song
9712,val,there is no greater tragedy than becoming comfortable with where you are in life.
9714,train,don't forget tragedy ?????????????? url
9715,val,'you can't research collective memory' the 1st rule of writing diverse should be don't touch another group's tragedy url
9716,train,rly tragedy in mp: some live to recount horror: ûïwhen i saw coaches of my train plunging into water i called ... url
9717,train,'sometimes god uses sorrowful tragedy to set the stage for glorious redemption.' -david platt run forû_ url
9718,train,rly tragedy in mp: some live to recount horror: ûïwhen i saw coaches of my train plunging into water i called ... url
9719,train,user user d: what? that's a tragedy. you have a wonderful nose
9722,train,a real life tragedy: monica's hair on any given season of friends
9723,train,railways caught unawares by mp tragedy; accident spot never marked as 'vulnerable' - times ofû_ url hashtag news
9724,train,the tragedy of life is not that it ends so soon but that we wait so long to begin it. ~ w.m. lewis hashtag quotes
9728,train,railways caught unawares by mp tragedy; accident spot never marked as û÷vulnerable' url
9729,train,user ofcourse just 8 minute b4 tragedy another train had crossed this place n a flash flood caued washing of tracks..
9730,train,hashtag modiministry rly tragedy in mp: some live to recount horror url
9731,train,rly tragedy in mp: some live to recount horror: ûïwhen i saw coaches of my train plunging into water i called ... url
9732,val,user even the second half has that great greek tragedy laced monologue by charlize. coulda been so much more.
9733,train,this is a tragedy: i added the wrong book to my tbr list now i can't find the right one. this is what comes of browsing just on gr homepage.
9734,train,dtn india: rly tragedy in mp: some live to recount horror: ûïwhen i saw coaches of my train plunging into water... url
9736,train,user user user tragedy of commons pertains to public ownership. not property rights based markets. the opposite of what you say.
9737,holdout,hashtag breakingnews rly tragedy in mp: some live to recount horror: ûïwhen i saw coaches of my train plunging into wa... url
9738,train,user like a beautiful ass tragedy lol
9739,train,rly tragedy in mp: some live to recount horror: ûïwhen i saw coaches of my train plunging into water i called ... url
9741,train,back home they mad cause i chill with the white boys .
9744,train,rly tragedy in mp: some live to recount horror: ûïwhen i saw coaches of my train plunging into water i called ... url
9745,train,robert gagnon reviews the catastrophe of imposing same-sex marriage and how christians should respond url
9746,train,rly tragedy in mp: some live to recount horror: ûïwhen i saw coaches of my train plunging into water i called myû_ url
9749,train,i'm gunning down romance it never did a thing for me but heartache and misery ain't nothing but a tragedy url
9750,holdout,rly tragedy in mp: some live to recount horror: ûïwhen i saw coaches of my train plunging into water i called my daughters and said t...
9752,train,rly tragedy in mp: some live to recount horror: ûïwhen i saw coaches of my train plunging into water i called ... url
9753,train,rly tragedy in mp: some live to recount horror: ûïwhen i saw coaches of my train plunging into water i called ... url
9754,train,rly tragedy in mp: some live to recount horror: ûïwhen i saw coaches of my train plunging into water i called ... url
9755,holdout,rt hirochii0: there is no country that making fun of hiroshima 's tragedy but korea. url hashtag indonesia hashtag malaysia hashtag jamaica #û_
9756,train,can't find my ariana grande shirt this is a fucking tragedy
9757,train,user american tragedy url
9759,train,leitchfield ky: bella edward & rosalie need rescue/adoption/local foster home(s)/sponsorships. trapped &... url
9760,holdout,user you feel trapped innit ??
9761,train,im trapped in the damn gas pump there are two suvs on either side fuck you dickheads
9762,holdout,photo: prettyboyshyflizzy: lol she trapped them into that so beautifully url
9763,train,hollywood movie about trapped miners released in chile: 'the 33' hollywood movie about trapped miners starring... url
9764,train,user the whole city is trapped! you can't leave the city! this was supposed to be a normal sports manga wit a love triangle (c)
9765,train,bomb head? explosive decisions dat produced more dead children than dead bodies trapped tween buildings on that day in september there
9766,val,salute to all the kids still trapped in adult bodies.
9769,train,user when they die they just get teleported into somewhere middle of ocean and stays trapped in there unless they decides 2/6
9770,val,hollywood movie about trapped miners released in chile url
9771,holdout,hollywood movie about trapped miners released in hashtag chile url hashtag zippednews url
9772,train,billionaires have a plan to free half a billion dollars trapped in venezuela for two years user reports. url
9774,train,hollywood movie about trapped miners released in chile
9775,holdout,(?eudrylantiqua?) hollywood movie about trapped miners released in chile: 'the 33' holly... url (?eudrylantiqua?)
9776,train,i feel like that episode of victorious when they all got trapped in an rv and almost died of heat stroke hashtag mtvhottest one direction
9778,train,hashtag entertainment hollywood movie about trapped miners released in chile: santiago chile (ap) ûó the hollyw... url hashtag news
9779,val,hollywood movie about trapped miners released in chile url
9780,train,literally trapped in my room cuz my bathroom being remodeled. the only exit is through a window
9782,train,user but otherwise i will stay trapped as the worst lilourry stan ever and without zarry what am i left with? narry. no thanks.
9783,val,hollywood movie about trapped miners released in chile url
9785,val,trapped in its disappearance
9787,train,i trapped this cat in my room and it's going insane but it's not leaving it's too pretty! url
9788,train,hollywood movie about trapped miners released in chile: 'the 33' hollywood movie about trapped miners starring... url
9790,val,hollywood movie about trapped miners released in chile url hashtag newsdict hashtag news hashtag chile
9791,train,user its a panda trapped in a dogs body
9794,train,hollywood movie about trapped miners released in chile: 'the 33' hollywood movie about trapped miners starring... url
9795,train,hashtag nz hollywood movie about trapped miners released in chile url hashtag hugomatz
9796,val,did you know user had a new release this week? blood call 'an ancient evil has been trapped...' url û_
9797,train,hollywood movie about trapped miners released in chile: 'the 33' hollywood movie about trapped miners starring... url
9800,train,hollywood movie about trapped miners released in chile: 'the 33' hollywood movie about trapped miners starring... url
9801,val,hollywood movie about trapped miners released in chile url
9806,val,hollywood movie about trapped miners released in chile url
9808,holdout,photo: lavenderpoetrycafe: trauma memories are encoded in images as trauma is a more sensory than cognitive... url
9810,train,in response to trauma children of addicts develop a defensive self - one that decreases vulnerability. (3
9812,train,your brain is particularly vulnerable to trauma at two distinct ages url user user user
9813,holdout,hashtag nissannews : trauma alert and 1 child among 6 hospitalized after 2-car wreck on a1a near bing's landing: the ... url
9815,train,user user user how do you self-inflict a wound to your side and blunt force trauma not consistent with fall dimensions?!
9816,train,games that i really hope to see in agdq: trauma center second opinion kororinpa marble mania tloz oracle of ages metroid ii
9818,val,user user completely understandable considering the trauma hashtag ptsdchat
9819,holdout,trauma team needs to come to the american e-shop.
9820,holdout,user yes. i feel the root of that is shame - which can be found in the rubble of most trauma. hashtag ptsdchat
9822,train,hiroshima: they told me to paint my story: eighty-nine year old man recalls the terror and the trauma when the... url
9823,train,photo: lavenderpoetrycafe: the forgotten history of sexual trauma hysteria was an affliction seen primarily... url
9826,holdout,trauma injuries involving kids and sport usually cycling related - cbc.ca url
9828,holdout,butt trauma extraordinaire
9829,val,author interview michele rosenthal-author of your life after trauma.
9830,train,a1: i started writing when i couldn't talk about my trauma in therapy it was the only way i could communicate hashtag gravitychat
9831,train,user civil rights continued in the 60s. and what about trans-generational trauma? if anything we should listen to the americans.
9832,train,user user i have childhood trauma more resolved than theirs. actual trauma. fricken babies.
9833,val,why hashtag marijuana is critical for research in treating hashtag ptsd url hashtag hempoil hashtag cannabis hashtag marijuanaû_ url
9834,train,blood memory: intragenerational trauma and the death of sandra bland url
9835,train,both kids got haircuts w minimal trauma. clearly that calls for wine
9836,train,user so be it. you can't tell an oppressed group of people how to react to trauma. that would be stupid and ignorant.
9837,train,i need to plan a trip to cleveland soon! ??
9838,holdout,esteemed journalist recalls tragic effects of unaddressed hashtag childhood hashtag trauma. user user user url
9841,train,trauma can happen anywhere -- school home etc. -- at any time. learn the abc's of trauma and how to parent... û_ url
9842,train,what is the role of usg in paeds major trauma imaging decision tool? hashtag foamed hashtag foamcc
9846,val,it partially has something to do with my trauma as well. but that's a long story and honestly i don't like to talk about it.
9849,train,user user the truth. i pulled a 16 out. and apparently a 22 in the crazy adult trauma. and they mocked me for the 22.
9850,holdout,simmering beneath hashtag nhl good times the league's own concussion issues user url
9853,val,today was trauma on top of trauma on top of trauma in richmond so i know work is going to be crazy the next two days
9854,holdout,80 user faculty members pushing university to overturn ban of trauma center protesters url url
9857,train,what happens to us as sexual trauma hashtag survivors defines us as much as we agree with the perpetrators who hurt us.
9858,train,traumatised after seeing a baby literally fall out of that lady. she only went for a wee great catch! hashtag oneborn
9859,train,back in ireland v. sad/traumatised as is freezing and not beautiful parisian summer to which have become accustomed.
9860,train,why the deep roads tho hahahaha im so traumatised by the deep roads lolol
9861,train,i'm so traumatised.
9862,train,go easy on her paul the poor woman has been traumatised by a cake hashtag gbbo
9864,train,user user jamie is too traumatised to answer url
9865,train,i'm that traumatised that i can't even spell properly! excuse the typos!
9866,train,user user i can't watch tat show its like a horror movie to me i get flashbacks an everything hashtag traumatised
9868,train,user one good thing came out of watching the film. was too traumatised to watch show so started halt & catch fire on amazon. :d
9869,train,user he's still traumatised
9870,val,think i'm traumatised for life
9872,train,america like south africa is a traumatised sick country - in different ways of course - but still messed up.
9873,train,...the kids at the orphanage were obviously not too traumatised. url
9874,train,user 600!!! wow!!! that's a lot of traumatised kids!!!!!
9875,val,yessum i'm traumatised ??
9877,holdout,user that's just not on. i'd be traumatised are you ok? the car has gone and now for hashtag gbbo and relax.....
9878,train,user its not funny im traumatised
9880,train,user i'm traumatised
9881,train,user she's proper traumatised that pepper is 'dead' i can't wait to see her face
9883,val,user so traumatised im ???? url
9884,train,sending a snapchat to the wrong person instead of your brother about the toilet ?? ?? ???? hashtag snapchatselfie hashtag wrongperson hashtag traumatised
9885,train,user haha it's alright..but more than twice is just stupid ;) he's traumatised ????
9886,train,i'm so sad kids company has closed. after all the talk thousands of traumatised young people will suffer. but... url
9887,train,user not that all abortions get you traumatised. at times you are okay with the decision due to reasons like rape
9888,train,ûï user : user get a gold chain you'll understandû one boy gave me one and my neck went green it traumatised me
9889,train,user mine came on the day after my data renewed this month i was traumatised
9890,train,a traumatised dog that was found buried up to its head in dirt in france is now in safe hands. this is such a... url
9894,val,a spider has legit just run across my chest. traumatised. for. life.
9896,train,user lol! i was a traumatised child. on wednesday user releases topic for thursday hashtag game. this is this weeks. xoxo
9897,holdout,i'm slightly traumatised after this week's one born!
9898,val,user i'm still traumatised by your driving. having flashbacks of the lane hogging ??
9901,val,user hahaha i'm half traumatised half hoping my labour is that easy ??
9905,holdout,i'm traumatised???? user user url
9906,train,user haha traumatised !!!! hell no i want a job ?? xxx
9907,train,user i am traumatised the lil shit nearly hopped in the bloody shower with me
9909,holdout,budget? oh i am in trouble... but yes i would agree. hashtag varagesale user
9910,train,19 things you'll understand if you have trouble talking to people url
9911,train,having trouble understanding the rotations within a left-leaning red black tree.: my class is currently learni... url
9912,val,user funny cause my dumb ass was the young one to get n trouble the most lol
9915,train,a man a woman romance & south afrikaan trouble - on # sale preorder hashtag thebargain - url
9916,train,user good to hear it's back.. that storm's been given you guys trouble though :( ^sj
9918,train,user ...i have a lot of trouble getting both students and adults to understand that the moon is farther away than they think.
9919,val,noel back up
9920,train,trouble trouble when i don't get my way ????
9921,val,user 'i'm going to be in so much trouble.'
9923,train,user never said it was a problem and shit working tryna stay out of trouble wbu big homie
9925,holdout,user hey it's happing again. any trouble shooting steps for when this happens?
9930,train,user user user user user you must've got in trouble ??that's why you have hashtag fartanxiety now????
9931,holdout,oh my god ryans in trouble url
9932,train,live updates: boyd gets out of trouble in 5th url via user
9933,train,strawberries are in big trouble. scientists race to find solution. url url
9934,train,ûï user : user user you're a lot safer that way.ûyeah a lot more stable & if i get in trouble i have a seat right there
9935,train,the trouble in one of buffett's favorite sectors url
9937,train,when there's trouble you know who to caaaaaall
9938,train,why is it trouble user / user live on url
9940,holdout,user hashtag prez. mr. president you are the biggest terrorist and trouble maker in the world. you create terrorist you sponsor terrorist.
9941,train,the worst voice i can ever hear is the 'nikki your in trouble' voice from my mom
9942,train,user yeah well maybe if the barber didn't cut my hair too short on top i wouldn't of gone through the egg trouble????
9943,train,love how i don't get in any trouble for having people over and the house still being trashed
9944,val,user hello wud u kindly consider following me bak please i'm never any trouble lol many thanks :-)
9945,train,user no bc we always got in trouble for laughing too much ??
9946,train,user that song have a cool beat like nothing but trouble
9948,holdout,reddit's new content policy shows that maybe reddit can't have it all url via user url
9949,val,user stunningly poor defense it's not all on the pitcher. if our bats are mia like the top of 1st inning this team is in trouble.
9950,train,user frickin summer and its humidity building up and causing trouble
9952,val,if you have trouble getting motivated remember that time is going to pass and that regret is going to make its way around - matthew donnelly
9953,train,nothing but trouble - lil wayne & charlie puth????????
9955,val,trouble with mental fog? consider these tests: url
9958,val,i feel so lucky rn
9960,train,so did we have a hurricane tornado tsunami? someone please tell me what the hell happened hashtag nopower
9961,train,user godslove & hashtag thanku my sister helene for rt of new video url the coming apocalyptic us earthquake & tsunami
9963,train,user godslove & hashtag thanku brother danny for rt of new video url the coming apocalyptic us earthquake & tsunami
9965,train,i'm at baan thai / tsunami sushi in washington dc url
9967,train,she keep it wet like tsunami.
9971,train,hashtag bbshelli seems pretty sure she's the one that's going to stay! hashtag bb17
9972,train,crptotech tsunami and banks. url hashtag banking hashtag tech hashtag bitcoing hashtag blockchain
9973,train,hashtag sing hashtag tsunami beginners hashtag computer tutorial.: url everyone wants to learn to build a pc. re url
9974,holdout,it's my senior year i just wanna go all out
9976,train,an optical illusion - clouds rolling in over the mountains looks like a tsunami - geneva - switzerland url
9978,train,earthquake and tsunami that occurred in japan 'free speech' is also swallowed. url
9979,val,tsunami - dvbbs & borgeous (arceen festival trap remix) url via user
9980,train,hashtag sing hashtag tsunami beginners hashtag computer tutorial.: url everyone wants to learn to build a pc. re url
9982,train,user ?? hey esh
9983,train,'anyway' the old lady went on 'i have something to ask of you - and you alone.' the coming tsunami url
9984,train,6 trends are driving a data tsunami for startups url hashtag startup
9985,holdout,?hashtag fukushima?hashtag tepco? mountains of debris from the japanese tsunami have floated to the west coast url
9986,train,user ?????? i'm weak af
9987,train,man my stomach feel like a tsunami ??.
9988,train,user did the first world war ever truly end? the ripples are with still and have been compound into low level tsunami
9989,train,i hope this tsunami clears b4 i have to walk outside to my car ????
9990,train,user esh please okay!
9991,train,user amen today is the day of salvation. thx brother mike for your great encouragement. - url coming us tsunami
9992,train,and i dont get waves of missing you anymore theyre more like tsunami tides in my eyesss
9994,train,dr. jim & the tsunami: the latest new yorker warned us in no uncertain terms. haven't you heard? the tsunami's... url
9995,holdout,i don't get waves of missing you anymore... they're more like tsunami tides in my eyes
9998,holdout,user holy crap it's been forever since i saw this movie but the nostalgia wave just hit me like a tsunami! thank youuu!
10000,val,i liked a user video url call of duty: ghosts - campanha - ep 6 'tsunami'
10001,train,meet brinco your own personal earthquake snd tsunami early warning beacon. url
10003,holdout,i want some tsunami take out
10004,val,user godslove & hashtag thanku my sister for rt of new video url the coming apocalyptic us earthquake & tsunami
10005,train,all of this energy
10006,train,user worry about yourself
10008,val,it's alil twister at tha end to! i was like oh nah ??
10009,train,gail and russell saw lots of hail at their dalroy home - they have video of twister 1/2 mile from their home hashtag yyc url
10010,train,want twister tickets and a chance at a vip experience to see shania!!! click here: url
10011,train,just stop fucking saying ûïa whole û÷notherû. it just sounds fucking stupid. you fucking mean ûïa whole otherû. not a fucking tongue-twister.
10012,train,950. if a landslide tumbles down todayi'm on your side and if a twister sweeps it all away- you're on your own bitch!*runs into distance*
10013,train,love 106.1 the twister user and maddie and tae hashtag oktxduo
10014,val,brain twister homefolks are opinionated over against proposal modernized canada: omw
10016,train,crazy mom threw teen daughter a nude twister sex party according to her friend59 more pics url url
10017,train,the sharper image viper 24' hardside twister (black) url
10018,train,twister was fun url
10020,val,brain twister let drop up telly structuring cast: edcxo
10021,train,i'm in bed eating a twister and drinking a cup of tea. i am not dunking the twister in the tea. that would be well weird.
10023,train,user user i'll give him a titty twister
10025,holdout,last second outbid rt? url 2 - catlow c720 twister swivels 3/4' 3dc fuel line made in usa ?please favorite & shar
10027,train,reasons brain twister oneself should discount redesigning yours website: itrawcwb
10028,train,check out 'want twister tickets and a vip experience to see shania? click here:' at url i would love love love!! to win
10029,train,this is my jam: riser by dierks bentley user ? hashtag iheartradio hashtag nowplaying url url
10030,train,bulgarian tittie twister by noemotion produced by edk pathfinders (hd) m...: url via youtube
10031,train,user 7-speed nexus shifter å£9! (for community cargo bike?) url
10032,train,anyone wanna come over and watch twister with me? hashtag toosoon :-)
10034,val,crazy mom threw teen daughter a nude twister sex party according to her friend50 => url url
10035,train,user twister with bill paxton and helen hunt!
10036,val,user grande twister!!!
10037,train,happy 24 twister!!! thank you for all the laughs sticking by my side no matter what and also forû_ url
10038,holdout,'how many men would a human hew if a human could hew men?' -popular tongue twister among woodchucks
10039,train,i liked a user video url extreme paint twister
10040,train,tornadoes: el nino may give canada's twister season a boost hashtag toronto url
10041,train,user like gg was bad in the end... but at least i cared a little when gg was dan. cause it was a twister. i don't know wilden idc
10042,train,you are listening to llegaste tu - twister el rey
10044,train,white twister black shift knob m6x1.00 thread size url url
10045,val,twister dance game dance console instructions cable 5 pre loaded songs url url
10047,val,user 10 dolla says wicked twister won't be running
10048,holdout,wish i had a personal hair twister
10049,val,does the opening scene of harry potter and the order of the phoenix remind anyone else of the movie twister? just me? okay
10050,holdout,drunk twister is so hard ????
10052,val,user user user mine are diesel and twister both small for the breed but very strong! i have a beautiful pug too
10054,val,user user my boyfriend wants too see user too! hashtag twisterlovesshania ?????? url
10055,val,some curls come out so pretty and some look like i just finished shooting the movie twister
10056,train,am now repped by the fantastic laura milne user for all your liguistic needs. and that's some tongue twister tweets
10057,train,user my narrator will have to say 'chemically interesting lavatory' for db5. not quite the tongue twister but certainly odd. :p
10058,train,hashtag breaking144 obama declares disaster for typhoon-devastated saipan: obama signs disaster declarat... url hashtag acenewsdesk
10059,holdout,map: typhoon soudelor's predicted path as it approaches taiwan; expected to make landfall over southern china by sû_ url
10060,train,find out how your fund was used for typhoon haiyan in the philippines. see user haiyan relief funds report url
10061,holdout,global precipitation measurement satellite captures 3-d image of typhoon soudelor - nasahurricane. visit: url
10064,train,obama declares disaster for typhoon-devastated saipan: obama signs disaster declaration for northern marians a... url
10066,train,hashtag breaking hashtag news global precipitation measurement satellite captures 3-d image of typhoon soudelor - user url
10067,train,obama declares disaster for typhoon-devastated saipan: obama signs disaster declaration for northern marians a... url
10069,train,obama declares disaster for typhoon-devastated saipan: obama signs disaster declaration for northern marians a... url
10070,train,user let me report it to u people instead mr.obama just declares cnmi federal disaster area post typhoon soudelor. u guys 2slow2report.
10071,train,abcnews - obama declares disaster for typhoon-devastated saipan: obama signs disaster declaration for northern... url
10072,train,typhoon soudelor: when will it hit taiwan ûò and how bad will it be? hashtag generalnews url
10073,train,obama declares disaster for typhoon-devastated saipan: obama signs disaster declaration for northern marians a... url
10074,val,rt_america: rt rt_com: eye of super typhoon soudelor seen from space (time-lapse) url url
10075,train,typhoon soudelor taking dead aim at taiwan url
10076,train,global precipitation measurement satellite captures 3-d image of typhoon soudelor - user url
10077,val,obama declares disaster for typhoon-devastated saipan url hashtag international
10079,train,nbanews soudelor typhoon soudelor is taking dead aim at taiwan and is expected to make landfall friday according to the joint typhoonû_
10080,train,(hashtag losdelsonido) obama declares disaster for typhoon-devastated saipan: obama signs disaster declaration for northern ma... (hashtag ivanberroa)
10081,train,obama declares disaster for typhoon-devastated saipan: obama signs disaster declaration for northern marians a... url
10082,train,obama declares disaster for typhoon-devastated saipan: obama signs disaster declaration for northern marians a... url
10083,train,obama declares disaster for typhoon-devastated saipan
10084,train,obama declares disaster for typhoon-devastated saipan: obama signs disaster declaration for northern marians a... url
10085,train,price of vegetables rises on typhoon soudelor concerns url
10087,holdout,map: typhoon soudelor's predicted path as it approaches taiwan; expected to make landfall over southern china by... url
10088,train,obama declares disaster for typhoon-devastated saipan: obama signs disaster declaration for northern marians after typhoon hits us territory
10089,train,photos: typhoon soudelor has its aim set on taiwan andåêchina url
10090,train,satellite spies super typhoon soudelor from space (photo) url
10091,train,massive typhoon heads toward taiwan. url
10092,train,a gpm satellite 'bullseye' in typhoon soudelor url
10093,train,global precipitation measurement satellite captures 3-d image of typhoon soudelor - user url
10098,holdout,map: typhoon soudelor's predicted path as it approaches taiwan; expected to make landfall over southern china by sû_ url
10099,train,a gpm satellite 'bullseye' in typhoon soudelor url
10100,train,4yygb mhtw4fnet thousands evacuated as taiwan prepares for strongest typhoon of 2015 - abc online
10101,train,i think a typhoon just passed through here lol
10102,train,please recover from the typhoon. ????
10105,holdout,hashtag abcnews obama declares disaster for typhoon-devastated saipan: obama signs disaster declaration for no... url hashtag world
10106,train,obama declares disaster for typhoon-devastated saipan: obama signs disaster declaration for northern marians a... url
10107,train,typhoon soudelor taking dead aim at taiwan url
10109,train,buddha was 'man for his time' - massive urbanisation and social upheaval also challenged brahmans dominance ('genius of the ancient world').
10110,holdout,a look at state actions a year after ferguson's upheaval url
10111,train,usw: 'the damage from abandoning the deal could well create a new level of uncertainty...economic upheaval & military unrest'
10112,val,r'lyeh by upheaval url
10113,holdout,a look at state actions a year after ferguson's upheaval url
10114,train,series finale of hashtag thegame :( it survived so much upheaval but the audience got so much good story.
10115,train,newberg upheaval: jacque betz responds 'looking forward to the day' she can answerû_ url hashtag news url
10116,holdout,save the upset and stress of upheaval and let us help keep hashtag elderly people independent! hashtag companionship hashtag care hashtag chester user
10117,train,medieval upheaval (hardy boys: the secret files book 18) franklin w. dixon - aladdin - kindle edition. url
10118,holdout,upheaval high note for bush opera url hashtag sydney hashtag news hashtag aus
10119,train,an indepth look at the new world of work and how young people businesses and economies are coping with huge upheaval url
10120,train,ancient mayan tablet with hieroglyphics honors lowly king url url
10121,val,in depth: the new world of work and how young people businesses and economies are coping with huge upheaval url via user
10124,holdout,a look at state actions a year after ferguson's upheaval url
10125,train,but...! oh! how rich the soil?! how wonderful the upheaval!? - user
10126,val,tt kettlebell upheaval blueprint over chris lopez hindsight: jhmnye
10127,val,how long o lord (study 3) the sixth seal opens the events of revelation 12. the political upheaval in the roman... url
10129,train,loan upheaval is the way in which oneself can save your house leaving out being foreclosed on...tejc
10130,holdout,ancient mayan tablet found in jungle temple url
10132,val,acquire your postexistence straight a elevation in addition to upheaval ideas yet perquisite: brzjc
10136,train,hashtag tigers wonder how much the upheaval with team is affecting different players tonight?
10137,train,ancient mayan tablet with hieroglyphics honors lowly king url
10138,train,ancient mayan tablet with hieroglyphics honors lowly king url
10139,train,diageo's ceo stresses that a board revolt at united spirits has not impacted indian operations url
10140,train,rt ' user : ancient mayan tablet with hieroglyphics honors lowly king: url url
10141,train,ancient mayan tablet with hieroglyphics honors lowly king: a 1600-year-old mayan stone tablet describing the ... url
10142,train,a look at state actions a year after ferguson's upheaval url md is mentioned in the last group for a 'reporting' bill
10143,train,ancient mayan tablet found via url url url url
10144,val,august 5: your daily horoscope: a relationship upheaval over the next few months may be disruptive but in the ... url
10146,train,lyf needs quality and a certain sense of security. being with a person you can't trust can only cause stress and emotional upheaval.
10147,train,a look at state actions a year after hashtag ferguson's upheaval url
10149,train,the great upheaval by winik jay url url
10150,train,to navigate inevitable upheaval internal audit must lead the way url
10151,train,diageo's ceo stresses that a board revolt at united spirits has not impacted indian operations url
10152,holdout,newberg upheaval: jacque betz responds 'looking forward to the day' she can answer questions hashtag orcot hashtag orpol url
10153,train,user due to upheaval created by the west in iraq syria libya etc.
10156,holdout,a look at state actions a year after ferguson's upheaval url
10157,train,user uk scandal of 2009 caused major upheaval to parliamentary expenses with subsequent sackings and prison. what are we waiting for?
10159,holdout,terrifying pov footage captures violent landing from inside a passenger jet during a storm in amsterdam url hashtag travel
10163,train,rather violent storm. possibility of no stream tonight.
10164,train,violent storm causes damage flooding in watertown - url
10168,train,thunder pounds north goes black a deep bruise on the sky's chest wind cries its pain. a summer storm has a tough life short violent.
10169,train,hashtag stormchase violent record breaking ef-5 el reno oklahoma tornado nearly runs over ... - url url
10171,train,hashtag amsterdam pov video captures violent landing at amsterdam airport schiphol during a st... url url
10172,train,storm batters auckland and northland: a violent overnight storm has battered auckland and northland uprooting... url
10173,train,violent forces radio: now playing agony - storm of the apocalypse tunein player @ url
10174,val,' user : jupiter's great red spot is a violent storm larger than the entire earth. url url
10175,train,after a violent afternoon storm more severe weather heads for chicago tonight. details ----> url
10176,val,jupiter's great red spot is a violent storm larger than the entire earth. url url
10177,train,i don't understand 'taking' any life as a trophy. it's violent killing. url hashtag cecilthelion hashtag badchoices hashtag bantrophyhunting
10179,train,violent forces radio: now playing acid storm - scourgue of the gods tunein player @ url
10182,train,u.s.pacific command. i can see it! they gave their all in the peace unity festival it disappears when freedom a violent storm hit sea
10183,train,user åç the storm. a violent swell of emotions then nothing.
10184,train,user desert storm was an unqualified victory a treaty was signed. under clinton the situation only got worse and more violent. hashtag tcot
10186,val,pov footage captures violent landing from inside plane during storm url
10187,holdout,rt ' user : jupiter's red spot is a violent storm larger than the entire earth: url url
10189,train,user -- causing the entire sky around their battle to darken to a violent storm as an ungodly powerful bolt of lightning struck at--
10191,train,dramatic video shows plane landing during violent storm - url url
10192,train,dramatic video shows plane landing during violent storm url
10193,train,i think that none of us know the impact we have on the lives of those around us. even the slightest stirring can create a violent storm.
10194,train,pov video captures violent landing at amsterdam airport schiphol during a storm ... url
10195,val,storm blitzes traverse city disrupts management briefing seminars: a violent summer storm blitzed through tra... url
10197,train,this is one violent and belligerent storm. i'm enjoying watching it unfold
10198,holdout,user yikes. poor pup. what a weird violent storm.
10199,holdout,a brief violent storm swept through the chicago area sunday afternoon leading to one death and an evacuation of lollapalooza and more
10201,train,storm batters top half of north island: a violent overnight storm has battered the upper north island uprootin... url
10202,holdout,slow clap for this pilot. dramatic video shows plane landing during violent storm url
10203,train,if you were the nws wth a rotating storm w/ a report of a 'huge' / 'massive' / 'violent' tornado what would you do? url
10204,train,dramatic video shows plane landing during violent storm url
10206,train,pov video captures violent landing at amsterdam airport schiphol during a storm - daily mail url hashtag amsterdam hashtag news
10207,train,violent video: ukraine rioters brutally beat police storm local admin building we're all fighting back url
10208,train,jetstar and virgin forced to cancel bali flights again because of ash from mount raung volcano url
10209,train,nside a dragon's belly. or an ice cave under a volcano in kamchatka | photography by å©daniel korzhonov url
10210,holdout,japan aogashima volcano. by unknown - check it out! url hashtag aogashima hashtag japan hashtag photography hashtag volcano
10212,train,hashtag earthquake hashtag sismo m 1.9 - 5km s of volcano hawaii: time2015-08-06 01:04:01 utc2015-08-05 15:04:01 -10:00 at ... url
10213,train,maailiss: diaporama : sixpenceee: karymsky lake is a crater lake located in the karymsky volcanoåêinåêrussia. with aû_ url
10214,holdout,1.94 earthquake occurred 5km s of volcano hawaii at 01:04 utc! hashtag earthquake hashtag volcano url
10215,train,1.9 hashtag earthquake in 5km s of volcano hawaii hashtag iphone users download the earthquake app for more information url
10217,train,eruption of indonesian volcano sparks transport chaos: in this picture done from video mount raung inû_ url ?
10218,train,url hashtag shoes asics gt-ii super red 2.0 11 ronnie fieg kith red white 3m x gel grey volcano 2 url
10220,train,usgs reports a m1.94 hashtag earthquake 5km s of volcano hawaii on 8/6/15 @ 1:04:01 utc url hashtag quake
10222,val,usgs eq: m 1.9 - 5km s of volcano hawaii: time2015-08-06 01:04:01 utc2015-08-05 15:04:01 -10:00 a... url hashtag earthquake
10223,train,hashtag usgs m 1.9 - 5km s of volcano hawaii: time2015-08-06 01:04:01 utc2015-08-05 15:04:01 -10:00 at epicenter... url hashtag sm
10224,train,user user hill hill mountain volcano of hell mountain hill hil.
10226,train,diaporama : sixpenceee: karymsky lake is a crater lake located in the karymsky volcanoåêinåêrussia. with a... url
10229,train,m1.94 [01:04 utc]?5km s of volcano hawaii. url
10231,train,url hashtag shoes asics gt-ii super red 2.0 11 ronnie fieg kith red white 3m x gel grey volcano 2 url
10234,val,user well i'm also gay but girls like some too. so. i predict tsunami & volcano & earthquakes. a gift from god? am christian but
10236,train,i added a video to a user playlist url doc: volcanoes and earthquakes - inside the volcano
10237,holdout,not only does he know the latest research the kiddo's gi specialist sang the volcano number from inside out. now that is whole person care.
10239,train,user volcano bowl drink
10241,holdout,brian shaw + j.j. hickson + kenneth faried trying to defend lamarcus aldridge was a blood volcano url
10243,holdout,the architect behind kanye west's volcano url
10244,train,zeal is a volcano the peak of which the grass of indecisiveness does not grow
10245,train,user the volcano by it ??????
10246,val,user live somewhere else for a while and da mill ain't too bad son! hashtag perspective
10247,train,hashtag sismo m 1.9 - 5km s of volcano hawaii: time2015-08-06 01:04:01 utc2015-08-05 15:04:01 -10:00 at ep... url hashtag csismica
10249,train,this la startup is so hot that their flowers come straight from a volcano url via user
10250,train,sitting still in the hashtag cityofmemphis traffic is like sitting in a war zone! they don't move for the police.. they don't care
10251,train,zone of the enders mgs2 god of war. rt user : quote this with your favorite ps2 game
10252,val,bedroom clean bathroom clean laundry done .. shit was looking like a war zone in here ??
10253,train,this bed looks like a war zone.
10255,train,thank you to user ! our neighborhood looks like a war zone but we had power back in 4 hours!
10256,train,rip mama but i'm still thuggin cause the world is a war zone
10258,val,camping in a war zone with roving raccoons toughens city slicker url
10259,train,gears of war 1!(preview member) come chat! xb1! welcome to the danger zone!: url
10260,train,they turned jasmines house into a war zone. ?? hashtag littlewomenla
10263,val,sundays during football seasonfrom about 9 am - 11 pm women shouldn't even log onshit be a complete war zone
10264,holdout,mama i'm still thugging the world is a war zone
10265,holdout,the war on drugs has turned the u.s. into a war zone.
10268,holdout,hashtag debatequestionswewanttohear if u start another war would u b willing 2 go 2 the war-zone yourself or send ur sons and/or daughters 2 fight?
10269,train,mama i'm still thuggin the world is a war zone my homies is inmate and most of em dead wrong.
10270,train,hashtag worldwatchesferguson hashtag florida user user how dare you turn our streets into a war zone -a war against citizens?
10272,train,packing for ct aka my room looks like a war zone
10273,val,user the drive sucks in my case because i know my desk looks like a war zone and then everyone goes into the 'i need this' mode
10274,train,looks and sounds like a war zone
10275,train,how do people bake without turning their kitchen into a war zone of eggs and flour
10276,train,greedy had me in the war zone ! lmao
10278,train,user getting hit by a foul ball while sitting there is hardly a freak accident. it's a war zone.
10280,holdout,hashtag growingupblack walking past chicken frying was like entering a war zone.
10283,holdout,this is a one direction concert not a war zone what is this hashtag otrametlife url
10284,train,looks like a war zone outside. what's going on?
10286,train,70 years ago today the u.s. dropped a nuclear weapon on japan. here are some articles that share my opinion on that decisionû_
10287,train,-honey you ain't no angel. you like to scream these words as a weapon. well go ahead take your best shot woman. i wanna leave you it's
10288,val,abe government said the missiles were not 'weapon' so jsdf could provide them to the ally when collective self defense right was exercised.
10289,holdout,please allow me to reiterate it's not the weapon it's the mindset of the individual! hashtag professional hashtag help! -legion! url
10290,train,fur leather coats sprite & weapon of choice was a lifestyle chosen back in '02 url
10291,train,user nothing wrong with that. the lethal weapon series is great. yes they're all great.
10293,train,user changing my weapon!
10294,holdout,user i guess i can say you and me might have one thing in common my biological father made me this way to be his weapon
10295,train,fuck nuclear weapon
10296,train,cat of nine irons xii: this nightmarishly brutal weapon is used in ritualistic country club de url url
10297,holdout,but i will be uploading these videos asap so you guys get to see the new weapon types in action!
10299,train,gun firearm weapon vector clip art for vinyl sign cutter rifle guns weapons url url
10301,train,user do we all use the same weapon? 'cause we might be screwed xd
10302,train,user hey guys thanks for a rock in my world and for the follow????????
10303,val,user m believe my 'blue' not isis kwwwkwwwk without weapon 'blue' will hug me jiahahahha yeyeulala....
10304,train,iranian warship points weapon at u.s. helicopter official says url hashtag tcot
10305,train,breaking: obama officials gave muslim terrorist the weapon used in texas attack url
10306,train,i... i might buy my esoteric weapon for astrologian...
10307,holdout,user a nuclear bomb is a terrible weapon!!
10308,holdout,pulse rifles after weapon tuning? url
10310,train,rare insight into hashtag terror and how to fight it url hashtag cameroon hashtag usa hashtag whitehouse hashtag es hashtag fr hashtag nigeria hashtag uk hashtag africa hashtag de hashtag ca hashtag au hashtag jp
10313,train,back to back like i'm on the cover of lethal weapon
10314,train,hashtag insanelimits hashtag plugin enabled @' =tps= | tdm | 400t | hardcore | locker | weapon rules' using 3 limits
10315,val,abe's government made clear that grenades were not 'weapon.'
10316,train,only weapon im scared off is karma
10317,train,user user hate to shatter your delusions but a hatchet is a deadly weapon justifying lethal force. hashtag gunsense
10318,val,even if u have your weapon and your badge we gonna put them choppas on your ass????
10320,train,slosher is goat. freaking love that weapon. can't wait to do an episode of splatdown with it. switching to the splatling gun now.
10321,train,user you're too busy finishing those weapon designs
10322,train,so yeah splatoon is still lots of fun and default splattershot jr is still the only weapon layout i'm good at
10323,train,'education is the most powerful weapon which you can use to change the world.' nelson hashtag mandela hashtag quote url
10325,train,user i will watch your dub again it will be 100 % again ???? i also have other 3 ..will use one weapon today :p
10327,holdout,user omg... what is the sub weapon
10329,train,weapon's catalogue~
10330,train,that day remember the nuclear weapon power......hiroshima 70th
10331,train,03/08/11: police stop a 41-year-old in the bronx citing 'casing a victim or location.' no weapon is found.
10332,train,lol look how tough some people talk that live in some of the most gang infested cities in america your mouth isn't a weapon you fucking wimp
10333,train,i'm servicin in my section i'm lurkin i'm with my weapon
10334,train,iranian warship points weapon at american helicopter... url
10335,holdout,user user i agree with background checks. i just think guns or weapons in general are the great equalizer.
10336,train,hashtag kick hendrixonfire @'=blackcats= | big noob conquest | mixed maps | all weapons' for violated k/dr limit /server max 3
10337,train,agreed there - especially on automatic weapons. there's no legitimate reason for needing one user user
10338,train,the thing with rules is break it once it becomes easier the next time. url url
10339,train,i'm sorry but if you have to resort to weapons to settle something you're a pussy win or lose take your shit like a man & leave it at that
10340,train,incredulous at continued outcry of welfare being a waste of taxpayers money but never similar objection to å£100bn on nuclear weapons
10341,train,since the chemical-weapons 'red line' warning on 20 august 2012 lcc have confirmed that at least 96355 people have been killed in hashtag syria.
10342,val,weapons stolen from national guard armory in new albany still missing hashtag gunsense url
10344,val,friendly reminder that the only country to ever use nuclear weapons is the u.s. and it was against civilians. url
10345,train,hello twitter i need some book bloggers and interviews regarding my book weapons formed against me hashtag ineedexposure
10348,train,i liked a user video from user url battlefield hardline - 11 new weapons - new map - throwingknifes!
10349,train,hiroshima and nagasaki i remember all those killed in alleged us war crimes using nuclear weapons url hashtag uswarcrimes
10350,train,wooooooo rt user : call of duty: black ops 3 esports mode lets players ban weapons url url
10351,holdout,a thought on not dismantling our weapons 'yet' url
10352,train,weapons: twin knives hashtag ojoubot
10355,train,user except when ordered not to carry unauthorized weapons while on duty or in military uniforms. thats the rule fool
10358,val,ukraine argues for us weapons during pelosi's visit to kiev url url
10359,train,user thank you for supporting the president. the hashtag irandeal takes nuclear weapons out of the hands of iran and keeps everyone safer.
10360,val,mere sight of a gun makes police ûò and public ûò more aggressive experts say url
10361,train,user some old testimony of weapons used to promote conflicts tactics - corruption & infiltration of groups url
10364,train,your router is one of the latest ddos attack weapons url hashtag phone hashtag gaming hashtag tv hashtag news
10365,train,user user i love 96 gal deco to death even if it's a bit trickier to be great with. glad more weapons are getting splash wall
10366,train,hashtag battlefield 1942 forgotten hope secret weapons
10367,train,wwii memories plus lessons of hiroshima we still need nuclear weapons url hashtag denver hashtag billings hashtag rapidcity hashtag seattle hashtag cheyenne
10368,train,i think this is my plan for retirement. check out the weapons of mass instruction! hashtag bookmobile hashtag libraries hashtag reading url
10369,train,hashtag bigbrother hashtag ch4 the x-37b's big brother revealed: boeing bags $6.6m contract to design ... - daily mail url
10371,train,pm abe pledged to make every effort to seek a world without nuclear weapons. url
10372,train,user user why is there something in place to prevent skynet? because perhaps there should be! url
10374,train,i will adamantly opposed to nuclear weapons.
10375,train,wwii memories plus lessons of hiroshima we still need nuclear weapons url hashtag denver hashtag billings hashtag rapidcity hashtag seattle hashtag cheyenne
10376,train,i liked a user video from user url battlefield hardline - 11 new weapons - new map - throwingknifes!
10377,train,user user or pay it for a photo safari no weapons allowed. otherwise=they just like to kill something.
10378,train,slightly doesn't help that he has suh and wake in practice. but think he will get there. a lot of weapons! hashtag finsup url
10379,train,user no idea what this means. look at our violent crime rate without weapons. ban guns we become like mexico not australia
10380,train,death certificates safes weapons and teslas: def con 23 hashtag security url
10381,train,i liked a user video from user url battlefield hardline - 11 new weapons - new map - throwingknifes!
10382,val,navy: no charges against officer for weapons violations in chattanooga attack url
10383,train,'the reagan administration had arranged for israeli weapons to be sent to the guatemalan army url
10384,train,in memory of the victims of hiroshima and nagasaki. never again! ban nuclear weapons! : url
10385,train,hey all you love birds! we have been getting submissions for the whirlwind wedding wars and they are so fantastic! keep sending them guys!
10387,train,i stand alone don't piss and moan about my choices made if i must reap the whirlwind so be it i'll do so with demeanor calm and staid
10390,train,a quarter whirlwind. they don't see it coming.
10392,train,help i'm in a whirlwind of nostalgia
10393,train,sitting in a cafe enjoying a bite and cramming for my meeting during my whirlwind 14-hours in nyc! url
10394,train,weather forecast for thailand a whirlwind is coming ...2 september url
10395,train,only been back 10 & a whirlwind has hit jaiden started open his present straight away didn't even get chance get in & sit down lol
10396,train,life can wild when... you're caught in a whirlwind ??
10398,val,it was a whirlwind love affair that began over back fat and grew into much more.
10399,train,eyes smile. pretty smile. good hair. miss luhan in exo. ???????? url
10401,holdout,new york: a whirlwind day of activities in new york. breakfast at the millennium hotel united nations plaza. lunch... url
10402,val,pawsox owners public return from whirlwind trip to durham - knoxville news sentinel url url
10405,train,user in the u.s. government and libs made evil good and good evil. we will reap the whirlwind. lord have mercy on us.
10406,train,back from seattle tacoma and portland. whirlwind! url
10407,train,user sounds like a whirlwind life!
10409,val,i moved to england five years ago today. what a whirlwind of time it has been! url
10410,train,whirlwind medusa audio snake: 16 microphone inputs 0 returns 150 ft url url
10411,train,{info} baekhyun and suho will be attending the idol sports championship on august 10th cr: syjexo url
10412,holdout,user the sad eyes and tacit stories in your heart that night in which the whirlwind was raging
10413,val,my hashtag mantra this morning!! heading out to make a whirlwind trip down southû_ url
10414,train,whirlwind that has lasted for more than an hour and still strong. a standstill in parts of middle east.
10415,train,???? throwback thurs ?? ???? will you still love me tomorrow url ?? user ?? ?? hashtag whirlwind url
10416,train,last second outbid rt? url 30pcs 12mm ab resin flower whirlwind flatback rhinestone wedding decoration ?please fa
10418,train,two hours to get to a client meeting. whirlwind of emotions with this hashtag tubestrike
10419,train,whirlwind head scissor on user user ktfounder hashtag remymarcel hashtag frofrofroû_ url
10420,holdout,feel like i've got no control of anything that goes on in my life at the minute. hashtag whirlwind hashtag drained
10421,train,richard returns after whirlwind few days url hashtag mlb
10422,train,set a new record.... 7 states in 4 days. i don't even know where i am when i wake up anymore. what a whirlwind! loving every minute though.
10423,train,reap the whirlwind
10424,val,user back doing another jitsu making a hexagon on the ground as you laid there.* 64 palms of whirlwind * i yelled as air began to +
10426,holdout,user read whirlwind about this subject amongst others. the bomb saved millions of lives yes that's true.
10427,train,in user ? we highly recommend user hashtag titania user a whirlwind reimagining /shakespeare's midsummer url
10428,train,the whirlwind! scourge of europe! rt user or you could just watch the fanged four url
10429,train,whirlwind weekend hashtag 1 starts in 12 hours hashtag cantwaittoplayinminneapolis
10430,train,this week has been a whirlwind but this is exactly what i imagined the nyc version of my career to be like
10431,train,my girl got a girlfriend chevy blue like whirlwind.
10432,train,hashtag picthis url ûó and i'm off! thank you so much hashtag toronto. it has been such a whirlwind of amazingness. so glad i finallû_
10433,train,this past week has been an absolute whirlwind.... athens bound
10434,holdout,win: lisowski whitewashes the whirlwind 5-0 in round 2 of shanghai masters quals! | url hashtag snooker url
10436,holdout,as wild fires blacken northern california parched harris county becomes tinder box. url
10439,val,collection of articals and video of west coast wild fires by user url
10441,train,my brother-n-law riooooos got the call to head up north and fight the wild fires. dudes a beast atû_ url
10443,train,several wild fires have burned a lot of land in california. here is one of the larger fires. url url
10444,train,map shows where all of california's wildhashtag fires are burning: this map created by cal fireû_ url url
10445,train,some great footage of strong work from san bernardino county fire who is also working the wild fires right now.... url
10446,train,god forbid this is true hashtag california has enough problems with severe hashtag drought & hashtag wild fires. url hashtag nuclear power hashtag sanonofre
10448,train,firefighters headed to california to fight wild fires url
10449,train,hashtag foxdebatequestions: to what degree has obama's efforts to institute sharia law exacerbated the california wild fires?
10450,val,prayers for my cousin! he's in california helping with the wild fires.
10451,val,catastrophic wild fires threatening u.s. mid west & republicans fighting new climate change rules i guess this is the ultimate in darwinism
10455,holdout,user i was thinking about you today when i was reading about the wild fires
10456,train,user user climate change cnn weather 'specialist' warning:wild fires rain flooding noting about the sun? url
10457,val,user thanks sen. feinstein now hurry home because california is a huge uncontrolled wild fire. lightening is starting new fires.
10458,train,wild fires freak me the fuck out. like hell no
10461,train,man! what i would give to be in ca right now to help with the wild fires.
10462,train,in europe nature is kind while in us they have tornados hurricanes wild fires earthquakes flash floods mega snow droughts.
10464,val,they should just have load shedding permanently and we will all just live like we in the wild and have camp fires cook with fire etc
10466,train,firefighters from connecticut are headed to california to fight wild fires url url
10467,train,these wild fires out west are crazy.
10468,train,deep crew to help with california wild fires url via user
10470,val,user user the out of control wild fires in california even in the northern part of the state. very troubling.
10471,train,full episode: wn 08/02/15: california wild fires force 12000 to evacuate hashtag worldnews url
10472,train,man selling wild morels at ambleside farmr mart.sun.-mushroom foragesecret is to know what trees they grow under & best after forest fires
10473,train,user watching news of wild fires and hope all is ok.
10478,train,'your love will surely come find us like blazing wild fires singing your name'
10479,train,user a5 donated some fruit snacks & handi wipes to our fire fighters battling wild fires! hashtag profittothepeople
10481,train,wild land fires.. here i come. ??????
10482,holdout,user yes god doessnt change he says not to rejoice over the fall of people or calamities like wild fires ect you wanna be punished?
10483,train,my heart goes out to all those effected by the wild fires in cali????
10484,train,wild fires in california... must be global warming. can't just be extreme heat combined with dry foliage ignited by some douchebag hiker.
10485,train,does the hashtag fingerrockfire make you wonder 'am i prepared for a wildfire'. find out at url hashtag azwx url
10486,train,kc5kh mhtw4fnet crews gaining on huge northern california wildfire - cbs news
10487,holdout,fire in pisgah national forest grows to 375 acres - wsoc charlotte url
10488,train,route complex am fire update (route complex wildfire): fire update: route complex thursday morning aug... url hashtag cafire
10489,train,parker ridge fact sheet aug 6 2015 (parker ridge wildfire): information phone: 208-267-6773 email: pa... url hashtag idfire
10490,train,we should all have a fire safety plan. rt user : mock wildfire near hashtag vail as agencies prepare for the worst. url
10492,train,'some hearths they burn like a wildfire' url by bees knees
10496,train,nowplaying gt & wildfire feat. freaks in love feels like it should (original mix) massive dance radio listenlive: url
10498,train,drones under fire: officials offer $75000 reward leading to pilots who flew over wildfire url hashtag photography hashtag arts
10499,train,be ember aware! url
10500,train,california wildfire destroys more homes but crews advance url free tool online url
10502,train,hashtag idfire parker ridge fact sheet aug 6 2015 (parker ridge wildfire): information phone: 208-267-6773 email: pa... url
10503,train,is la at risk for a giant wildfire? - which way l.a.? on kcrw url
10505,train,california is battling its scariest 2015 wildfire so far. url
10506,holdout,wildfire burns on california u.s. china economic net û_ : url url
10508,train,dr. bengston on hashtag wildfire management: ûïnumbers and size of fires areas affected and costs of fighting them all show upward trend.û hashtag smem
10511,train,the latest: washington hashtag wildfire misses town; evacuations end - khq right now url
10513,train,i honestly wonder what it is that i had to do so wrong to lose everyone.
10515,val,photos: the rocky fire has grown into california's most destructive wildfire this year. url url
10516,val,wildfire near columbia river town is 50 percent contained url hashtag firenews hashtag wa url
10517,train,! residents return to destroyed homes as washington wildfire burns on url
10518,train,california is battling its scariest 2015 wildfire so far - the rocky fire url
10519,train,solitude fire update august 6 2015 (solitude wildfire): summary: this lightning-caused fire is being ... url hashtag utfire
10520,train,the latest: more homes razed by northern california wildfire - lancasteronline url hashtag lancaster
10521,val,reuters top news: photos: the rocky fire has grown into california's most ... - url hashtag newsintweets url
10522,train,this machine really captured my attention. hashtag helicopter hashtag firefighting hashtag wildfire hashtag oregon hashtag easternoregonû_ url
10523,train,user ???? bruh that's the lady from mulan!!
10524,train,for those impacted by the hashtag calwildfires here are some great recovery tips to help you in the aftermath url
10525,train,hashtag idfire cherokee road and road 22 (three sisters wildfire): there are two roads closed to the general public: ... url
10527,train,oregon's biggest wildfire slows growth url via user
10529,train,media release - firefighters ask hikers to sign-in at local trailheads (parker ridge wildfire): parker... url hashtag idfire
10533,val,the latest: hashtag wildfire destroys more homes but crews advance - wqow tv news 18 url
10534,train,hashtag california hashtag wildfire destroys more homes but crews advance. url url
10535,train,for sixth year in a row premium costs for windstorm insurance to climb. this time by 5 percent. hashtag galvnews url
10536,train,windstorm lastingness perquisite - acquiesce in a twister retreat: ziuw url
10537,train,'my fifty online dates and why i'm still single' by michael windstorm $2.99 b&n url hashtag nook hashtag books hashtag thebachelorette
10540,train,reality training: train falls off elevated tracks during windstorm url hashtag paramedic hashtag ems
10541,train,texas seeks comment on rules for changes to windstorm insurer url hashtag insurance
10543,train,ij: texas seeks comment on rules for changes to windstorm insurer url
10544,train,*looks outside at the windstorm* niiiice
10545,train,texas seeks comment on rules for changes to windstormåêinsurer url
10546,train,when i breathe it sounds like a windstorm. haha cool
10548,train,windstorm wsvr1686b cover for v-hull runabout boat including euro-style with wi url url
10550,train,nema ekiti distributed relief materials to affected victims of rain/windstorm disaster at ode-ekiti in gbonyin lga.
10551,train,reality training: train falls off elevated tracks during windstorm url
10552,train,hashtag insurance texas seeks comment on rules for changes to windstorm insurer: the texas department of insurance is... url
10553,train,hashtag nowplaying school of seven bells - windstorm hashtag wzbt
10554,train,windstorm board oks rate hike before change url hashtag politics hashtag txlege hashtag twia
10555,train,reality training: train falls off elevated tracks during windstorm url hashtag fire hashtag ems
10557,train,one thing i wanna see before i die> hashtag trump standing in a good windstorm with no hat on!!! hashtag hardball
10558,train,user the average gop voter would go to a big-tent circus in a hailstorm/windstorm no? :-)
10559,val,user ian lee's word is like 'a fart in a windstorm'. such a browner.
10560,train,texas seeks comment on rules for changes to windstorm insurer url
10561,train,reality training: train falls off elevated tracks during windstorm url
10562,train,texas seeks comment on rules for changes to windstorm insurer url
10563,holdout,my precious olive tree lost this battle...another crazy windstorm in hashtag yyc! user url
10564,train,shirley caesar - windstorm url hashtag nowplaying hashtag listenlive
10565,train,if you find your patio table umbrella and chairs flipped over and suspect foul play (instead of windstorm) you may be a suspense writer.
10566,val,i like the weird ones like rain of mystical or windstorm or ocean waves url
10567,train,a fierce windstorm can't take place without da calm/stillness of the eye/center so w/ that said ur internal aspects weigh more than external
10568,val,nw michigan hashtag windstorm (sheer) recovery updates: leelanau & grand traverse - state of emergency 2b extended url hashtag besafe
10570,train,new roof and hardy up..windstorm inspection tomorrow url
10571,train,school of seven bells - windstorm url hashtag nowplaying
10573,train,hashtag insurance: texas seeks comment on rules for changes to windstorm insurer url
10574,train,damn...was wondering where my drone ended up after the freak windstorm...?? url
10575,holdout,user don't be a fart ??in a windstorm.follow me already. jeez.
10576,val,twia board approves 5 percent rate hike: the texas windstorm insurance association (twia) board of directors v... url
10578,train,texas seeks comment on rules for changes to windstorm insurer url via user
10580,val,the windstorm blew thru my open window and now my bong is in pieces just another example of nature's indifference to human suffering
10581,train,'my fifty online dates and why i'm still single' by michael windstorm $2.99 amazon url hashtag kindle hashtag datingtips hashtag goodreads
10582,train,user had major windstorm thunder and some rain down here near jackson...calm now.
10583,val,twia board approves 5 percent rate hike: the texas windstorm insurance association (twia) board of directors v... url
10584,train,texas seeks comment on rules for changes to windstorm insurer url url
10585,train,gunmen kill four in el salvador bus attack: suspected salvadoran gang members killed four people and wounded s... url
10587,val,police officer wounded suspect dead after exchanging shots url
10588,holdout,i also loved 'bury my heart at wounded knee' too! hashtag thegame
10589,train,the whole food stamp gov. assistance program needs to be retooled for wounded veterans retirees and handicapped only. hashtag nomorehandouts
10590,train,gunmen open fire on bus near el salvador's capital killing 4 a week after gang attacks killed 8 bus drivers: url bitû_
10591,holdout,officer wounded suspect killed in exchange of gunfire: richmond police officer wounded suspect killed in exc... url
10592,train,one man fatally shot another wounded on vermont street hashtag buffalo - url
10593,train,richmond police officer wounded suspect killed url
10596,train,twilight's encore (wounded hearts book 3) by jacquie biggar url via user hashtag kindlecountdown hashtag sale hashtag mfrwauthor hashtag mgtab
10598,train,prince phillip said of the numbers of those murdered by the british at amritsar... ûïthat's a bit exaggerated it must include the woundedû.
10599,train,california cops have sketch of gunman who killed one wounded two deputies via the user app url
10600,train,police officer wounded suspect dead after exchanging shots: richmond police officer wounded suspect killed after exchange of gunfire
10601,train,let's not forget our wounded female veterans. url
10603,train,gunmen kill four in el salvador bus attack: suspected salvadoran gang members killed four people and wounded s... url
10605,holdout,have you ever seen the president who killed your wounded child? or the man that crashed your sister's plane claimin' he was sent of god?
10606,train,one man fatally shot another wounded on vermont street hashtag buffalo - url
10607,train,general audience: on wounded families | zenit - the world seen from rome url
10608,train,descriptions of 'wounded cats being 'exciting' url
10609,holdout,love is the weapon for this wounded generation <3
10610,val,user wounded and carried her back to where his brothers and sisters were and entered the air ship to go back to academia
10611,val,police officer wounded suspect dead after exchanging shots: richmond va. (ap) ûó a richmond police officer wa... url
10612,val,police officer wounded suspect dead after exchanging shots - url
10613,train,police officer wounded suspect dead after exchanging shots url hashtag abc hashtag news hashtag an247
10615,holdout,user police officer wounded suspect dead after exchanging shots url ushed
10616,train,the police chief assured the crowd that this officer-related shooting would be investigated: url url
10620,train,police officer wounded suspect dead after exchanging shots: richmond police officer wounded suspect killed a... url
10621,train,i'm liable to sound like a wounded animal during sex if the ?? is good lol
10622,holdout,officer wounded suspect killed in exchange of gunfire: richmond police officer wounded suspect killed in exc... url
10623,train,police officer wounded suspect dead after exchanging shots
10625,train,officer wounded suspect killed in exchange of gunfire: richmond police say an officer has been wounded and a ... url
10626,val,. user is serving more than 75k veterans. 52k oif/oef vets have physical wounds; many more have invisible ones url hashtag client
10627,val,[hashtag latestnews] police officer wounded suspect dead after exchanging shots: richmond va. (ap) ûó a richmond pol... url
10628,train,abc news: police officer wounded suspect dead after exchanging shots. more hashtag news - url
10629,train,national free root beer float day is tomorrow at a&w from 2pm-close!! help support the wounded warrior project with donations!! :)
10630,holdout,-- small bag from the bottom the wounded hero shakes it. a senzu bean falls from it. gohan's surprised. shakes the pouch once more but --
10631,train,user officer wounded suspect killed in exchange of gunfire url ushed
10632,train,police officer wounded suspect dead after exchanging shots: richmond police officer wounded suspect killed a... url
10636,train,gunshot wound hashtag 9 is in the bicep. the only one of the ten wounds that is not in the chest/torso area. hashtag kerricktrial hashtag jonathanferrell
10637,train,user he's getting 50 here i think. salt. wounds. rub. in.
10640,train,nout like rubbin salt in the wounds dad.. ?????? url
10641,train,read ~ the unhealed wounds of an unending conflict hashtag kashmir hashtag pakistan hashtag india url hashtag endoccupation hashtag endconflict hashtag freekashmir
10644,val,we would become the mirrors that reflected each other's most private wounds and desires.
10647,train,acc to the study conducted by skims morethan 50% population in hashtag kashmir suffer psychiatric disorders url hashtag kashmirconflict
10648,val,you are equally as scared cause this somehow started to heal you fill your wounds that you once thought were permanent.
10650,train,rt user : gunshot wound hashtag 9 is in the bicep. only 1 of the 10 wounds that is not in the chest/torso area. hashtag kerricktrial hashtag jonathanferrell
10651,train,white ppl bruise easily.. where ur bullet wounds at ?? url
10655,train,help yourself or those you love who suffer from self-esteem wounds. you can today! url url
10656,train,crack in the path where i wiped out this morning during beach run. surface wounds on left elbow and right knee. url
10657,train,dr. owen says four of ferrell's ten bullet wounds were 'rapidly lethal' hashtag kerricktrial hashtag twcnewsclt url
10658,train,user post a pic of your wounds please
10659,train,11 puncture wounds
10660,val,having your wounds kissed by someone who doesn't see them as disasters in your soul but rather cracks to pour their love into is amazing.
10662,val,user -in the vault that could take a look at those wounds of yours if you'd like to go to one of these places first.' zarry has had-
10663,val,cutting for some celebrety and then posting the wounds online is a no-go.
10665,train,if time heals all wounds how come the belly button stays the same?
10666,val,and i thought my surgical wounds were healed!!! this weather ain't helping either ):
10667,holdout,woodlawn shooting wounds 79-year-old woman teen - woodlawn - url chicago url
10669,train,it is not always friendship when kisses show up neither is it always enemity that shows up when wounds show up. hashtag bishopfred
10671,holdout,i keep scrolling to find out what he said or did....but there seems to be no exact starting point. wounds run deep. : /
10672,train,user this has opened up old baked alaskan shaped wounds. too soon gbbo too soon... hashtag neverforget
10673,train,user im glad. my gay can heal 1000 wounds
10675,train,court back in session. testimony continues with med. examiner discussing gunshot wounds hashtag kerricktrial
10676,train,user ûóher upper armûò those /friggin/ icicle projectilesûò and leg from various other wounds the girl looks like a miniature moreûó
10677,train,explosion in gaza strip kills four wounds 30; cause unknown url via user
10678,train,user i'm not sure that covering my head in wounds and scabs is the solution ;)
10679,holdout,user - man gently dabbed the cotton rag across each one of his wounds; the pain a lot more worse than glenn had ever -
10680,val,crawling in my skin these wounds they will not hea
10681,train,driver rams car into israeli soldiers wounds 3: military: a driver rammed a car into a group of israeli soldi... url
10682,train,sorrower - fresh wounds over old scars (2015 death metal) url url
10684,train,me says many of these wounds could be fatal some rather quickly others slower and a couple not lethal at all. hashtag kerricktrial
10685,train,user just hangin out in star buck watchin my boy wreck this septic tank
10686,train,user car wreck ??
10687,train,i am a wreck
10688,val,season 3 of new girl was such a emotional train wreck i just wanted to cry laugh and eat a lot of ice cream
10689,holdout,wreck? wreck wreck wreck wreck wreck wreck wreck wreck wreck wreck wreck wreck?
10690,train,did i drink too much? am i losing touch? did i build a ship to wreck?
10691,holdout,i'm a friggin wreck destiel sucks (read the vine description) url
10692,val,watertown gazette owner charged in wreck url
10693,train,how many cars do those cyclists wreck going past scratching with pedals. they should be banned hashtag c4news
10695,val,large ship wreck fish tank ornament for sale large ship wreck fish tank aqua... url
10696,holdout,user but the design decision to 'let's make something fresh and beautiful and wonderful and then wreck it' is kindof odd in restrospect
10698,train,user user why did they have to wreck it with on sale here ;-;
10700,val,ranking hashtag artectura hashtag pop2015 hashtag nå¼36 florence + the machine - ship to wreck url hashtag music hashtag playlist hashtag youtube
10702,train,the sunset boys wreck my bed original 1979 usa gimp label vinyl 7' 45 newave url url
10704,val,hashtag trump debate will be most highly watched show tonight even among progressives. i too will watch hoping for a spectacular flaming wreck.
10705,val,anyone know if fox ûïnewsû will be live-streaming tonight's republican debate online? i want to watch the train wreck.
10706,train,user have my uncles wreck their shit
10707,train,first wreck today. so so glad me and mom are okay. could've been a lot worse. so happy the lord was with us today ??????
10708,val,i'm an emotional wreck right now.
10709,train,my emotions are a train wreck. my body is a train wreck. i'm a wreck
10710,train,act my age was a mess everyone was so wild it was so fun my videos a wreck
10711,holdout,user and the wreck of the edmund fitzgerald
10712,train,gop debate drinking game. for anyone looking for a bit of fun while watching this train wreck. url url
10715,train,wreck with road blockage woodward avenue northbound at davison in m.s. hashtag shoalstraffic
10718,train,got in a car wreck. the car in front of me didn't put their blinker on :-))) but it really does feel great outside so lol
10720,train,don't think i can take anymore emotional wreck watching user hashtag summerfate user user
10721,train,the court system is truly broken indeed! but then its no surprise based on who it's run by! url
10722,train,greer man dies in wreck url
10723,train,amazondeals: skylanders trap team: flip wreck character pack - down 4.53% ($0.45) to $9.49 from $9.94 hashtag sale url
10724,train,a staged locomotive wreck what could possibly go wrong? url
10726,train,i still don't see the point of a frozen sequel like where's the wreck it ralph sequel
10727,train,i still need to finish the lover but i'm watching this other drama for 8 hours now and i'm an emotional wreck so the lover needs to wait
10729,train,omg if cain dies i will be an emotional wreck hashtag emmerdale
10730,holdout,user the loretta lynch one was fuckin' hi-larious to watch in realtime. it was like a train wreck of fact-checking and ombudsmanship.
10731,train,user lol...im just a nervous wreck :p
10732,train,amazon prime day: 12 quick takeaways from amazon's magnificent train wreck - url
10733,train,i'm an emotional wreck watching emmerdale
10735,train,wreckage 'conclusively confirmed' as from mh370: malaysia pm: investigators and the families of those who were... url
10736,train,wreckage confirmed as part of missing malaysia airlines flight mh370 url (vice news)
10737,train,wreckage 'conclusively confirmed' as from mh370: malaysia pm: investigators and the families of those who were... url
10739,holdout,mh370 victim's family furious the media was told about wreckage confirmation first url
10741,train,wreckage 'conclusively confirmed' as from mh370: malaysia pm: investigators and the families of those who were... url
10743,train,hashtag australia hashtag news ; rt janeenorman: 'high probability' aircraft wreckage is from hashtag mh370 according to deputy prime û_ url
10744,train,wreckage 'conclusively confirmed' as from mh370: malaysia pm: investigators and the families of those who were... url
10745,train,wreckage 'conclusively confirmed' as from mh370: malaysia pm: investigators and the families of those who were... url
10746,train,kuala lumpur (reuters) - a piece of a wing that washed up on an indian ocean island beach last week was part of the wreckage of malaysian a
10747,train,hashtag science now that a piece of wreckage from flight mh370 has been confirmed on rì©union island is it possible t... url
10748,train,malaysia pm confirms wreckage belongs to mh370 url url
10749,train,wreckage 'conclusively confirmed' as from mh370: malaysia pm: investigators and the families of those who were... url
10750,train,wreckage 'conclusively confirmed' as from mh370: malaysia pm: investigators and the families of those who were... url
10751,train,cia plot! *rolling eyes* rt user : chinese relatives of mh370 victims say reunion island wreckage was planted url
10752,train,wreckage 'conclusively confirmed' as from mh370: malaysia pm: investigators and the families of those who were... url
10753,train,wreckage 'conclusively confirmed' as from mh370: malaysia pm: investigators and the families of those who were... url
10754,train,wreckage 'conclusively confirmed' as from mh370: malaysia pm
10755,train,related news: plane wreckage found is part of missing mh370 malaysia prime minister?says - world - buzzfeed | url
10759,train,malaysian prime minister says reunion island wreckage is from mh370: url via user
10760,train,wreckage 'conclusively confirmed' as from mh370: malaysia pm: investigators and the families of those who were... url
10763,holdout,the first piece of wreckage from the first-ever lost boeing 777 which vanished back in early march along with the 239 people on board has
10764,train,wreckage 'conclusively confirmed' as from mh370: malaysia pm: investigators and the families of those who were... url
10765,train,hashtag science now that a piece of wreckage from flight mh370 has been confirmed on rì©union island is it possible t... url
10766,train,wreckage 'conclusively confirmed' as from mh370: malaysia pm: investigators and the families of those who were... url
10767,train,wreckage 'conclusively confirmed' as from mh370: malaysia pm: investigators and the families of those who were... url
10768,holdout,wreckage is mh370: najib url hashtag mh370 hashtag najibrazak hashtag malaysiaairlines
10769,train,check out 'malaysia confirms plane wreckage is from flight mh370' at url
10770,train,hashtag science now that a piece of wreckage from flight mh370 has been confirmed on rì©union island is it possible t... url
10771,train,wreckage 'conclusively confirmed' as from mh370: malaysia pm
10772,train,wreckage 'conclusively confirmed' as from mh370: malaysia pm: investigators and the families of those who were... url
10774,train,wreckage 'conclusively confirmed' as from mh370: malaysia pm url | url
10775,train,wreckage 'conclusively confirmed' as from mh370: malaysia pm: investigators and the families of those who were... url
10776,train,wreckage 'conclusively confirmed' as from mh370: malaysia pm
10777,train,wreckage 'conclusively confirmed' as from mh370: malaysia pm: investigators and the families of those who were... url
10779,train,wreckage 'conclusively confirmed' as from mh370: malaysia pm: investigators and the families of those who were... url
10780,train,wreckage 'conclusively confirmed' as from mh370: malaysia pm: investigators and the families of those who were... url
10782,train,wreckage 'conclusively confirmed' as from mh370: malaysia pm: investigators and the families of those who were... url
10783,train,wreckage 'conclusively confirmed' as from missing flight mh370 via user
10784,train,wreckage 'conclusively confirmed' as from mh370: malaysia pm: investigators and the families of those who were... url
10785,train,wrecked an hour on youtube with user user & user and now it's practice time again.
10786,train,late night mcdonalds with friends = hilarious although my car is wrecked and there's half a steak pastie in the industrial estate
10787,train,good luck to everyone who has school soon but your sleeping schedule is wrecked beyond repair
10788,train,i wonder how times someone has wrecked trying to do the 'stare and drive' move from 2 fast 2 furious
10789,train,four hundred wrecked cars (costing $100 apiece) were purchased for the making of this 1986 film - url
10790,train,cramer: iger's 3 words that wrecked disney's stock ûòåêcnbc url
10793,train,poor liv and i getting our phones wrecked on the same day user hashtag thatswhatfriendsarefor
10794,train,on the freeway to africa til i wrecked my audi
10795,holdout,israel wrecked my home. now it wants my land. url
10798,train,hashtag news cramer: iger's 3 words that wrecked disney's stock url hashtag til_now hashtag cnbc
10799,holdout,james kunstler: how bad architecture wrecked cities url hashtag residualincome hashtag mlm url
10800,train,url iger's 3 words that wrecked disney's stock url url
10802,train,the twitter update pretty much wrecked the app
10803,train,you wrecked me. never felt so low in my life. but it's okay god got me
10805,val,coleslaw hashtag wrecked url
10808,train,300k exotic car wrecked in train accident url
10809,holdout,the twins pitcher's ego is now wrecked
10810,holdout,user lol. u got wrecked
10811,val,you wrecked my whole world
10812,val,i wrecked my stomach help
10813,train,user user he not gonna be thinking that when he gets his shit wrecked on the first day of school ??
10814,holdout,wrecked tired but not gonna be asleep before 3??
10815,train,url cramer: iger's 3 words that wrecked disney's stock url
10817,train,wrecked emotions.
10818,train,the riddler would be the best early-exit primary presidential wannabe ever all certain of his chances until he gets wrecked by a rich guy
10819,train,user that's beyond adorable. i hope it won't be wrecked now that it's been noticed ...
10821,train,cramer: iger's 3 words that wrecked disney's stock url hashtag cnbc hashtag topnews
10822,train,user see u the night wee barra to get absolutely wrecked ????
10823,val,user user did you get wrecked again?
10824,train,had an awesome time gettin wrecked at bowling last night! url
10825,val,cramer: 3 words that wrecked dis stock - url
10826,val,on the bright side i wrecked url
10827,val,he just wrecked all of you url
10829,train,user ... he's gone. you can relax. i thought the wife who wrecked her cake was a goner mind lol hashtag whoops
10830,val,user user and i wrecked you both
10831,holdout,three days off from work and they've pretty much all been wrecked hahaha shoutout to my family for that one
10832,train,hashtag fx hashtag forex hashtag trading cramer: iger's 3 words that wrecked disney's stock url
10833,train,user great atmosphere at the british lion gig tonight. hearing is wrecked. url
10834,train,cramer: iger's 3 words that wrecked disney's stock - cnbc url
10835,holdout,pic of 16yr old pkk suicide bomber who detonated bomb in turkey army trench released url url
10837,holdout,these boxes are ready to explode! exploding kittens finally arrived! gameofkittens hashtag explodingkittensû_ url
10839,val,calgary police flood road closures in calgary. url
10840,train,hashtag sismo detectado hashtag japì_n 15:41:07 seismic intensity 0 iwate miyagi jst #?? url
10841,train,sirens everywhere!
10842,train,breaking: hashtag isis claims responsibility for mosque attack in saudi arabia that killed 13 url url
10843,train,omg earthquake
10844,val,severe weather bulletin no. 5 for: typhoon ûïhashtag hannaphû (soudelor) tropical cyclone: warning issued at 5:00 pm 06... url û_
10846,train,heat wave warning aa? ayyo dei. just when i plan to visit friends after a year.
10847,train,an is group suicide bomber detonated an explosives-packed vest in a mosque inside a saudi special forces headquarters killing 15 people.
10848,train,i just heard a really loud bang and everyone is asleep great
10849,val,a gas thing just exploded and i heard screams and now the whole street smells of gas ... ??
10850,train,nws: flash flood warning continued for shelby county until 08:00 pm wednesday. url hashtag tnwx
10851,train,rt user : hashtag nws issues severe hashtag thunderstorm warnings for parts of hashtag ar hashtag nc hashtag ok. expect more trauma cases: url
10852,train,#??? #?? #??? #??? mh370: aircraft debris found on la reunion is from missing malaysia airlines ... url
10853,val,father-of-three lost control of car after overtaking and collided hashtag bathandnortheastsomerset url
10854,train,1.3 hashtag earthquake in 9km ssw of anza california hashtag iphone users download the earthquake app for more information url
10855,train,evacuation order lifted for town of roosevelt: url url
10859,val,hashtag breaking hashtag la refugio oil spill may have been costlier bigger than projected url
10860,train,a siren just went off and it wasn't the forney tornado warning ??
10862,holdout,officials say a quarantine is in place at an alabama home over a possible ebola case after developing symptoms... url
10863,train,hashtag worldnews fallen powerlines on g:link tram: update: fire crews have evacuated up to 30 passengers who were tr... url
10864,train,on the flip side i'm at walmart and there is a bomb and everyone had to evacuate so stay tuned if i blow up or not
10866,val,suicide bomber kills 15 in saudi security site mosque - reuters via world - google news - wall ... url
10867,train,hashtag stormchase violent record breaking ef-5 el reno oklahoma tornado nearly runs over ... - url url
10869,train,two giant cranes holding a bridge collapse into nearby homes url
10870,val,user user the out of control wild fires in california even in the northern part of the state. very troubling.
10871,train,m1.94 [01:04 utc]?5km s of volcano hawaii. url
10872,train,police investigating after an e-bike collided with a car in little portugal. e-bike rider suffered serious non-life threatening injuries.
10873,val,the latest: more homes razed by northern california wildfire - abc news url
